CNPJ;Razão Social;Código da categoria;Descrição da categoria;Código da atividade;Descrição da atividade;Data de início da atividade;Data de término da atividade;Potenc. de Pol. da atividade;Município;Estado;Latitude;Longitude;Situação cadastral;Última Atualização Relatório
1137217000372;ALQUIMIA PRODUTOS QUIMICOS PARA INDUSTRIAS LTDA;15;Indústria Química;1;Produção de substâncias e fabricação de produtos químicos;17/03/2025;;Alto;RIO BRANCO;ACRE;-9,943306;-67,871056;Ativa;21/03/2026 20:26
2329713001605;TIMAC AGRO INDUST E COMERCIO DE FERTILIZANTES LTDA;15;Indústria Química;1;Produção de substâncias e fabricação de produtos químicos;02/03/2009;06/12/2012;Alto;SANTA LUZIA DO NORTE;ALAGOAS;-9,602778;-35,821917;Ativa;21/03/2026 20:26
4487566000140;INTERACTA QUIMICA LTDA;15;Indústria Química;1;Produção de substâncias e fabricação de produtos químicos;01/07/2022;;Alto;MACEIO;ALAGOAS;-9,578056;-35,7525;Ativa;21/03/2026 20:26
5862270000125;CAPE AGUAS NORDESTE INDUSTRIA E COMERCIO LTDA;15;Indústria Química;1;Produção de substâncias e fabricação de produtos químicos;07/03/2006;;Alto;MARECHAL DEODORO;ALAGOAS;-9,669167;-35,839556;Ativa;21/03/2026 20:26
7564043000149;NUPRIME SOLUTIONS LTDA;15;Indústria Química;1;Produção de substâncias e fabricação de produtos químicos;11/05/2017;;Alto;SANTA LUZIA DO NORTE;ALAGOAS;-9,608056;-35,825556;Ativa;21/03/2026 20:26
10805331000152;SANFERTIL SANTO ANTONIO FERTILIZANTES LTDA;15;Indústria Química;1;Produção de substâncias e fabricação de produtos químicos;01/01/2001;13/12/2016;Alto;SAO LUIS DO QUITUNDE;ALAGOAS;-9,298478;-35,563639;Ativa;21/03/2026 20:26
16619418000111;OLEO FUSEL DO NORDESTE LTDA - ME;15;Indústria Química;1;Produção de substâncias e fabricação de produtos químicos;30/07/2012;;Alto;ATALAIA;ALAGOAS;-9,505;-36,044694;Ativa;21/03/2026 20:26
21355903000165;BHR  INDÚSTRIA E COMÉRCIO DE PRODUTOS QUÍMICOS LTDA;15;Indústria Química;1;Produção de substâncias e fabricação de produtos químicos;06/04/2018;17/11/2021;Alto;MARECHAL DEODORO;ALAGOAS;-9,682;-35,83325;Ativa;21/03/2026 20:26
24380578000260;WHITE MARTINS GASES INDUSTRIAIS DO NORDESTE LTDA;15;Indústria Química;1;Produção de substâncias e fabricação de produtos químicos;01/01/2004;;Alto;MACEIO;ALAGOAS;-9,621917;-35,739056;Ativa;21/03/2026 20:26
24380578003951;WHITE MARTINS GASES INDUSTRIAIS DO NORDESTE LTDA;15;Indústria Química;1;Produção de substâncias e fabricação de produtos químicos;01/03/1993;;Alto;MARECHAL DEODORO;ALAGOAS;-9,723889;-35,901917;Ativa;21/03/2026 20:26
34488264000158;RN DISTRIBUIDORA E FABRICAÇÃO DE PRODUTOS DE LIMPEZA EM GERALEIRELI;15;Indústria Química;1;Produção de substâncias e fabricação de produtos químicos;09/08/2019;;Alto;SANTANA DO MUNDAU;ALAGOAS;-9,170833;-36,223056;Ativa;21/03/2026 20:26
42150391002114;BRASKEM S.A. - PVC;15;Indústria Química;1;Produção de substâncias e fabricação de produtos químicos;01/06/2004;;Alto;MARECHAL DEODORO;ALAGOAS;-9,670278;-35,825556;Ativa;21/03/2026 20:26
42150391002203;BRASKEM S.A. - CLORO SODA;15;Indústria Química;1;Produção de substâncias e fabricação de produtos químicos;02/06/2004;;Alto;MACEIO;ALAGOAS;-9,693889;-35,76025;Ativa;21/03/2026 20:26
48716171000148;CAVALO MARINHO QUIMICA LTDA;15;Indústria Química;1;Produção de substâncias e fabricação de produtos químicos;24/11/2022;;Alto;MACEIO;ALAGOAS;-9,5527;-35,759331;Ativa;21/03/2026 20:26
634562000197;ICTEC INDUSTRIA COMERCIO E REPRESENTAÇÕES LTDA;15;Indústria Química;1;Produção de substâncias e fabricação de produtos químicos;01/01/2002;03/08/2012;Alto;MANAUS;AMAZONAS;-3,130847;-60,007883;Ativa;21/03/2026 20:26
1189082000127;JORGE CAVALCANTE DA SILVA - ME;15;Indústria Química;1;Produção de substâncias e fabricação de produtos químicos;17/01/2006;13/05/2016;Alto;MANAUS;AMAZONAS;-3,128611;-60,039722;Ativa;21/03/2026 20:26
2019257000110;NITRON DA AMAZONIA INDUSTRIA E COMERCIO LTDA;15;Indústria Química;1;Produção de substâncias e fabricação de produtos químicos;02/01/2014;;Alto;MANAUS;AMAZONAS;-3,09525;-59,936333;Ativa;21/03/2026 20:26
2084922000150;GAZZON GASES INDUSTRIAIS;15;Indústria Química;1;Produção de substâncias e fabricação de produtos químicos;02/01/2017;;Alto;MANAUS;AMAZONAS;-3,087556;-59,927806;Ativa;21/03/2026 20:26
2777131001349;HENKEL LTDA.;15;Indústria Química;1;Produção de substâncias e fabricação de produtos químicos;16/01/2009;07/05/2015;Alto;MANAUS;AMAZONAS;-3,087167;-59,949417;Ativa;21/03/2026 20:26
3774156000118;BRASMAN INDUSTRIA COMERCIO DE SANEANTES LTDA;15;Indústria Química;1;Produção de substâncias e fabricação de produtos químicos;04/04/2008;;Alto;MANAUS;AMAZONAS;-3,072528;-60,049278;Ativa;21/03/2026 20:26
4222428000130;COIMPA INDUSTRIAL LTDA;15;Indústria Química;1;Produção de substâncias e fabricação de produtos químicos;01/01/2001;;Alto;MANAUS;AMAZONAS;-2,921056;-60,029278;Ativa;21/03/2026 20:26
4365532000345;OTICA A ESPECIALISTA LIMITADA;15;Indústria Química;1;Produção de substâncias e fabricação de produtos químicos;30/04/2017;;Alto;MANAUS;AMAZONAS;-3,135556;-60,020278;Ativa;21/03/2026 20:26
4420916000151;EMAM - EMULSÕES E TRANSPORTES LTDA;15;Indústria Química;1;Produção de substâncias e fabricação de produtos químicos;01/10/2003;;Alto;MANAUS;AMAZONAS;-3,103417;-60,066917;Ativa;21/03/2026 20:26
4653459000145;QUÍMICA CREDIE LTDA;15;Indústria Química;1;Produção de substâncias e fabricação de produtos químicos;01/01/2002;;Alto;MANAUS;AMAZONAS;-3,115306;-59,962806;Ativa;21/03/2026 20:26
4807608000183;VALGROUP AM INDUSTRIA DE EMBALAGENS FLEXIVEIS LTDA;15;Indústria Química;1;Produção de substâncias e fabricação de produtos químicos;01/10/2002;23/10/2002;Alto;MANAUS;AMAZONAS;-3,173417;-60,029278;Ativa;21/03/2026 20:26
5099585000405;CBAA ASFALTOS LTDA;15;Indústria Química;1;Produção de substâncias e fabricação de produtos químicos;01/03/2023;;Alto;MANAUS;AMAZONAS;-2,980917;-60,014917;Ativa;21/03/2026 20:26
5914165000192;CARBOXI INDUSTRIA E COMERCIO DE GASES LTDA;15;Indústria Química;1;Produção de substâncias e fabricação de produtos químicos;22/09/2013;;Alto;MANAUS;AMAZONAS;-3,113056;-59,915667;Ativa;21/03/2026 20:26
6149282000170;ADITEX INDÚSTRIA E COMÉRCIO DE ADITIVOS QUIMICOS LTDA;15;Indústria Química;1;Produção de substâncias e fabricação de produtos químicos;27/04/2005;;Alto;MANAUS;AMAZONAS;-3,183306;-60,033306;Ativa;21/03/2026 20:26
6328419000153;J.C. LAUTHARTH;15;Indústria Química;1;Produção de substâncias e fabricação de produtos químicos;30/04/2004;18/09/2018;Alto;MANAUS;AMAZONAS;-3,084167;-59,978611;Ativa;21/03/2026 20:26
7312248000307;RLX FLUOROCHEMICAL IMPORTADORA E EXPORTADORA LTDA;15;Indústria Química;1;Produção de substâncias e fabricação de produtos químicos;19/01/2017;;Alto;MANAUS;AMAZONAS;-3,051917;-60,025;Ativa;21/03/2026 20:26
8014346000150;3M MANAUS INDUSTRIA DE PRODUTOS QUIMICOS LTDA;15;Indústria Química;1;Produção de substâncias e fabricação de produtos químicos;01/05/2007;;Alto;MANAUS;AMAZONAS;-2,904417;-59,975806;Ativa;21/03/2026 20:26
11102653000106;EM CONSTRUÇAO E MANUTENCAO AUTOMOTIVA LTDA -EPP;15;Indústria Química;1;Produção de substâncias e fabricação de produtos químicos;13/01/2014;;Alto;MANAUS;AMAZONAS;-2,990278;-59,988611;Ativa;21/03/2026 20:26
12130846000125;DIPAR DA AMAZONIA LTDA;15;Indústria Química;1;Produção de substâncias e fabricação de produtos químicos;28/06/2010;;Alto;MANAUS;AMAZONAS;-3,08;-60,036056;Ativa;21/03/2026 20:26
19917881000219;THE CHEMOURS COMPANY INDUSTRIA E COMERCIO DE PRODUTOS QUIMICOS LTDA.;15;Indústria Química;1;Produção de substâncias e fabricação de produtos químicos;06/12/2016;;Alto;MANAUS;AMAZONAS;-3,0975;-59,945806;Ativa;21/03/2026 20:26
20342173000103;TERRAMAZONIA INDÚSTRIA E COMÉRCIO DE PRODUTOS NATURAIS DA AMAZÔNIA LTDA;15;Indústria Química;1;Produção de substâncias e fabricação de produtos químicos;28/05/2014;;Alto;MANAUS;AMAZONAS;-3,136789;-59,987578;Ativa;21/03/2026 20:26
22298504000172;GASES DA AMAZONIA LTDA;15;Indústria Química;1;Produção de substâncias e fabricação de produtos químicos;26/04/2022;;Alto;MANAUS;AMAZONAS;-2,927467;-59,999597;Ativa;21/03/2026 20:26
23008295000148;PS SERVICOS DE CONSTRUCOES LTDA;15;Indústria Química;1;Produção de substâncias e fabricação de produtos químicos;01/01/2014;;Alto;MANAUS;AMAZONAS;-3,126667;-59,993306;Ativa;21/03/2026 20:26
23647365000965;BAUMINAS QUIMICA N/NE LTDA;15;Indústria Química;1;Produção de substâncias e fabricação de produtos químicos;10/04/2015;;Alto;MANAUS;AMAZONAS;-3,058167;-59,906389;Ativa;21/03/2026 20:26
27187941000132;A. FONTES DE SOUZA EIRELI;15;Indústria Química;1;Produção de substâncias e fabricação de produtos químicos;24/02/2017;;Alto;MANAUS;AMAZONAS;-3,109167;-59,958889;Ativa;21/03/2026 20:26
30807045000133;BMV SERVIÇOS DE ENGENHARIA LTDA;15;Indústria Química;1;Produção de substâncias e fabricação de produtos químicos;22/07/2020;16/06/2025;Alto;MANAUS;AMAZONAS;-3,080917;-60,013167;Ativa;21/03/2026 20:26
33517729000199;3 ELEMENTUS SERVICOS DE SOLUCOES AMBIENTAIS, INDUSTRIA E COMERCIO DE PRODUTOS QUIMICOS LTDA;15;Indústria Química;1;Produção de substâncias e fabricação de produtos químicos;29/09/2022;;Alto;MANAUS;AMAZONAS;-3,118989;-59,933697;Ativa;21/03/2026 20:26
34189661000129;CONSFFER SANITIZACAO E RECURSOS HUMANOS LTDA;15;Indústria Química;1;Produção de substâncias e fabricação de produtos químicos;06/06/2024;;Alto;MANAUS;AMAZONAS;-3,13575;-60,013667;Ativa;21/03/2026 20:26
34582973000106;ALFATEC INDÚSTRIA E COMÉRCIO LTDA;15;Indústria Química;1;Produção de substâncias e fabricação de produtos químicos;01/01/2001;;Alto;MANAUS;AMAZONAS;-3,130056;-59,981667;Ativa;21/03/2026 20:26
34597955000432;WHITE MARTINS GASES INDUSTRIAIS DO NORTE LTDA;15;Indústria Química;1;Produção de substâncias e fabricação de produtos químicos;01/01/2001;;Alto;MANAUS;AMAZONAS;-3,106056;-59,939167;Ativa;21/03/2026 20:26
35617510000197;ESTRUTURA COMÉRCIO E TRANSPÓRTES DE ASFALTO LTDA.;15;Indústria Química;1;Produção de substâncias e fabricação de produtos químicos;17/08/2023;;Alto;MANAUS;AMAZONAS;-3,080278;-59,983889;Ativa;21/03/2026 20:26
38311680000137;PAIXÃO E OLIVEIRA INDUSTRIA DO GELO LTDA;15;Indústria Química;1;Produção de substâncias e fabricação de produtos químicos;02/09/2020;;Alto;PARINTINS;AMAZONAS;-2,6425;-56,735278;Ativa;21/03/2026 20:26
54612650000117;ESSILOR DA AMAZONIA INDÚSTRIA COMERCIO LTDA;15;Indústria Química;1;Produção de substâncias e fabricação de produtos químicos;01/01/2001;;Alto;MANAUS;AMAZONAS;-3,112056;-59,954556;Ativa;21/03/2026 20:26
59128553001220;STRATURA ASFALTOS LTDA.;15;Indústria Química;1;Produção de substâncias e fabricação de produtos químicos;01/01/2001;;Alto;MANAUS;AMAZONAS;-3,080806;-59,984056;Ativa;21/03/2026 20:26
60397874000407;FUJIFILM DO BRASIL LTDA;15;Indústria Química;1;Produção de substâncias e fabricação de produtos químicos;01/06/2013;;Alto;MANAUS;AMAZONAS;-3,071111;-60,0325;Ativa;21/03/2026 20:26
63634596000100;CARBOMAN - GAS CARBONICO DE MANAUS LTDA;15;Indústria Química;1;Produção de substâncias e fabricação de produtos químicos;01/01/2001;;Alto;MANAUS;AMAZONAS;-3,024417;-60,021389;Ativa;21/03/2026 20:26
63640643000110;OX-RED QUÍMICA LTDA.;15;Indústria Química;1;Produção de substâncias e fabricação de produtos químicos;01/01/2001;;Alto;MANAUS;AMAZONAS;-3,108889;-59,958583;Ativa;21/03/2026 20:26
63687701000160;FABRIL ROMANA LTDA;15;Indústria Química;1;Produção de substâncias e fabricação de produtos químicos;07/11/2008;03/11/2023;Alto;MANAUS;AMAZONAS;-3,118575;-60,029297;Ativa;21/03/2026 20:26
84590892000703;HERMASA NAVEGAÇÃO DA AMAZÔNIA LTDA;15;Indústria Química;1;Produção de substâncias e fabricação de produtos químicos;01/01/2001;02/04/2015;Alto;ITACOATIARA;AMAZONAS;-3,141917;-58,4575;Ativa;21/03/2026 20:26
34865808000234;DULCELINA C.BARBOSA -EPP;15;Indústria Química;1;Produção de substâncias e fabricação de produtos químicos;01/10/2025;;Alto;MACAPA;AMAPA;0,016667;-51,172808;Ativa;21/03/2026 20:26
75017000108;QUIMIL INDÚSTRIA E COMÉRCIO S/A;15;Indústria Química;1;Produção de substâncias e fabricação de produtos químicos;24/05/1994;;Alto;SIMOES FILHO;BAHIA;-12,809167;-38,445556;Ativa;21/03/2026 20:26
117842000128;CIBRAFERTIL CIA BRASIL. DE FERTILIZANTES;15;Indústria Química;1;Produção de substâncias e fabricação de produtos químicos;01/01/2002;;Alto;CAMACARI;BAHIA;-12,695556;-38,3275;Ativa;21/03/2026 20:26
269667000194;C L GOBBI;15;Indústria Química;1;Produção de substâncias e fabricação de produtos químicos;01/01/2002;;Alto;BARREIRAS;BAHIA;-12,1425;-44,967778;Ativa;21/03/2026 20:26
331788002081;AIR LIQUIDE BRASIL LTDA;15;Indústria Química;1;Produção de substâncias e fabricação de produtos químicos;26/03/2003;;Alto;CANDEIAS;BAHIA;-12,767778;-38,472778;Ativa;21/03/2026 20:26
331788002162;AIR LIQUIDE BRASIL LTDAHTTPS://SERVICOS.IBAMA.GOV.BR/CTF/BASE/IMAGENS/LIXEIRA.GIF;15;Indústria Química;1;Produção de substâncias e fabricação de produtos químicos;01/07/2003;;Alto;SIMOES FILHO;BAHIA;-12,826056;-38,421167;Ativa;21/03/2026 20:26
1496552000103;BVLVIDA FERTILIZANTES LTDA;15;Indústria Química;1;Produção de substâncias e fabricação de produtos químicos;23/10/1996;;Alto;BARREIRAS;BAHIA;-12,057167;-45,606917;Ativa;21/03/2026 20:26
1627119000151;IPC DO NORDESTE LTDA;15;Indústria Química;1;Produção de substâncias e fabricação de produtos químicos;28/11/1996;;Alto;CAMACARI;BAHIA;-12,675917;-38,317056;Ativa;21/03/2026 20:26
2329713003900;TIMAC AGRO INDUSTRIA E COMERCIO DE FERTILIZANTES LTDA;15;Indústria Química;1;Produção de substâncias e fabricação de produtos químicos;15/02/2023;;Alto;CAMACARI;BAHIA;-12,641056;-38,324417;Ativa;21/03/2026 20:26
2634915000508;BIRLA CARBON BRASIL LTDA;15;Indústria Química;1;Produção de substâncias e fabricação de produtos químicos;22/08/2007;;Alto;CAMACARI;BAHIA;-12,652167;-38,338056;Ativa;21/03/2026 20:26
2701679000171;RESINTEC INDUSTRIA LTDA;15;Indústria Química;1;Produção de substâncias e fabricação de produtos químicos;03/10/2013;;Alto;SIMOES FILHO;BAHIA;-12,822514;-38,386231;Ativa;21/03/2026 20:26
2771678000101;PECOM ENERGIA DO BRASIL S.A.;15;Indústria Química;1;Produção de substâncias e fabricação de produtos químicos;31/03/2022;;Alto;LAURO DE FREITAS;BAHIA;-12,901111;-38,334722;Ativa;21/03/2026 20:26
2976581000550;TETRA TECHNOLOGIES DO BRASIL LTDA;15;Indústria Química;1;Produção de substâncias e fabricação de produtos químicos;18/09/2019;;Alto;POJUCA;BAHIA;-12,416831;-38,334856;Ativa;21/03/2026 20:26
3100745000110;GCS INDUSTRIAS REUNIDAS LTDA;15;Indústria Química;1;Produção de substâncias e fabricação de produtos químicos;01/02/2017;;Alto;BARREIRAS;BAHIA;-12,142619;-44,972581;Ativa;21/03/2026 20:26
3391001000526;P.Q.A. PRODUTOS QUIMICOS ARACRUZ S/A;15;Indústria Química;1;Produção de substâncias e fabricação de produtos químicos;10/07/2015;29/04/2016;Alto;SALVADOR;BAHIA;-12,790278;-38,485;Ativa;21/03/2026 20:26
3928294000104;ITF CHEMICAL LTDA;15;Indústria Química;1;Produção de substâncias e fabricação de produtos químicos;27/06/2000;;Alto;CAMACARI;BAHIA;-12,633889;-38,323056;Ativa;21/03/2026 20:26
4535453000416;BRASCERAS S.A. INDÚSTRIA E COMÉRCIO;15;Indústria Química;1;Produção de substâncias e fabricação de produtos químicos;15/02/2021;;Alto;MADRE DE DEUS;BAHIA;-12,737167;-38,609417;Ativa;21/03/2026 20:26
5826228000159;CORLEX INDUSTRIA E COMERCIO DE PRODUTOS PLASTICOS LTDA;15;Indústria Química;1;Produção de substâncias e fabricação de produtos químicos;28/07/2003;;Alto;CAMACARI;BAHIA;-12,693056;-38,305556;Ativa;21/03/2026 20:26
5869996000190;NOURYON PULP AND PERFORMANCE INDÚSTRIA QUÍMICA BAHIA LTDA;15;Indústria Química;1;Produção de substâncias e fabricação de produtos químicos;01/01/2005;;Alto;EUNAPOLIS;BAHIA;-16,086278;-39,410556;Ativa;21/03/2026 20:26
6291866000185;TOP MIL INDUSTRIA E COMERCIO LTDA;15;Indústria Química;1;Produção de substâncias e fabricação de produtos químicos;03/11/2005;;Alto;FEIRA DE SANTANA;BAHIA;-12,285528;-38,974306;Ativa;21/03/2026 20:26
6342702000130;CRISTALINA IMÓVEIS LTDA;15;Indústria Química;1;Produção de substâncias e fabricação de produtos químicos;01/07/2004;21/12/2015;Alto;SAO DESIDERIO;BAHIA;-11,816667;-43,033306;Ativa;21/03/2026 20:26
7080388000127;OLEOQUIMICA IND. E COMERCIO DE PRODUTOS QUIMICO LT;15;Indústria Química;1;Produção de substâncias e fabricação de produtos químicos;18/06/2008;;Alto;CAMACARI;BAHIA;-12,696389;-38,323306;Ativa;21/03/2026 20:26
7704914000344;ORBI QUIMICA LTDA;15;Indústria Química;1;Produção de substâncias e fabricação de produtos químicos;26/03/2015;;Alto;CAMACARI;BAHIA;-12,666389;-38,298556;Ativa;21/03/2026 20:26
7885405000101;S.R.R. - SOLUÇOES E RECICLAGEM DE RESÍDUOS LTDA;15;Indústria Química;1;Produção de substâncias e fabricação de produtos químicos;15/03/2006;;Alto;JUAZEIRO;BAHIA;-9,522333;-40,45475;Ativa;21/03/2026 20:26
8290429000172;PEROXY BAHIA INDÚSTRIA QUÍMICA LTDA;15;Indústria Química;1;Produção de substâncias e fabricação de produtos químicos;14/09/2006;;Alto;CAMACARI;BAHIA;-12,683306;-38,232417;Ativa;21/03/2026 20:26
8704551000148;SULAMERICANA QUIMICA LTDA;15;Indústria Química;1;Produção de substâncias e fabricação de produtos químicos;13/03/2007;;Alto;SIMOES FILHO;BAHIA;-12,829167;-38,423306;Ativa;21/03/2026 20:26
8814961000494;PULVITEC DO BRASIL INDUSTRIA E COMERCIO DE COLAS E ADESIVOS LTDA;15;Indústria Química;1;Produção de substâncias e fabricação de produtos químicos;14/10/2024;;Alto;FEIRA DE SANTANA;BAHIA;-12,287192;-38,963922;Ativa;21/03/2026 20:26
10648922000163;ALL EFLUENTES DO NORDESTE LTDA;15;Indústria Química;1;Produção de substâncias e fabricação de produtos químicos;18/02/2009;26/09/2016;Alto;CAMACARI;BAHIA;-12,659667;-38,314667;Ativa;21/03/2026 20:26
10745687000229;VITTA QUIMICA INDUSTRIA E COMERCIO LTDA;15;Indústria Química;1;Produção de substâncias e fabricação de produtos químicos;28/03/2017;;Alto;SIMOES FILHO;BAHIA;-12,829806;-38,434806;Ativa;21/03/2026 20:26
10893901000294;GLOBAL CROPS INDUSTRIA E COMERCIO DE PRODUTOS AGRICOLAS LTDA;15;Indústria Química;1;Produção de substâncias e fabricação de produtos químicos;01/01/2023;;Alto;LAURO DE FREITAS;BAHIA;-12,874556;-38,322417;Ativa;21/03/2026 20:26
10904646000157;FORTAL INDUSTRIA E COMERCIO S/A;15;Indústria Química;1;Produção de substâncias e fabricação de produtos químicos;02/08/2017;;Alto;CANDEIAS;BAHIA;-12,715556;-38,491056;Ativa;21/03/2026 20:26
13546106000137;MOEVE QUIMICA BRASIL S.A.;15;Indústria Química;1;Produção de substâncias e fabricação de produtos químicos;01/01/2001;;Alto;CAMACARI;BAHIA;-12,662917;-38,302917;Ativa;21/03/2026 20:26
13661609000153;FLOPAM DO BRASIL INDUSTRIA QUIMICA LTDA;15;Indústria Química;1;Produção de substâncias e fabricação de produtos químicos;17/07/2019;;Alto;CAMACARI;BAHIA;-12,693417;-38,225167;Ativa;21/03/2026 20:26
13788120000490;ELEKEIROZ S.A.;15;Indústria Química;1;Produção de substâncias e fabricação de produtos químicos;01/01/2004;;Alto;CAMACARI;BAHIA;-12,706728;-38,326297;Ativa;21/03/2026 20:26
13788120001038;ELEKEIROZ S/A;15;Indústria Química;1;Produção de substâncias e fabricação de produtos químicos;04/10/2013;;Alto;CAMACARI;BAHIA;-12,706694;-38,326278;Ativa;21/03/2026 20:26
13818729000111;POSTO DE SERVIÇOS UNIÃO LTDA;15;Indústria Química;1;Produção de substâncias e fabricação de produtos químicos;01/04/2002;20/09/2002;Alto;JOAO DOURADO;BAHIA;-11,348889;-41,665278;Ativa;21/03/2026 20:26
15109739000103;CCC - COMPANHIA DE CARBONOS COLOIDAIS;15;Indústria Química;1;Produção de substâncias e fabricação de produtos químicos;01/01/2001;20/05/2019;Alto;CANDEIAS;BAHIA;-12,656178;-38,537464;Ativa;21/03/2026 20:26
15115504000124;TRONOX PIGMENTOS DO BRASIL SA;15;Indústria Química;1;Produção de substâncias e fabricação de produtos químicos;01/01/2003;;Alto;CAMACARI;BAHIA;-12,801667;-38,214417;Ativa;21/03/2026 20:26
15147507000140;FAVAB S/A;15;Indústria Química;1;Produção de substâncias e fabricação de produtos químicos;01/10/2011;;Alto;SIMOES FILHO;BAHIA;-12,821078;-38,426917;Ativa;21/03/2026 20:26
16076804000104;PLASQUINOR-PLASTICO E QUÍMICA DO NORDESTE LTDA;15;Indústria Química;1;Produção de substâncias e fabricação de produtos químicos;01/01/2001;;Alto;SALVADOR;BAHIA;-12,920556;-38,456944;Ativa;21/03/2026 20:26
16096266000110;RAIMUNDO DA SILVA;15;Indústria Química;1;Produção de substâncias e fabricação de produtos químicos;17/04/2013;30/10/2013;Alto;BOM JESUS DA LAPA;BAHIA;-13,247839;-43,395317;Ativa;21/03/2026 20:26
16180770000101;CARBOFLEX PRODUTOS E SERVIÇOS ESPECIAIS LTDA;15;Indústria Química;1;Produção de substâncias e fabricação de produtos químicos;27/07/2009;;Alto;LAURO DE FREITAS;BAHIA;-12,513889;-38,495278;Ativa;21/03/2026 20:26
16234627000147;COPENOR-COMPANHIA PETROQUÍMICA DO NORDESTE;15;Indústria Química;1;Produção de substâncias e fabricação de produtos químicos;01/01/2001;;Alto;CAMACARI;BAHIA;-12,663556;-38,326056;Ativa;21/03/2026 20:26
18261053000121;ALPHA ESTRUTURAS INDUSTRIAIS LTDA;15;Indústria Química;1;Produção de substâncias e fabricação de produtos químicos;04/03/2015;;Alto;CAMACARI;BAHIA;-12,873333;-38,303056;Ativa;21/03/2026 20:26
18801499000282;NOVAKEM INDUSTRIA QUIMICA LTDA;15;Indústria Química;1;Produção de substâncias e fabricação de produtos químicos;31/03/2014;;Alto;SIMOES FILHO;BAHIA;-12,828444;-38,414417;Ativa;21/03/2026 20:26
19421811000194;ELO PRODUTOS DE LIMPEZA EIRELI;15;Indústria Química;1;Produção de substâncias e fabricação de produtos químicos;20/03/2017;;Alto;ITAMARAJU;BAHIA;-17,044806;-39,53525;Ativa;21/03/2026 20:26
20070999000152;FORMITEX CAMACARI INDUSTRIA E COMERCIO LTDA;15;Indústria Química;1;Produção de substâncias e fabricação de produtos químicos;25/08/2014;;Alto;CAMACARI;BAHIA;-12,656667;-38,315278;Ativa;21/03/2026 20:26
21436882000102;CARBONGREEN TECNOLOGIA AMBIENTAL LTDA;15;Indústria Química;1;Produção de substâncias e fabricação de produtos químicos;18/11/2014;;Alto;SIMOES FILHO;BAHIA;-12,834417;-38,433556;Ativa;21/03/2026 20:26
23644027000112;CARBONOR SA;15;Indústria Química;1;Produção de substâncias e fabricação de produtos químicos;21/03/2017;;Alto;CAMACARI;BAHIA;-12,670167;-38,330167;Ativa;21/03/2026 20:26
23647365000531;BAUMINAS QUÍMICA N/NE LTDA;15;Indústria Química;1;Produção de substâncias e fabricação de produtos químicos;01/01/2001;;Alto;MUCURI;BAHIA;-18,03375;-39,932917;Ativa;21/03/2026 20:26
23647365000701;BAUMINAS QUÍMICA N/NE LTDA;15;Indústria Química;1;Produção de substâncias e fabricação de produtos químicos;28/11/2013;;Alto;SIMOES FILHO;BAHIA;-12,806917;-38,442167;Ativa;21/03/2026 20:26
23767075000106;SULFABRAS SULFATOS DO BRASIL LTDA;15;Indústria Química;1;Produção de substâncias e fabricação de produtos químicos;01/12/2015;;Alto;CAMACARI;BAHIA;-12,641778;-38,325167;Ativa;21/03/2026 20:26
24380578000421;WHITE MARTINS GASES INDUSTRIAIS DO NE LTDA;15;Indústria Química;1;Produção de substâncias e fabricação de produtos químicos;01/01/2001;;Alto;SALVADOR;BAHIA;-12,919667;-38,464417;Ativa;21/03/2026 20:26
24380578000936;WHITE MARTINS GASES INDUSTRIAIS DO NORDESTE LTDA.;15;Indústria Química;1;Produção de substâncias e fabricação de produtos químicos;01/01/2001;;Alto;CAMACARI;BAHIA;-12,660639;-38,316667;Ativa;21/03/2026 20:26
24380578002980;WHITE MARTINS GASES INDUSTRIAIS DO NORDESTE LTDA.;15;Indústria Química;1;Produção de substâncias e fabricação de produtos químicos;01/01/2001;;Alto;CAMACARI;BAHIA;-12,656667;-38,335278;Ativa;21/03/2026 20:26
24380578004338;WHITE MARTINS GASES INDUSTRIAIS DO NORDESTE LTDA;15;Indústria Química;1;Produção de substâncias e fabricação de produtos químicos;01/01/2001;;Alto;CAMACARI;BAHIA;-12,6675;-38,331389;Ativa;21/03/2026 20:26
24380578005300;WHITE MARTINS GASES INDUSTRIAIS DO NORDESTE S/A;15;Indústria Química;1;Produção de substâncias e fabricação de produtos químicos;21/06/2007;;Alto;MUCURI;BAHIA;-18,034806;-39,925306;Ativa;21/03/2026 20:26
24380578006705;WHITE MARTINS GASES INDUSTRIAIS DO NORDESTE LTDA;15;Indústria Química;1;Produção de substâncias e fabricação de produtos químicos;30/05/2016;;Alto;CAMACARI;BAHIA;-12,655556;-38,330278;Ativa;21/03/2026 20:26
24920291000102;ARLABRAS COMERCIO DE LUBRIFICANTES LTDA;15;Indústria Química;1;Produção de substâncias e fabricação de produtos químicos;27/02/2019;;Alto;FEIRA DE SANTANA;BAHIA;-12,086667;-45,793556;Ativa;21/03/2026 20:26
26913657000214;STEFANI S/A;15;Indústria Química;1;Produção de substâncias e fabricação de produtos químicos;11/11/1997;;Alto;CORRENTINA;BAHIA;-13,632442;-45,634861;Ativa;21/03/2026 20:26
27017222000173;MULTIGRAX INDUSTRIA QUIMICA DO BRASIL LTDA;15;Indústria Química;1;Produção de substâncias e fabricação de produtos químicos;09/01/2019;;Alto;FEIRA DE SANTANA;BAHIA;-12,305278;-38,960278;Ativa;21/03/2026 20:26
27515154001144;PROQUIGEL QUIMICA S/A;15;Indústria Química;1;Produção de substâncias e fabricação de produtos químicos;30/07/2007;;Alto;CAMACARI;BAHIA;-12,6775;-38,316667;Ativa;21/03/2026 20:26
27515154001225;PROQUIGEL QUIMICA S/A;15;Indústria Química;1;Produção de substâncias e fabricação de produtos químicos;30/07/2007;;Alto;CANDEIAS;BAHIA;-12,673556;-38,540556;Ativa;21/03/2026 20:26
27515154001730;PROQUIGEL QUIMICA S/A;15;Indústria Química;1;Produção de substâncias e fabricação de produtos químicos;22/11/2022;;Alto;CAMACARI;BAHIA;-12,675278;-38,314556;Ativa;21/03/2026 20:26
33000167112252;PETRÓLEO BRASILEIRO S.A;15;Indústria Química;1;Produção de substâncias e fabricação de produtos químicos;19/07/2001;;Alto;CAMACARI;BAHIA;-12,662778;-38,322167;Ativa;21/03/2026 20:26
33397626000132;CHLORUM RS INDUSTRIA E COMERCIO DE CLORO E ALCALIS LTDA;15;Indústria Química;1;Produção de substâncias e fabricação de produtos químicos;23/08/2022;;Alto;SAO SEBASTIAO DO PASSE;BAHIA;-12,536333;-38,502;Ativa;21/03/2026 20:26
34255012000189;RDX INDUSTRIA BAHIA LTDA;15;Indústria Química;1;Produção de substâncias e fabricação de produtos químicos;02/01/2020;;Alto;VITORIA DA CONQUISTA;BAHIA;-14,823306;-40,805278;Ativa;21/03/2026 20:26
35700846000461;CHEMIE SAUDE AMBIENTAL LTDA;15;Indústria Química;1;Produção de substâncias e fabricação de produtos químicos;02/12/2022;;Alto;LAURO DE FREITAS;BAHIA;-12,876389;-38,350278;Ativa;21/03/2026 20:26
41857676000183;LARGO TITANIO LTDA;15;Indústria Química;1;Produção de substâncias e fabricação de produtos químicos;06/05/2021;;Alto;CAMACARI;BAHIA;-12,6625;-38,314444;Ativa;21/03/2026 20:26
42150391000170;BRASKEM S.A.;15;Indústria Química;1;Produção de substâncias e fabricação de produtos químicos;20/07/1989;;Alto;CAMACARI;BAHIA;-12,660917;-38,326167;Ativa;21/03/2026 20:26
42150391001738;BRASKEM S.A.;15;Indústria Química;1;Produção de substâncias e fabricação de produtos químicos;01/04/2004;18/05/2004;Alto;CAMACARI;BAHIA;-12,653056;-38,316389;Ativa;21/03/2026 20:26
42150391001819;BRASKEM S.A.;15;Indústria Química;1;Produção de substâncias e fabricação de produtos químicos;01/04/2004;;Alto;CAMACARI;BAHIA;-12,656028;-38,316056;Ativa;21/03/2026 20:26
42293155000103;ITAGASES EIRELI;15;Indústria Química;1;Produção de substâncias e fabricação de produtos químicos;11/06/2021;;Alto;ITABERABA;BAHIA;-12,5275;-40,306917;Ativa;21/03/2026 20:26
43843358001403;AIR PRODUCTS BRASIL LTDA;15;Indústria Química;1;Produção de substâncias e fabricação de produtos químicos;01/01/2001;28/11/2017;Alto;CAMACARI;BAHIA;-12,667194;-38,312778;Ativa;21/03/2026 20:26
46548083000159;DISTRIBUIDOR ARLAFOR AGENTE REDUTOR LIQUIDO DE NOX AUTOMOTIVO LTDA;15;Indústria Química;1;Produção de substâncias e fabricação de produtos químicos;26/05/2022;;Alto;FEIRA DE SANTANA;BAHIA;-12,287222;-38,964167;Ativa;21/03/2026 20:26
47645779000166;MAIX INDUSTRIA DE QUIMICOS E EMBALAGENS LTDA;15;Indústria Química;1;Produção de substâncias e fabricação de produtos químicos;19/08/2022;;Alto;FEIRA DE SANTANA;BAHIA;-12,289722;-38,891111;Ativa;21/03/2026 20:26
48539407007201;BASF S/A;15;Indústria Química;1;Produção de substâncias e fabricação de produtos químicos;01/01/2005;;Alto;CAMACARI;BAHIA;-12,654389;-38,332917;Ativa;21/03/2026 20:26
49337410000111;PREMIUM QUÍMICA LTDA;15;Indústria Química;1;Produção de substâncias e fabricação de produtos químicos;25/01/2023;;Alto;LUIS EDUARDO MAGALHAES;BAHIA;-12,086389;-45,793611;Ativa;21/03/2026 20:26
59128553002978;STRATURA ASFALTOS LTDA.;15;Indústria Química;1;Produção de substâncias e fabricação de produtos químicos;03/11/2005;;Alto;CANDEIAS;BAHIA;-12,672167;-38,539667;Ativa;21/03/2026 20:26
60398369000479;PARANAPANEMA S.A.;15;Indústria Química;1;Produção de substâncias e fabricação de produtos químicos;24/09/2014;;Alto;DIAS D'AVILA;BAHIA;-12,634917;-38,331278;Ativa;21/03/2026 20:26
60435351001714;DOW BRASIL INDÚSTRIA E COMÉRCIO DE PRODUTOS QUÍMICOS LTDA;15;Indústria Química;1;Produção de substâncias e fabricação de produtos químicos;01/10/2007;;Alto;CANDEIAS;BAHIA;-12,768056;-38,477778;Ativa;21/03/2026 20:26
60435351002010;DOW BRASIL INDÚSTRIA E COMÉRCIO DE PRODUTOS QUÍMICOS LTDA;15;Indústria Química;1;Produção de substâncias e fabricação de produtos químicos;01/10/2007;05/01/2015;Alto;CAMACARI;BAHIA;-12,657167;-38,315;Ativa;21/03/2026 20:26
60479813000138;GRAFTECH BRASIL PARTICIPAÇÕES LTDA;15;Indústria Química;1;Produção de substâncias e fabricação de produtos químicos;01/08/2010;;Alto;CANDEIAS;BAHIA;-12,680556;-38,514167;Ativa;21/03/2026 20:26
60619202000903;MESSER GASES LTDA;15;Indústria Química;1;Produção de substâncias e fabricação de produtos químicos;01/01/2006;;Alto;SIMOES FILHO;BAHIA;-12,82775;-38,396417;Ativa;21/03/2026 20:26
60619202002272;MESSER GASES LTDA;15;Indústria Química;1;Produção de substâncias e fabricação de produtos químicos;20/09/2010;;Alto;CAMACARI;BAHIA;-12,694056;-38,322;Ativa;21/03/2026 20:26
61064929002031;CORTEVA AGRISCIENCE DO BRASIL LTDA;15;Indústria Química;1;Produção de substâncias e fabricação de produtos químicos;03/11/2005;06/08/2019;Alto;CAMACARI;BAHIA;-12,720667;-38,314806;Ativa;21/03/2026 20:26
61064929002112;CORTEVA AGRISCIENCE DO BRASIL LTDA;15;Indústria Química;1;Produção de substâncias e fabricação de produtos químicos;03/11/2005;26/03/2018;Alto;CAMACARI;BAHIA;-12,720667;-38,314806;Ativa;21/03/2026 20:26
61079232001143;COMPANHIA BRASILEIRA DE ESTIRENO;15;Indústria Química;1;Produção de substâncias e fabricação de produtos químicos;12/07/2019;;Alto;CAMACARI;BAHIA;-12,670556;-38,316056;Ativa;21/03/2026 20:26
61079232001224;COMPANHIA BRASILEIRA DE ESTIRENO;15;Indústria Química;1;Produção de substâncias e fabricação de produtos químicos;12/07/2019;;Alto;CAMACARI;BAHIA;-12,676667;-38,316056;Ativa;21/03/2026 20:26
62545686001982;OXITENO S.A. INDÚSTRIA E COMÉRCIO;15;Indústria Química;1;Produção de substâncias e fabricação de produtos químicos;02/12/2019;;Alto;CAMACARI;BAHIA;-12,657778;-38,340278;Ativa;21/03/2026 20:26
62545686002016;OXITENO S A INDUSTRIA E COMERCIO;15;Indústria Química;1;Produção de substâncias e fabricação de produtos químicos;01/01/2025;;Alto;CAMACARI;BAHIA;-12,6625;-38,324417;Ativa;21/03/2026 20:26
64858525013980;MONSANTO DO BRASIL LTDA;15;Indústria Química;1;Produção de substâncias e fabricação de produtos químicos;26/08/2011;;Alto;CAMACARI;BAHIA;-12,657167;-38,296917;Ativa;21/03/2026 20:26
76726223000607;GUANABARA INDUSTRIAS QUIMICAS LTDA;15;Indústria Química;1;Produção de substâncias e fabricação de produtos químicos;01/01/2004;17/07/2023;Alto;SIMOES FILHO;BAHIA;-12,806111;-38,4375;Ativa;21/03/2026 20:26
80228893000328;ISOGAMA INDUSTRIA QUIMICA LTDA;15;Indústria Química;1;Produção de substâncias e fabricação de produtos químicos;01/01/2001;;Alto;SAO SEBASTIAO DO PASSE;BAHIA;-12,536389;-38,505;Ativa;21/03/2026 20:26
84046101022839;BUNGE ALIMENTOS S/A;15;Indústria Química;1;Produção de substâncias e fabricação de produtos químicos;01/01/2001;;Alto;LUIS EDUARDO MAGALHAES;BAHIA;-12,088556;-45,815806;Ativa;21/03/2026 20:26
91671578000630;KILLING S.A TINTAS E ADESIVOS;15;Indústria Química;1;Produção de substâncias e fabricação de produtos químicos;02/01/2019;;Alto;SIMOES FILHO;BAHIA;-12,835806;-38,420056;Ativa;21/03/2026 20:26
91671578001520;KILLING S.A. TINTAS E ADESIVOS;15;Indústria Química;1;Produção de substâncias e fabricação de produtos químicos;07/05/2024;;Alto;SIMOES FILHO;BAHIA;-12,839561;-38,419489;Ativa;21/03/2026 20:26
92315332000264;MK QUIMICA DO BRASIL LTDA;15;Indústria Química;1;Produção de substâncias e fabricação de produtos químicos;16/11/1999;;Alto;JUAZEIRO;BAHIA;-9,45575;-40,48825;Ativa;21/03/2026 20:26
94837598000626;FAXON QUIMICA LTDA;15;Indústria Química;1;Produção de substâncias e fabricação de produtos químicos;17/01/2023;;Alto;EUNAPOLIS;BAHIA;-16,33;-39,571667;Ativa;21/03/2026 20:26
96769294000190;ACQUASERVICE COMERCIAL E INDUSTRIAL DE PRODUTOS QUIMICOS LTDA;15;Indústria Química;1;Produção de substâncias e fabricação de produtos químicos;31/05/2007;;Alto;SALVADOR;BAHIA;-12,656503;-38,305;Ativa;21/03/2026 20:26
1280018000157;DELTA INDUSTRIA E COMERCIO DE GIZ LTDA;15;Indústria Química;1;Produção de substâncias e fabricação de produtos químicos;27/08/2005;;Alto;PINDORETAMA;CEARA;-4,022778;-38,3025;Ativa;21/03/2026 20:26
1478649000185;FORTSCREEN INDUSTRIA, COMERCIO E SERVICOS DE PRODUTOS SERIGRAFICOS E DE IMPRESSAO LTDA;15;Indústria Química;1;Produção de substâncias e fabricação de produtos químicos;05/02/2025;;Alto;FORTALEZA;CEARA;-3,74;-38,592222;Ativa;21/03/2026 20:26
2014328000192;LIKO NORDESTE INDUSTRIA E COMERCIO DE PRODUTOS QUIMICOS LTDA;15;Indústria Química;1;Produção de substâncias e fabricação de produtos químicos;01/01/2003;;Alto;MARANGUAPE;CEARA;-3,9005;-38,682906;Ativa;21/03/2026 20:26
2059987000145;TEC-HIDROLABORATORIOS INDUSTRIA COMERCIO E SERVIÇOS LTDA EPP;15;Indústria Química;1;Produção de substâncias e fabricação de produtos químicos;07/10/2005;;Alto;FORTALEZA;CEARA;-3,832778;-38,495806;Ativa;21/03/2026 20:26
3085541000158;PQVIRK INDUSTRIA E COMERCIO DE PRODUTOS QUIMICOS LTDA;15;Indústria Química;1;Produção de substâncias e fabricação de produtos químicos;23/02/1999;;Alto;PACATUBA;CEARA;-3,994778;-38,616417;Ativa;21/03/2026 20:26
3391001000879;P.Q.A. PRODUTOS QUIMICOS ARACRUZ S/A;15;Indústria Química;1;Produção de substâncias e fabricação de produtos químicos;27/09/2016;;Alto;FORTALEZA;CEARA;-3,717222;-38,484167;Ativa;21/03/2026 20:26
3773027000105;CIGEL INDUSTRIAL LTDA;15;Indústria Química;1;Produção de substâncias e fabricação de produtos químicos;26/04/2000;;Alto;CAUCAIA;CEARA;-3,755;-38,628056;Ativa;21/03/2026 20:26
4420916000828;EMAM EMULSOES E TRANSPORTES LTDA;15;Indústria Química;1;Produção de substâncias e fabricação de produtos químicos;10/12/2020;;Alto;PACATUBA;CEARA;-3,887917;-38,597556;Ativa;21/03/2026 20:26
6920094000101;ALCALIS INDUSTRIA E COMERCIO LTDA;15;Indústria Química;1;Produção de substâncias e fabricação de produtos químicos;15/03/1976;;Alto;FORTALEZA;CEARA;-3,756583;-38,541306;Ativa;21/03/2026 20:26
7009769000462;WANA INDUSTRIA E COMERCIO DE PRODUTOS QUIMICOS LTDA;15;Indústria Química;1;Produção de substâncias e fabricação de produtos químicos;26/09/2023;;Alto;GUAIUBA;CEARA;-4,057778;-38,638889;Ativa;21/03/2026 20:26
7143431000156;RESIBRAS INDUSTRIA DE CASTANHAS LTDA;15;Indústria Química;1;Produção de substâncias e fabricação de produtos químicos;01/01/2002;;Alto;FORTALEZA;CEARA;-3,842306;-38,452139;Ativa;21/03/2026 20:26
7467822000126;SUMITOMO CHEMICAL BRASIL INDUSTRIA QUIMICA S.A;15;Indústria Química;1;Produção de substâncias e fabricação de produtos químicos;01/01/2001;;Alto;MARACANAU;CEARA;-3,869667;-38,613056;Ativa;21/03/2026 20:26
7801309000120;BIOMATIKA IND. COM. PROD. NATURAIS S/A;15;Indústria Química;1;Produção de substâncias e fabricação de produtos químicos;17/05/2011;03/05/2017;Alto;EUSEBIO;CEARA;-3,879556;-38,460917;Ativa;21/03/2026 20:26
8004417000134;ALGAS MARINHAS INDUSTRIA E COMERCIO LTDA;15;Indústria Química;1;Produção de substâncias e fabricação de produtos químicos;03/05/2019;;Alto;TRAIRI;CEARA;-3,264528;-39,272889;Ativa;21/03/2026 20:26
8944601000245;VILLAS BOAS RADIOFARMACOS BRASIL S/A;15;Indústria Química;1;Produção de substâncias e fabricação de produtos químicos;09/06/2017;;Alto;EUSEBIO;CEARA;-3,860278;-38,469417;Ativa;21/03/2026 20:26
8983257000112;OXIGÊNIO CARIRI LTDA - EPP;15;Indústria Química;1;Produção de substâncias e fabricação de produtos químicos;09/08/2007;;Alto;BARBALHA;CEARA;-7,289167;-39,318333;Ativa;21/03/2026 20:26
9214969000210;POLITEC QUIMICA LTDA;15;Indústria Química;1;Produção de substâncias e fabricação de produtos químicos;11/07/2024;;Alto;CAUCAIA;CEARA;-3,636667;-38,812778;Ativa;21/03/2026 20:26
9473513000194;CONSTRUTORA MENDONÇA AGUIAR LTDA;15;Indústria Química;1;Produção de substâncias e fabricação de produtos químicos;03/07/1979;31/12/2008;Alto;FORTALEZA;CEARA;-3,721744;-38,534547;Ativa;21/03/2026 20:26
9649688000100;NORCOR INDUSTRIA DE PREPARAÇÕES PIGMENTARIAS LTDA-ME;15;Indústria Química;1;Produção de substâncias e fabricação de produtos químicos;05/02/2021;;Alto;JUAZEIRO DO NORTE;CEARA;-7,215147;-39,326389;Ativa;21/03/2026 20:26
9654582000102;AROS PRODUTOS E SERVICOS PARA GALVANOPLASTIA LTDA-ME;15;Indústria Química;1;Produção de substâncias e fabricação de produtos químicos;14/04/2009;;Alto;JUAZEIRO DO NORTE;CEARA;-7,207006;-39,301367;Ativa;21/03/2026 20:26
10298612000166;ALFREDO G MARTINS SERVICOS ME;15;Indústria Química;1;Produção de substâncias e fabricação de produtos químicos;15/02/2022;;Alto;PACATUBA;CEARA;-3,916111;-38,597222;Ativa;21/03/2026 20:26
11354086000177;INDUSTRIA DE BEBIDAS ASA BRANCA LTDA.;15;Indústria Química;1;Produção de substâncias e fabricação de produtos químicos;03/04/2017;;Alto;ITAITINGA;CEARA;-3,9725;-38,529167;Ativa;21/03/2026 20:26
12280905000141;ADAILTON ALVES TEIXEIRA - ME;15;Indústria Química;1;Produção de substâncias e fabricação de produtos químicos;01/07/2012;;Alto;BOA VIAGEM;CEARA;-5,116667;-39,716667;Ativa;21/03/2026 20:26
12884672000358;SABARÁ QUÍMICOS E INGREDIENTES S/A;15;Indústria Química;1;Produção de substâncias e fabricação de produtos químicos;01/01/2002;;Alto;PACATUBA;CEARA;-3,902389;-38,559417;Ativa;21/03/2026 20:26
13036232000141;TINTAS CORES DO BRASIL IND E COM LTDA;15;Indústria Química;1;Produção de substâncias e fabricação de produtos químicos;22/09/2015;06/11/2015;Alto;FORTALEZA;CEARA;-3,823889;-38,503889;Ativa;21/03/2026 20:26
13923945000127;AVCO POLIMEROS DO BRASIL S.A.;15;Indústria Química;1;Produção de substâncias e fabricação de produtos químicos;13/02/2012;;Alto;MARACANAU;CEARA;-3,861917;-38,597167;Ativa;21/03/2026 20:26
14774646000130;FORTBLUE INDUSTRIA QUIMICA LTDA;15;Indústria Química;1;Produção de substâncias e fabricação de produtos químicos;15/12/2011;;Alto;FORTALEZA;CEARA;-3,804694;-38,584139;Ativa;21/03/2026 20:26
14980121000151;ALLIANCE QUIMICA INDUSTRIA E COMERCIO LTDA;15;Indústria Química;1;Produção de substâncias e fabricação de produtos químicos;27/01/2012;;Alto;PACATUBA;CEARA;-3,903139;-38,55975;Ativa;21/03/2026 20:26
17891872000190;WHITE MARTINS PECEM GASES INDUSTRIAIS LTDA;15;Indústria Química;1;Produção de substâncias e fabricação de produtos químicos;20/07/2015;;Alto;SAO GONCALO DO AMARANTE;CEARA;-3,607167;-38,968306;Ativa;21/03/2026 20:26
18022130000271;MAIS QUIMICA LTDA;15;Indústria Química;1;Produção de substâncias e fabricação de produtos químicos;05/10/2021;;Alto;JUAZEIRO DO NORTE;CEARA;-7,226556;-39,303556;Ativa;21/03/2026 20:26
19407069000162;CANI PRODUTOS QUIMICOS LTDA-EPP;15;Indústria Química;1;Produção de substâncias e fabricação de produtos químicos;14/04/2015;;Alto;CRATO;CEARA;-7,233972;-39,375806;Ativa;21/03/2026 20:26
21560638000157;SOLIDUS AMBIENTAL SOLUCOES EM TRATAMENTO DE AGUAS E EFLUENTES LTDA;15;Indústria Química;1;Produção de substâncias e fabricação de produtos químicos;12/12/2014;;Alto;EUSEBIO;CEARA;-3,896861;-38,450722;Ativa;21/03/2026 20:26
23721723000185;VELOFLEX INDUSTRIA DE PRODUTOS QUIMICOS E REP LTDA;15;Indústria Química;1;Produção de substâncias e fabricação de produtos químicos;19/06/1989;;Alto;FORTALEZA;CEARA;-3,785028;-38,521139;Ativa;21/03/2026 20:26
24380578004923;WHITE MARTINS GASES INDUSTRIAIS DO NORDESTE LTDA;15;Indústria Química;1;Produção de substâncias e fabricação de produtos químicos;31/08/2004;;Alto;MARACANAU;CEARA;-3,864167;-38,613056;Ativa;21/03/2026 20:26
24380578006896;WHITE MARTINS GASES INDUSTRIAIS DO NORDESTE LTDA;15;Indústria Química;1;Produção de substâncias e fabricação de produtos químicos;10/03/2022;;Alto;MARACANAU;CEARA;-3,85425;-38,602417;Ativa;21/03/2026 20:26
25975554000135;SUPER GASES INDUSTRIA DE GASES LTDA;15;Indústria Química;1;Produção de substâncias e fabricação de produtos químicos;01/12/2016;;Alto;EUSEBIO;CEARA;-3,918139;-38,503825;Ativa;21/03/2026 20:26
29959937000170;IPE QUIMICA INDUSTRIA E COMERCIO E IMPORTACAO DE PRODUTOS QUIMICOS LTDA;15;Indústria Química;1;Produção de substâncias e fabricação de produtos químicos;01/04/2021;;Alto;ITAITINGA;CEARA;-3,888056;-38,533056;Ativa;21/03/2026 20:26
34319752000131;INDUSTRIAL RIGEL DO BRASIL LTDA;15;Indústria Química;1;Produção de substâncias e fabricação de produtos químicos;13/01/2020;;Alto;MARACANAU;CEARA;-3,832167;-38,609167;Ativa;21/03/2026 20:26
35071844000108;FORTALEZA IND.DE ADESIVOS LTDA;15;Indústria Química;1;Produção de substâncias e fabricação de produtos químicos;30/04/1990;;Alto;FORTALEZA;CEARA;-3,765417;-38,5905;Ativa;21/03/2026 20:26
41334079000174;FORTCOLOR TINTAS E VERNIZES LTDA;15;Indústria Química;1;Produção de substâncias e fabricação de produtos químicos;01/01/2001;;Alto;FORTALEZA;CEARA;-3,718661;-38,553258;Ativa;21/03/2026 20:26
47172821000179;VECTRON CONTROLE DE PRAGAS LTDA;15;Indústria Química;1;Produção de substâncias e fabricação de produtos químicos;15/07/2022;;Alto;FORTALEZA;CEARA;-3,801033;-38,470356;Ativa;21/03/2026 20:26
51883808000103;ARLA BEACH INDUSTRIA DE AGENTE REDUTOR LIQUIDO DE NOX AUTOMOTIVO LTDA;15;Indústria Química;1;Produção de substâncias e fabricação de produtos químicos;21/08/2023;;Alto;ITAITINGA;CEARA;-3,929167;-38,510278;Ativa;21/03/2026 20:26
59128553002110;STRATURA ASFALTOS LTDA;15;Indústria Química;1;Produção de substâncias e fabricação de produtos químicos;01/01/2005;;Alto;MARACANAU;CEARA;-3,85025;-38,603056;Ativa;21/03/2026 20:26
60619202001462;MESSER GASES LTDA;15;Indústria Química;1;Produção de substâncias e fabricação de produtos químicos;10/11/2005;;Alto;MARACANAU;CEARA;-3,862306;-38,609806;Ativa;21/03/2026 20:26
63455133000172;TEC-HIDRO INDUSTRIA COMÉRCIO E SERVIÇOS LTDA;15;Indústria Química;1;Produção de substâncias e fabricação de produtos químicos;01/01/2001;;Alto;FORTALEZA;CEARA;-3,832778;-38,495556;Ativa;21/03/2026 20:26
72497944000127;A & A QUÍMICA EIRELI;15;Indústria Química;1;Produção de substâncias e fabricação de produtos químicos;01/01/2001;06/08/2019;Alto;MARACANAU;CEARA;-3,854917;-38,553028;Ativa;21/03/2026 20:26
331788005773;AIR LIQUIDE BRASIL LTDA;15;Indústria Química;1;Produção de substâncias e fabricação de produtos químicos;10/11/2011;;Alto;BRASILIA;DISTRITO FEDERAL;-15,855667;-47,570778;Ativa;21/03/2026 20:26
2004950000110;SITRAN COMÉRCIO E INDÚSTRIA DE ELETRÔNICA LTDA;15;Indústria Química;1;Produção de substâncias e fabricação de produtos químicos;11/07/2007;;Alto;BRASILIA;DISTRITO FEDERAL;-15,801083;-47,967194;Ativa;21/03/2026 20:26
5161772000129;DUTOS QUIMICA LTDA;15;Indústria Química;1;Produção de substâncias e fabricação de produtos químicos;25/05/2021;;Alto;BRASILIA;DISTRITO FEDERAL;-15,82625;-47,959167;Ativa;21/03/2026 20:26
9098197000118;PRIME COMERCIO E SERVICOS DE EXTINTORES EIRELI ME;15;Indústria Química;1;Produção de substâncias e fabricação de produtos químicos;20/09/2022;;Alto;BRASILIA;DISTRITO FEDERAL;-15,518611;-47,660278;Ativa;21/03/2026 20:26
19897713000128;RICARDO ALVES RAMOS DE BRITO EXTINTORES;15;Indústria Química;1;Produção de substâncias e fabricação de produtos químicos;28/03/2023;;Alto;BRASILIA;DISTRITO FEDERAL;-15,779417;-47,929417;Ativa;21/03/2026 20:26
27787608000164;IDEIA PRINT EDITORA GRAFICA EIRELI ME;15;Indústria Química;1;Produção de substâncias e fabricação de produtos químicos;26/08/2018;;Alto;BRASILIA;DISTRITO FEDERAL;-15,788611;-47,911389;Ativa;21/03/2026 20:26
29787468000150;DEBORA SIMONE CHINELLI;15;Indústria Química;1;Produção de substâncias e fabricação de produtos químicos;27/02/2018;;Alto;BRASILIA;DISTRITO FEDERAL;-15,908056;-48,089722;Ativa;21/03/2026 20:26
33661548000131;PETROARLA INDUSTRIA QUIMICA LTDA;15;Indústria Química;1;Produção de substâncias e fabricação de produtos químicos;14/09/2023;;Alto;BRASILIA;DISTRITO FEDERAL;-15,786667;-48,004444;Ativa;21/03/2026 20:26
35820448001884;WHITE MARTINS GASES INDUSTRIAIS LTDA;15;Indústria Química;1;Produção de substâncias e fabricação de produtos químicos;01/04/2003;;Alto;BRASILIA;DISTRITO FEDERAL;-15,78;-47,929167;Ativa;21/03/2026 20:26
331788004610;AIR LQIUIDE BRASIL LTDA;15;Indústria Química;1;Produção de substâncias e fabricação de produtos químicos;07/05/2008;;Alto;SERRA;ESPIRITO SANTO;-20,128611;-40,318611;Ativa;21/03/2026 20:26
2433631000120;ASPEN PHARMA INDUSTRIA FARMACEUTICA LTDA.;15;Indústria Química;1;Produção de substâncias e fabricação de produtos químicos;01/01/2001;21/03/2002;Alto;SERRA;ESPIRITO SANTO;-20,128056;-40,303306;Ativa;21/03/2026 20:26
2605266000355;MESSER INDÚSTRIA DE GASES LTDA;15;Indústria Química;1;Produção de substâncias e fabricação de produtos químicos;28/12/2004;;Alto;VITORIA;ESPIRITO SANTO;-20,223278;-40,263056;Ativa;21/03/2026 20:26
2614911000304;FERTIPAR SUDESTE ADUBOS E CORRETIVOS AGRÍCOLAS LTDA.;15;Indústria Química;1;Produção de substâncias e fabricação de produtos químicos;01/01/2001;29/01/2021;Alto;SERRA;ESPIRITO SANTO;-20,128556;-40,307778;Ativa;21/03/2026 20:26
2895702000700;CIMENTAL LTDA;15;Indústria Química;1;Produção de substâncias e fabricação de produtos químicos;01/12/2013;;Alto;GUARAPARI;ESPIRITO SANTO;-20,501378;-40,474019;Ativa;21/03/2026 20:26
3391001000100;P.Q.A. PRODUTOS QUIMICOS ARACRUZ S/A;15;Indústria Química;1;Produção de substâncias e fabricação de produtos químicos;13/09/1999;;Alto;ARACRUZ;ESPIRITO SANTO;-19,818389;-40,36375;Ativa;21/03/2026 20:26
3461875000189;CHEMTRADE BRASIL LTDA;15;Indústria Química;1;Produção de substâncias e fabricação de produtos químicos;01/01/2005;;Alto;ARACRUZ;ESPIRITO SANTO;-19,837167;-40,078306;Ativa;21/03/2026 20:26
4888219000200;LASTRO GASES INDUSTRIAIS EXPORTACAO E IMPORTACAO SA;15;Indústria Química;1;Produção de substâncias e fabricação de produtos químicos;24/03/2023;;Alto;LINHARES;ESPIRITO SANTO;-19,339417;-40,009417;Ativa;21/03/2026 20:26
7487711000262;RDX INDUSTRIA LTDA;15;Indústria Química;1;Produção de substâncias e fabricação de produtos químicos;24/02/2017;;Alto;LINHARES;ESPIRITO SANTO;-19,391056;-40,072167;Ativa;21/03/2026 20:26
10140967000718;GLOBAL TREND INDUSTRIA E COMERCIO EXTERIOR LTDA;15;Indústria Química;1;Produção de substâncias e fabricação de produtos químicos;08/02/2019;;Alto;SERRA;ESPIRITO SANTO;-20,178489;-40,23535;Ativa;21/03/2026 20:26
10489855000181;D2A AMBIENTAL LTDA;15;Indústria Química;1;Produção de substâncias e fabricação de produtos químicos;01/11/2012;;Alto;VITORIA;ESPIRITO SANTO;-20,255667;-40,292167;Ativa;21/03/2026 20:26
10788775000127;ECOCLORO INDUSTRIA E COMERCIO DE PRODUTOS QUIMICOS LTDA;15;Indústria Química;1;Produção de substâncias e fabricação de produtos químicos;31/05/2021;;Alto;ARACRUZ;ESPIRITO SANTO;-19,872778;-40,261111;Ativa;21/03/2026 20:26
12522985000102;DURALUX TINTAS E VERNIZES LTDA;15;Indústria Química;1;Produção de substâncias e fabricação de produtos químicos;07/01/2019;;Alto;SERRA;ESPIRITO SANTO;-20,191917;-40,247194;Ativa;21/03/2026 20:26
13937716000161;VICKI STONE LTDA;15;Indústria Química;1;Produção de substâncias e fabricação de produtos químicos;06/07/2011;15/08/2018;Alto;CACHOEIRO DE ITAPEMIRIM;ESPIRITO SANTO;-20,829;-41,152667;Ativa;21/03/2026 20:26
22976455000180;LUBLESS ADITIVOS INDUSTRIAIS LTDA;15;Indústria Química;1;Produção de substâncias e fabricação de produtos químicos;03/08/2015;;Alto;SERRA;ESPIRITO SANTO;-20,106389;-40,308611;Ativa;21/03/2026 20:26
24957152000579;PARAFLU DO BRASIL INDUSTRIA DE PRODUTOS QUIMICOS LTDA;15;Indústria Química;1;Produção de substâncias e fabricação de produtos químicos;22/12/2024;;Alto;SOORETAMA;ESPIRITO SANTO;-19,201389;-40,093056;Ativa;21/03/2026 20:26
35820448001965;WHITE MARTINS GASES INDUSTRIAIS LTDA;15;Indústria Química;1;Produção de substâncias e fabricação de produtos químicos;01/01/2001;;Alto;CARIACICA;ESPIRITO SANTO;-20,335667;-40,3715;Ativa;21/03/2026 20:26
35820448017969;WHITE MARTINS GASES INDUSTRIAIS LTDA;15;Indústria Química;1;Produção de substâncias e fabricação de produtos químicos;18/08/2006;;Alto;SERRA;ESPIRITO SANTO;-20,247306;-40,235167;Ativa;21/03/2026 20:26
35820448018183;WHITE MARTINS GASES INDUSTRIAIS LTDA;15;Indústria Química;1;Produção de substâncias e fabricação de produtos químicos;03/11/2005;;Alto;CARIACICA;ESPIRITO SANTO;-20,346417;-40,360389;Ativa;21/03/2026 20:26
36991087000153;VERDE-OLIVA INDUSTRIA TERMOQUIMICA LTDA;15;Indústria Química;1;Produção de substâncias e fabricação de produtos químicos;08/12/2023;;Alto;SAO MATEUS;ESPIRITO SANTO;-18,861389;-39,929167;Ativa;21/03/2026 20:26
42593061000400;ELKEM PARTICIPAÇÕES, INDÚSTRIA E COMÉRCIO LTDA;15;Indústria Química;1;Produção de substâncias e fabricação de produtos químicos;01/02/2006;;Alto;SERRA;ESPIRITO SANTO;-20,166389;-40,217167;Ativa;21/03/2026 20:26
42829373000110;RJ INSUMOS LTDA;15;Indústria Química;1;Produção de substâncias e fabricação de produtos químicos;23/07/2021;;Alto;CACHOEIRO DE ITAPEMIRIM;ESPIRITO SANTO;-20,824444;-41,158611;Ativa;21/03/2026 20:26
48135251000100;SETE INDUSTRIA E COMERCIO LTDA;15;Indústria Química;1;Produção de substâncias e fabricação de produtos químicos;01/12/2022;;Alto;LINHARES;ESPIRITO SANTO;-19,391056;-40,072167;Ativa;21/03/2026 20:26
48390860000105;PH ECO-POWER 32 LTDA;15;Indústria Química;1;Produção de substâncias e fabricação de produtos químicos;16/09/2025;;Alto;DORES DO RIO PRETO;ESPIRITO SANTO;-20,694519;-41,849283;Ativa;21/03/2026 20:26
49691483000107;QUIMICA BRASIL LTDA;15;Indústria Química;1;Produção de substâncias e fabricação de produtos químicos;01/09/2023;;Alto;SOORETAMA;ESPIRITO SANTO;-19,205278;-40,093333;Ativa;21/03/2026 20:26
49695908000156;PURIFIC INDUSTRIA COMERCIO LTDA;15;Indústria Química;1;Produção de substâncias e fabricação de produtos químicos;24/02/2023;;Alto;VILA VELHA;ESPIRITO SANTO;-20,428831;-40,3365;Ativa;21/03/2026 20:26
50438541000174;SUPREMO ARLA 32 REDUTOR LIQUIDO DE NOX AUTOMOTIVO LTDA;15;Indústria Química;1;Produção de substâncias e fabricação de produtos químicos;25/04/2023;;Alto;LINHARES;ESPIRITO SANTO;-19,510556;-40,140833;Ativa;21/03/2026 20:26
50729100000121;OXYBRAS QUIMICA INDUSTRIAL LTDA - ME;15;Indústria Química;1;Produção de substâncias e fabricação de produtos químicos;17/05/2023;;Alto;CACHOEIRO DE ITAPEMIRIM;ESPIRITO SANTO;-20,8295;-41,145694;Ativa;21/03/2026 20:26
60619202003325;MESSER GASES LTDA;15;Indústria Química;1;Produção de substâncias e fabricação de produtos químicos;01/01/2001;;Alto;SERRA;ESPIRITO SANTO;-20,163944;-40,244944;Ativa;21/03/2026 20:26
62695036004858;EVONIK BRASIL LTDA;15;Indústria Química;1;Produção de substâncias e fabricação de produtos químicos;01/07/2004;;Alto;ARACRUZ;ESPIRITO SANTO;-19,832056;-40,0625;Ativa;21/03/2026 20:26
67423152000925;IBG INDUSTRIA BRASILEIRA DE GASES LTDA;15;Indústria Química;1;Produção de substâncias e fabricação de produtos químicos;09/09/2022;;Alto;SERRA;ESPIRITO SANTO;-20,201917;-40,301667;Ativa;21/03/2026 20:26
331788003649;AIR LIQUIDE BRASIL LTDA;15;Indústria Química;1;Produção de substâncias e fabricação de produtos químicos;01/07/2003;;Alto;APARECIDA DE GOIANIA;GOIAS;-16,835917;-49,215278;Ativa;21/03/2026 20:27
894501000169;WILSON MAIA DE ASSIS;15;Indústria Química;1;Produção de substâncias e fabricação de produtos químicos;01/01/2001;;Alto;JATAI;GOIAS;-17,887717;-51,716344;Ativa;21/03/2026 20:27
1005917000141;MUNICIPIO DE BELA VISTA DE GOIAS;15;Indústria Química;1;Produção de substâncias e fabricação de produtos químicos;05/02/2005;;Alto;BELA VISTA DE GOIAS;GOIAS;-16,973306;-48,959667;Ativa;21/03/2026 20:27
1583558000100;SAUAD INDUSTRIA FARMACEUTICA LTDA;15;Indústria Química;1;Produção de substâncias e fabricação de produtos químicos;26/09/2007;;Alto;BONFINOPOLIS;GOIAS;-16,616667;-48,936944;Ativa;21/03/2026 20:27
2001597000203;GELNEX INDUSTRIA E COMERCIO LTDA;15;Indústria Química;1;Produção de substâncias e fabricação de produtos químicos;01/07/2004;08/06/2004;Alto;NAZARIO;GOIAS;-16,591028;-49,865167;Ativa;21/03/2026 20:27
2041093000128;POSTO PALMEIRAS LTDA;15;Indústria Química;1;Produção de substâncias e fabricação de produtos químicos;01/01/2002;13/03/2002;Alto;PALMEIRAS DE GOIAS;GOIAS;-16,805;-49,925806;Ativa;21/03/2026 20:27
2354454000196;SULFAGO SULFATOS DE GOIAS LTDA;15;Indústria Química;1;Produção de substâncias e fabricação de produtos químicos;20/04/1977;;Alto;ANAPOLIS;GOIAS;-16,32;-48,955;Ativa;21/03/2026 20:27
3005123000103;NOVA ROCHA INDUSTRIA DE TINTAS LTDA;15;Indústria Química;1;Produção de substâncias e fabricação de produtos químicos;24/02/1999;;Alto;APARECIDA DE GOIANIA;GOIAS;-16,805056;-49,212306;Ativa;21/03/2026 20:27
3005123000618;NOVA ROCHA INDUSTRIA DE TINTAS LTDA;15;Indústria Química;1;Produção de substâncias e fabricação de produtos químicos;21/10/2022;;Alto;APARECIDA DE GOIANIA;GOIAS;-16,807842;-49,231586;Ativa;21/03/2026 20:27
5099585001215;CBAA - ASFALTOS LTDA;15;Indústria Química;1;Produção de substâncias e fabricação de produtos químicos;05/04/2023;;Alto;SENADOR CANEDO;GOIAS;-16,702389;-49,113417;Ativa;21/03/2026 20:27
7009769000381;WANA INDUSTRIA E COMERCIO DE PRODUTOS QUIMICOS LTDA;15;Indústria Química;1;Produção de substâncias e fabricação de produtos químicos;08/10/2018;;Alto;GOIANIA;GOIAS;-16,718583;-49,366389;Ativa;21/03/2026 20:27
7278300000186;DELFIRE INDUSTRIA E COMERCIO DE ESTINTORES LTDA;15;Indústria Química;1;Produção de substâncias e fabricação de produtos químicos;09/06/2016;;Alto;ANAPOLIS;GOIAS;-16,403333;-48,926944;Ativa;21/03/2026 20:27
7487711000505;RDX INDUSTRIA E COMERCIO LTDA;15;Indústria Química;1;Produção de substâncias e fabricação de produtos químicos;01/10/2020;;Alto;SENADOR CANEDO;GOIAS;-16,674417;-49,1475;Ativa;21/03/2026 20:27
9520448000100;D & R INDUSTRIA DE PRODUTOS DE LIMPEZA LTDA;15;Indústria Química;1;Produção de substâncias e fabricação de produtos químicos;29/04/2008;;Alto;GOIANIRA;GOIAS;-16,521889;-49,420972;Ativa;21/03/2026 20:27
10307523000139;LA FRONTIERE INDUSTRIA E COMERCIO DE COSMETICOS EIRELI;15;Indústria Química;1;Produção de substâncias e fabricação de produtos químicos;01/10/2008;;Alto;APARECIDA DE GOIANIA;GOIAS;-16,732194;-49,257194;Ativa;21/03/2026 20:27
11375069000205;BIO SCIE INDUSTRIA E COMERCIO LTDA;15;Indústria Química;1;Produção de substâncias e fabricação de produtos químicos;01/07/2020;;Alto;ANAPOLIS;GOIAS;-16,411528;-48,922806;Ativa;21/03/2026 20:27
11611473000141;QUIMIWAY INDUSTRIA QUIMICA LTDA;15;Indústria Química;1;Produção de substâncias e fabricação de produtos químicos;26/02/2010;14/02/2022;Alto;APARECIDA DE GOIANIA;GOIAS;-16,816139;-49,222139;Ativa;21/03/2026 20:27
12884672000439;SABARÁ QUÍMICOS E INGREDIENTES S/A;15;Indústria Química;1;Produção de substâncias e fabricação de produtos químicos;01/01/2003;;Alto;ANAPOLIS;GOIAS;-16,405;-48,913889;Ativa;21/03/2026 20:27
13349538000158;BR QUIMICA INDUSTRIA E COMERCIO DE PRODUTOS QUIMICOS LTDA;15;Indústria Química;1;Produção de substâncias e fabricação de produtos químicos;04/03/2011;18/10/2024;Alto;SAO LUIS DE MONTES BELOS;GOIAS;-16,537217;-50,376708;Ativa;21/03/2026 20:27
14424539000182;DEVAIR RIBEIRO DE LIMA JUNIOR - EMBRACTA;15;Indústria Química;1;Produção de substâncias e fabricação de produtos químicos;07/10/2011;;Alto;APARECIDA DE GOIANIA;GOIAS;-16,793653;-49,312828;Ativa;21/03/2026 20:27
16685196000135;OXYNOBRE GASES INDUSTRIAIS LTDA;15;Indústria Química;1;Produção de substâncias e fabricação de produtos químicos;16/04/2016;;Alto;ITUMBIARA;GOIAS;-18,393958;-49,28775;Ativa;21/03/2026 20:27
18739816000105;SOLVEMAX INDUSTRIA DE RECUPERACAO QUIMICA LTDA;15;Indústria Química;1;Produção de substâncias e fabricação de produtos químicos;23/08/2013;;Alto;GOIANIA;GOIAS;-16,804542;-49,262694;Ativa;21/03/2026 20:27
19525278001000;BAUMINAS QUIMICA LTDA;15;Indústria Química;1;Produção de substâncias e fabricação de produtos químicos;01/06/2016;;Alto;LUZIANIA;GOIAS;-16,2;-47,865806;Ativa;21/03/2026 20:27
23202193000169;CAPITAL QUIMICA INDUSTRIA E COMERCIO DE PRODUTOS QUIMICOS LTDA;15;Indústria Química;1;Produção de substâncias e fabricação de produtos químicos;02/09/2015;;Alto;APARECIDA DE GOIANIA;GOIAS;-16,795278;-49,261083;Ativa;21/03/2026 20:27
26108898000703;CMOC BRASIL MINERAÇAO INDUSTRIA E PARTICIPAÇÕES LTDA;15;Indústria Química;1;Produção de substâncias e fabricação de produtos químicos;17/03/2020;;Alto;CATALAO;GOIAS;-18,162306;-47,879667;Ativa;21/03/2026 20:27
26326013000149;QUÍMICA SULGOIÁS LTDA;15;Indústria Química;1;Produção de substâncias e fabricação de produtos químicos;06/01/2025;;Alto;APARECIDA DE GOIANIA;GOIAS;-16,810139;-49,216806;Ativa;21/03/2026 20:27
26665034000199;TOOLLON INDUSTRIA E COMERCIO DE COSMETICOS LTDA;15;Indústria Química;1;Produção de substâncias e fabricação de produtos químicos;01/07/1990;;Alto;APARECIDA DE GOIANIA;GOIAS;-16,738889;-49,255278;Ativa;21/03/2026 20:27
26917005000177;DISTRIBUIDORA BRASILEIRA DE ASFALTO LTDA;15;Indústria Química;1;Produção de substâncias e fabricação de produtos químicos;09/09/2025;;Alto;APARECIDA DE GOIANIA;GOIAS;-16,8035;-49,205056;Ativa;21/03/2026 20:27
29189150000177;TEK FABRIL;15;Indústria Química;1;Produção de substâncias e fabricação de produtos químicos;01/12/2017;;Alto;APARECIDA DE GOIANIA;GOIAS;-16,794167;-49,261889;Ativa;21/03/2026 20:27
33931486000998;MOSAIC FERTILIZANTES P&K LTDA;15;Indústria Química;1;Produção de substâncias e fabricação de produtos químicos;01/01/2019;;Alto;CATALAO;GOIAS;-18,163917;-47,908556;Ativa;21/03/2026 20:27
34256183000122;H2O ENGENHARIA QUÍMICA - EIRELI;15;Indústria Química;1;Produção de substâncias e fabricação de produtos químicos;18/07/2019;;Alto;NEROPOLIS;GOIAS;-16,422931;-49,217992;Ativa;21/03/2026 20:27
35820448002341;WHITE MARTINS GASES INDUSTRIAIS LTDA;15;Indústria Química;1;Produção de substâncias e fabricação de produtos químicos;01/04/2003;;Alto;GOIANIA;GOIAS;-16,654556;-49,253306;Ativa;21/03/2026 20:27
35820448016210;WHITE MARTINS GASES INDUSTRIAIS LTDA;15;Indústria Química;1;Produção de substâncias e fabricação de produtos químicos;01/01/2003;05/09/2019;Alto;HIDROLANDIA;GOIAS;-16,963056;-49,235806;Ativa;21/03/2026 20:27
39281772000184;MS MOURA SOLUCOES LTDA;15;Indústria Química;1;Produção de substâncias e fabricação de produtos químicos;18/04/2023;;Alto;CEZARINA;GOIAS;-16,975556;-49,775806;Ativa;21/03/2026 20:27
40546411000100;COMERCIO ARLA GO;15;Indústria Química;1;Produção de substâncias e fabricação de produtos químicos;25/01/2021;;Alto;APARECIDA DE GOIANIA;GOIAS;-16,773078;-49,304706;Ativa;21/03/2026 20:27
40580475000119;DOURADOS AMBIENTAL LTDA;15;Indústria Química;1;Produção de substâncias e fabricação de produtos químicos;27/01/2021;;Alto;APARECIDA DE GOIANIA;GOIAS;-16,824289;-49,306858;Ativa;21/03/2026 20:27
42514326000187;V & C SERVICOS AMBIENTAIS LTDA;15;Indústria Química;1;Produção de substâncias e fabricação de produtos químicos;29/06/2021;12/07/2024;Alto;CEZARINA;GOIAS;-16,973056;-49,774417;Ativa;21/03/2026 20:27
45961089000190;MOBLUX EMPREENDIMENTOS LTDA;15;Indústria Química;1;Produção de substâncias e fabricação de produtos químicos;10/03/2026;;Alto;LUZIANIA;GOIAS;-16,410833;-47,969444;Ativa;21/03/2026 20:27
46945100000191;QUIMICA GOIAS LTDA;15;Indústria Química;1;Produção de substâncias e fabricação de produtos químicos;01/09/2022;;Alto;QUIRINOPOLIS;GOIAS;-18,453694;-50,444972;Ativa;21/03/2026 20:27
47538940000100;FTT LTDA;15;Indústria Química;1;Produção de substâncias e fabricação de produtos químicos;12/08/2022;;Alto;MONTIVIDIU;GOIAS;-17,455833;-51,164444;Ativa;21/03/2026 20:27
51306142000112;E-7 SISTEMA ANTI-INCENDIO LTDA;15;Indústria Química;1;Produção de substâncias e fabricação de produtos químicos;01/12/2024;11/11/2025;Alto;TURVELANDIA;GOIAS;-17,852778;-50,3025;Ativa;21/03/2026 20:27
52968022000143;BIONANO TECNOLOGIA LTDA;15;Indústria Química;1;Produção de substâncias e fabricação de produtos químicos;22/05/2024;;Alto;PALMEIRAS DE GOIAS;GOIAS;-16,818475;-49,907053;Ativa;21/03/2026 20:27
53400818001300;FERTIGRAN FERTILIZANTES VALE DO RIO GRANDE LTDA;15;Indústria Química;1;Produção de substâncias e fabricação de produtos químicos;01/07/2005;04/02/2021;Alto;CATALAO;GOIAS;-18,161917;-47,900556;Ativa;21/03/2026 20:27
59266676000255;DILUTEC IND. E COMERCIO DE PRODUTOS QUIMICOS LTDA;15;Indústria Química;1;Produção de substâncias e fabricação de produtos químicos;21/10/2004;;Alto;SENADOR CANEDO;GOIAS;-16,741389;-49,059417;Ativa;21/03/2026 20:27
60619202004992;MESSER GASES LTDA;15;Indústria Química;1;Produção de substâncias e fabricação de produtos químicos;01/01/2001;;Alto;APARECIDA DE GOIANIA;GOIAS;-16,790556;-49,238139;Ativa;21/03/2026 20:27
67423152001220;IBG INDUSTRIA BRASILEIRA DE GASES LTDA;15;Indústria Química;1;Produção de substâncias e fabricação de produtos químicos;03/11/2005;;Alto;APARECIDA DE GOIANIA;GOIAS;-16,796944;-49,317917;Ativa;21/03/2026 20:27
78391612004480;IBQ - INDUSTRIAS QUIMICAS S/A;15;Indústria Química;1;Produção de substâncias e fabricação de produtos químicos;23/03/2024;;Alto;CEZARINA;GOIAS;-17,049556;-49,799556;Ativa;21/03/2026 20:27
331788006311;AIR LIQUIDE BRASIL LTDA;15;Indústria Química;1;Produção de substâncias e fabricação de produtos químicos;11/06/2012;;Alto;IMPERATRIZ;MARANHAO;-5,41675;-47,554167;Ativa;21/03/2026 20:27
655209000193;CONSORCIO DE ALUMINIO DO MARANHAOON;15;Indústria Química;1;Produção de substâncias e fabricação de produtos químicos;20/07/1989;;Alto;SAO LUIS;MARANHAO;-2,713556;-44,334667;Ativa;21/03/2026 20:27
1489082000142;N A RIBEIRO SERVIÇOS;15;Indústria Química;1;Produção de substâncias e fabricação de produtos químicos;01/02/2012;;Alto;SITIO NOVO;MARANHAO;-5,907;-46,501;Ativa;21/03/2026 20:27
5092901001499;DUNAX LUBRIFICANTES LTDA;15;Indústria Química;1;Produção de substâncias e fabricação de produtos químicos;28/02/2021;;Alto;IMPERATRIZ;MARANHAO;-5,502497;-47,464164;Ativa;21/03/2026 20:27
7069487000370;F. C. OLIVEIRA E CIA LTDA.;15;Indústria Química;1;Produção de substâncias e fabricação de produtos químicos;01/01/2001;;Alto;CODO;MARANHAO;-4,477083;-43,891444;Ativa;21/03/2026 20:27
7720848000134;ROMENO B. DA SILVA-ME;15;Indústria Química;1;Produção de substâncias e fabricação de produtos químicos;02/12/2005;;Alto;SAO JOSE DE RIBAMAR;MARANHAO;-2,560667;-44,20375;Ativa;21/03/2026 20:27
8593610000158;GAS GRUPO ALVES E SEVERO LTDA;15;Indústria Química;1;Produção de substâncias e fabricação de produtos químicos;16/01/2007;;Alto;IMPERATRIZ;MARANHAO;-5,495703;-47,427978;Ativa;21/03/2026 20:27
14140686000120;J. A. FERNANDES INDÚSTRIA;15;Indústria Química;1;Produção de substâncias e fabricação de produtos químicos;18/08/2011;;Alto;GRAJAU;MARANHAO;-5,976444;-46,303528;Ativa;21/03/2026 20:27
21161632000107;CS CONTROLE E SERVICOS LTDA;15;Indústria Química;1;Produção de substâncias e fabricação de produtos químicos;07/03/2019;19/09/2022;Alto;DAVINOPOLIS;MARANHAO;-5,579528;-47,437278;Ativa;21/03/2026 20:27
22525037000176;FORT CLEAN DISTRIBUIDORA EIRELI;15;Indústria Química;1;Produção de substâncias e fabricação de produtos químicos;26/05/2015;02/10/2019;Alto;IMPERATRIZ;MARANHAO;-5,512278;-47,490556;Ativa;21/03/2026 20:27
31367633000166;ALLIANCE MARANHAO IND E COM LTDA;15;Indústria Química;1;Produção de substâncias e fabricação de produtos químicos;08/04/2019;;Alto;CODO;MARANHAO;-4,509417;-43,917167;Ativa;21/03/2026 20:27
34597955000513;WHITE MARTINS GASES INDUSTRIAIS DO NORTE LTDA;15;Indústria Química;1;Produção de substâncias e fabricação de produtos químicos;01/01/2001;22/03/2013;Alto;SAO LUIS;MARANHAO;-2,6425;-44,268444;Ativa;21/03/2026 20:27
43818418000709;NOURYON PULP AND PERFORMANCE INDÚSTRIA QUÍMICA LTDA;15;Indústria Química;1;Produção de substâncias e fabricação de produtos químicos;26/08/2013;;Alto;IMPERATRIZ;MARANHAO;-5,465667;-47,50325;Ativa;21/03/2026 20:27
50371975000102;INQUIMAR INDÚSTRIA QUÍMICA DO MARANHÃO LTDA;15;Indústria Química;1;Produção de substâncias e fabricação de produtos químicos;31/10/2023;;Alto;BALSAS;MARANHAO;-7,551306;-46,089028;Ativa;21/03/2026 20:27
51784262000630;PEROXIDOS DO BRASIL LTDA. FILIAL;15;Indústria Química;1;Produção de substâncias e fabricação de produtos químicos;24/05/2016;;Alto;IMPERATRIZ;MARANHAO;-5,414417;-47,580556;Ativa;21/03/2026 20:27
58563640000190;IPE QUIMICA DE SAO LUIS LTDA;15;Indústria Química;1;Produção de substâncias e fabricação de produtos químicos;01/07/2025;;Alto;SAO LUIS;MARANHAO;-2,733178;-44,332208;Ativa;21/03/2026 20:27
331788003053;AIR LIQUIDE BRASIL LTDA;15;Indústria Química;1;Produção de substâncias e fabricação de produtos químicos;22/04/2003;;Alto;POCOS DE CALDAS;MINAS GERAIS;-21,788333;-46,5625;Ativa;21/03/2026 20:27
331788003134;AIR LIQUIDE BRASIL LTDA;15;Indústria Química;1;Produção de substâncias e fabricação de produtos químicos;01/10/2003;;Alto;CONTAGEM;MINAS GERAIS;-19,965556;-44,072694;Ativa;21/03/2026 20:27
331788003487;AIR LIQUIDE BRASIL LTDA;15;Indústria Química;1;Produção de substâncias e fabricação de produtos químicos;01/10/2004;;Alto;FORTALEZA DE MINAS;MINAS GERAIS;-20,894417;-46,710278;Ativa;21/03/2026 20:27
331788006664;AIR LIQUIDE BRASIL LTDA;15;Indústria Química;1;Produção de substâncias e fabricação de produtos químicos;31/10/2012;;Alto;ITABIRITO;MINAS GERAIS;-20,226778;-43,967083;Ativa;21/03/2026 20:27
941281000187;GLAUCIA GOMES GONCALVES;15;Indústria Química;1;Produção de substâncias e fabricação de produtos químicos;01/01/2001;03/12/2019;Alto;GUAXUPE;MINAS GERAIS;-21,303611;-46,708611;Ativa;21/03/2026 20:27
1001365000101;ROTCEL PRODUTOS E SERVIÇOS PARA LIMPEZA INDUSTRIAL LTDA;15;Indústria Química;1;Produção de substâncias e fabricação de produtos químicos;01/01/2001;;Alto;LAGOA SANTA;MINAS GERAIS;-19,681944;-43,909444;Ativa;21/03/2026 20:27
1201578001140;MULTITRANS - TRANSPORTES E ARMAGENZ GERAIS LTDA;15;Indústria Química;1;Produção de substâncias e fabricação de produtos químicos;26/04/2024;;Alto;UBERABA;MINAS GERAIS;-19,979417;-47,897194;Ativa;21/03/2026 20:27
1340818000116;ALKON INDUSTRIA E COMERCIO LTDA;15;Indústria Química;1;Produção de substâncias e fabricação de produtos químicos;10/07/1996;;Alto;CONTAGEM;MINAS GERAIS;-19,931667;-44,053556;Ativa;21/03/2026 20:27
1538372000139;CARVOVALE - COMERCIO DE PRODUTOS AGROIND E FLORESTAIS LTDA;15;Indústria Química;1;Produção de substâncias e fabricação de produtos químicos;01/01/2001;24/05/2005;Alto;TAIOBEIRAS;MINAS GERAIS;-15,790556;-42,231667;Ativa;21/03/2026 20:27
1591897000138;CALDAS QUIMICA INDUSTRIA E COMERCIO LTDA;15;Indústria Química;1;Produção de substâncias e fabricação de produtos químicos;16/12/1996;;Alto;CALDAS;MINAS GERAIS;-21,886389;-46,403889;Ativa;21/03/2026 20:27
1593821001032;CENTRO-OESTE ASFALTOS S/A;15;Indústria Química;1;Produção de substâncias e fabricação de produtos químicos;01/11/1993;;Alto;IGARAPE;MINAS GERAIS;-20,0645;-44,287167;Ativa;21/03/2026 20:27
1752683000104;CALDAS COMERCIO DE PRODUTOS QUIMICOS LTDA;15;Indústria Química;1;Produção de substâncias e fabricação de produtos químicos;26/04/2010;07/04/2025;Alto;CALDAS;MINAS GERAIS;-21,828306;-46,4025;Ativa;21/03/2026 20:27
1866908000145;DIAGNO SOLUÇOES EM DIAGNÓSTICO LTDA;15;Indústria Química;1;Produção de substâncias e fabricação de produtos químicos;01/04/2003;;Alto;BELO HORIZONTE;MINAS GERAIS;-19,874778;-43,917556;Ativa;21/03/2026 20:27
1876124000106;APOLLO INDUSTRIA E COMERCIO DE ALUMINIO EM PO LTDA ME;15;Indústria Química;1;Produção de substâncias e fabricação de produtos químicos;01/01/2001;;Alto;LAGOA DA PRATA;MINAS GERAIS;-20,030311;-45,516014;Ativa;21/03/2026 20:27
1898598000221;STEPAN QUIMICA LTDA;15;Indústria Química;1;Produção de substâncias e fabricação de produtos químicos;02/09/2005;;Alto;VESPASIANO;MINAS GERAIS;-19,704167;-43,900806;Ativa;21/03/2026 20:27
2006487000145;MAXXI QUIMICA LTDA;15;Indústria Química;1;Produção de substâncias e fabricação de produtos químicos;01/08/1997;;Alto;PARA DE MINAS;MINAS GERAIS;-19,860278;-44,608306;Ativa;21/03/2026 20:27
2007718000135;MAX CLEAN AMBIENTAL E QUÍMICA S/A;15;Indústria Química;1;Produção de substâncias e fabricação de produtos químicos;16/12/2015;;Alto;SAO JOSE DA LAPA;MINAS GERAIS;-19,719039;-43,976706;Ativa;21/03/2026 20:27
2098200000154;LACTO LAB INDUSTRIA COMERCIO IMPORTACAO EXPORTACAO LTDA;15;Indústria Química;1;Produção de substâncias e fabricação de produtos químicos;01/01/2001;;Alto;BELO HORIZONTE;MINAS GERAIS;-19,9994;-43,970922;Ativa;21/03/2026 20:27
2106927000136;ORGANIZAÇÕES MUCAMBO LTDA;15;Indústria Química;1;Produção de substâncias e fabricação de produtos químicos;11/09/1997;;Alto;INDAIABIRA;MINAS GERAIS;-15,655917;-42,037778;Ativa;21/03/2026 20:27
2534069000120;BIOTÉCNICA INDÚSTRIA E COMÉRCIO LTDA.;15;Indústria Química;1;Produção de substâncias e fabricação de produtos químicos;02/01/2012;11/03/2025;Alto;VARGINHA;MINAS GERAIS;-21,574417;-45,435889;Ativa;21/03/2026 20:27
2614911000215;FERTIPAR SUDESTE ADUBOS E CORRETIVOS AGRÍCOLAS LTDA.;15;Indústria Química;1;Produção de substâncias e fabricação de produtos químicos;01/01/2001;02/02/2021;Alto;VARGINHA;MINAS GERAIS;-21,55;-45,430278;Ativa;21/03/2026 20:27
2614911000487;FERTIPAR SUDESTE ADUBOS E CORRETIVOS AGRICOLAS LTDA;15;Indústria Química;1;Produção de substâncias e fabricação de produtos químicos;20/06/2007;25/03/2021;Alto;ARCEBURGO;MINAS GERAIS;-21,387167;-46,964667;Ativa;21/03/2026 20:27
2614911000800;FERTIPAR SUDESTE - ADUBOS E CORRETIVOS AGRÍCOLAS LTDA;15;Indústria Química;1;Produção de substâncias e fabricação de produtos químicos;02/02/2018;02/02/2021;Alto;MARTINS SOARES;MINAS GERAIS;-20,257333;-41,861889;Ativa;21/03/2026 20:27
2950439000100;CYVAN PRODUTOS QUIMICOS LTDA;15;Indústria Química;1;Produção de substâncias e fabricação de produtos químicos;01/01/2001;;Alto;JUIZ DE FORA;MINAS GERAIS;-21,650278;-43,433333;Ativa;21/03/2026 20:27
3036867000195;WERDYAL TRATAMENTO AMBIENTAL LTDA - EPP;15;Indústria Química;1;Produção de substâncias e fabricação de produtos químicos;01/01/2001;;Alto;NOVA LIMA;MINAS GERAIS;-20,056944;-43,980556;Ativa;21/03/2026 20:27
3076832000260;FLEXIVEL INDUSTRIA E COMÉRCIO LTDA;15;Indústria Química;1;Produção de substâncias e fabricação de produtos químicos;17/05/2021;;Alto;EXTREMA;MINAS GERAIS;-22,804444;-46,271944;Ativa;21/03/2026 20:27
3142794000116;GOLD ANALISA DIAGNÓSTICA LTDA.;15;Indústria Química;1;Produção de substâncias e fabricação de produtos químicos;03/10/2017;03/02/2025;Alto;BELO HORIZONTE;MINAS GERAIS;-19,914694;-43,951917;Ativa;21/03/2026 20:27
3167683000164;NUSI IND E COMERCIO DE PRODUTOS QUIMICOS LTDA EPP;15;Indústria Química;1;Produção de substâncias e fabricação de produtos químicos;22/11/2010;;Alto;TIMOTEO;MINAS GERAIS;-19,552667;-42,591806;Ativa;21/03/2026 20:27
3177859000169;BORLEN INDUSTRIA QUIMICA LTDA;15;Indústria Química;1;Produção de substâncias e fabricação de produtos químicos;20/05/1999;;Alto;DIVINOPOLIS;MINAS GERAIS;-20,125361;-44,835169;Ativa;21/03/2026 20:27
3241334000145;RICA NATA INDÚSTRIA E COMÉRCIO LTDA - ME;15;Indústria Química;1;Produção de substâncias e fabricação de produtos químicos;09/06/1999;17/07/2014;Alto;PIRACEMA;MINAS GERAIS;-20,502833;-44,470028;Ativa;21/03/2026 20:27
3541660000410;ULTRALUB QUIMICA LTDA;15;Indústria Química;1;Produção de substâncias e fabricação de produtos químicos;01/01/2017;;Alto;ITAPEVA;MINAS GERAIS;-22,768056;-46,220833;Ativa;21/03/2026 20:27
3564280000159;QUIMICA REAL LTDA;15;Indústria Química;1;Produção de substâncias e fabricação de produtos químicos;20/12/1999;;Alto;BELO HORIZONTE;MINAS GERAIS;-19,840556;-43,936667;Ativa;21/03/2026 20:27
3570641000170;LIMPARR INDUSTRIA E COMERCIO LTDA;15;Indústria Química;1;Produção de substâncias e fabricação de produtos químicos;01/10/1999;;Alto;PEDRO LEOPOLDO;MINAS GERAIS;-19,5815;-44,034722;Ativa;21/03/2026 20:27
3613421000186;PETRONAS LUBRIFICANTES BRASIL S.A.;15;Indústria Química;1;Produção de substâncias e fabricação de produtos químicos;01/01/2001;;Alto;CONTAGEM;MINAS GERAIS;-19,938556;-44,069806;Ativa;21/03/2026 20:27
3723481000151;TECNO CLEAN INDUSTRIAL LTDA.;15;Indústria Química;1;Produção de substâncias e fabricação de produtos químicos;27/03/2000;;Alto;CONTAGEM;MINAS GERAIS;-19,907;-44,0535;Ativa;21/03/2026 20:27
3806158000141;ANDRADAS INDUSTRIA QUIMICA LTDA.;15;Indústria Química;1;Produção de substâncias e fabricação de produtos químicos;03/11/2005;;Alto;ANDRADAS;MINAS GERAIS;-21,96;-46,548056;Ativa;21/03/2026 20:27
4408247000100;ACMOS DO BRASIL LTDA;15;Indústria Química;1;Produção de substâncias e fabricação de produtos químicos;04/10/2003;;Alto;ITAPEVA;MINAS GERAIS;-22,768556;-46,207167;Ativa;21/03/2026 20:27
4420916000666;EMAM - EMULSÕES E TRANSPORTES LTDA;15;Indústria Química;1;Produção de substâncias e fabricação de produtos químicos;10/12/2020;;Alto;IBIRITE;MINAS GERAIS;-20,021667;-44,058889;Ativa;21/03/2026 20:27
4437440000161;FOS- QUIMICA E DERIVADOS LTDA;15;Indústria Química;1;Produção de substâncias e fabricação de produtos químicos;09/05/2001;;Alto;ARCOS;MINAS GERAIS;-20,287778;-45,5875;Ativa;21/03/2026 20:27
4537036000160;MCLAW DO BRASIL LTDA;15;Indústria Química;1;Produção de substâncias e fabricação de produtos químicos;17/08/2018;;Alto;ARCEBURGO;MINAS GERAIS;-21,403056;-46,979167;Ativa;21/03/2026 20:27
4602159000137;CATRAM LTDA - ME;15;Indústria Química;1;Produção de substâncias e fabricação de produtos químicos;01/01/2002;31/12/2004;Alto;JOAO PINHEIRO;MINAS GERAIS;-17,743056;-46,182222;Ativa;21/03/2026 20:27
4789819000130;ALUMÍNIO PALMITAL LTDA.;15;Indústria Química;1;Produção de substâncias e fabricação de produtos químicos;01/01/2001;;Alto;SANTO ANTONIO DO MONTE;MINAS GERAIS;-20,099167;-45,240833;Ativa;21/03/2026 20:27
4910721000190;M & W SERVIÇOS FLORESTAIS LTDA;15;Indústria Química;1;Produção de substâncias e fabricação de produtos químicos;01/04/2002;15/09/2011;Alto;MARIANA;MINAS GERAIS;-20,178889;-43,397778;Ativa;21/03/2026 20:27
4978493000190;SQI-SOLUÇÕES QUÍMICAS INDUSTRIAIS LTDA;15;Indústria Química;1;Produção de substâncias e fabricação de produtos químicos;27/03/2002;;Alto;SANTANA DO PARAISO;MINAS GERAIS;-19,477417;-42,488972;Ativa;21/03/2026 20:27
5064651000169;EMPRESA MINEIRA DE ÓXIDOS LTDA;15;Indústria Química;1;Produção de substâncias e fabricação de produtos químicos;24/04/2002;;Alto;SABARA;MINAS GERAIS;-19,833306;-43,851389;Ativa;21/03/2026 20:27
5133369000358;ARR MAZ DO BRASIL LTDA;15;Indústria Química;1;Produção de substâncias e fabricação de produtos químicos;06/01/2015;;Alto;UBERLANDIA;MINAS GERAIS;-18,931467;-48,271828;Ativa;21/03/2026 20:27
5256929000108;TOKI INDUSTRIA E COMERCIO DE TINTAS LTDA;15;Indústria Química;1;Produção de substâncias e fabricação de produtos químicos;01/04/2008;;Alto;NOVA SERRANA;MINAS GERAIS;-19,8725;-44,999667;Ativa;21/03/2026 20:27
5497195000140;FERGUMINAS SIDERURGIA LTDA;15;Indústria Química;1;Produção de substâncias e fabricação de produtos químicos;01/07/2003;27/10/2006;Alto;ITAUNA;MINAS GERAIS;-20,02;-44,594417;Ativa;21/03/2026 20:27
5541165000194;SIMAR FUNDICOES ESPECIAIS LTDA;15;Indústria Química;1;Produção de substâncias e fabricação de produtos químicos;01/09/2006;14/03/2012;Alto;MARAVILHAS;MINAS GERAIS;-19,513167;-44,681389;Ativa;21/03/2026 20:27
5658196000120;CERAS PAULISTA INDÚSTRIA E DISTRIBUIÇÃO LTDA.;15;Indústria Química;1;Produção de substâncias e fabricação de produtos químicos;07/04/2003;;Alto;BELO HORIZONTE;MINAS GERAIS;-19,942;-44,004417;Ativa;21/03/2026 20:27
5658506000459;MATRYX INDUSTRIA E COMÉRCIO DE INSUMOS PARA TRATAMENTO DE ÁGUAS LTDA.;15;Indústria Química;1;Produção de substâncias e fabricação de produtos químicos;16/09/2021;;Alto;BETIM;MINAS GERAIS;-19,955806;-44,093583;Ativa;21/03/2026 20:27
5787563000195;NANUM NANOTECNOLOGIA S/A;15;Indústria Química;1;Produção de substâncias e fabricação de produtos químicos;29/10/2012;;Alto;LAGOA SANTA;MINAS GERAIS;-19,636522;-43,894475;Ativa;21/03/2026 20:27
5787563000438;NANUM NANOTECNOLOGIA S/A;15;Indústria Química;1;Produção de substâncias e fabricação de produtos químicos;17/07/2024;;Alto;LAGOA SANTA;MINAS GERAIS;-19,673056;-43,925806;Ativa;21/03/2026 20:27
6937683000194;SOLVERQUIMICA INDÚSTRIA E COMÉRCIO LTDA-ME;15;Indústria Química;1;Produção de substâncias e fabricação de produtos químicos;29/07/2004;;Alto;SANTANA DO PARAISO;MINAS GERAIS;-19,363556;-42,568556;Ativa;21/03/2026 20:27
6943259000314;CIPALAM INDÚSTRIA E COMÉRCIO DE LAMINADOS S/A;15;Indústria Química;1;Produção de substâncias e fabricação de produtos químicos;05/07/2021;;Alto;SANTANA DO PARAISO;MINAS GERAIS;-19,406944;-42,500278;Ativa;21/03/2026 20:27
7086487000116;CEVA VETERINÁRIA S/A;15;Indústria Química;1;Produção de substâncias e fabricação de produtos químicos;26/10/2004;21/05/2019;Alto;JUATUBA;MINAS GERAIS;-19,943056;-44,318889;Ativa;21/03/2026 20:27
7371304000104;ALL INDUSTRIA DE LUBRIFICANTES LTDA ME;15;Indústria Química;1;Produção de substâncias e fabricação de produtos químicos;01/09/2010;;Alto;SAO GONCALO DO SAPUCAI;MINAS GERAIS;-21,825806;-45,576778;Ativa;21/03/2026 20:27
7478376000155;POWERPOXI TECNOLOGIA EM POLÍMEROS LTDA - EPP;15;Indústria Química;1;Produção de substâncias e fabricação de produtos químicos;03/04/2017;19/12/2017;Alto;NOVA LIMA;MINAS GERAIS;-20,065111;-43,987389;Ativa;21/03/2026 20:27
7630179000100;RSC INDUSTRIA DE FLOCULANTES LTDA - ME;15;Indústria Química;1;Produção de substâncias e fabricação de produtos químicos;12/07/2017;;Alto;TUPACIGUARA;MINAS GERAIS;-18,603919;-48,71955;Ativa;21/03/2026 20:27
7798342000148;TAC TINTAS INDUSTRIAIS LTDA;15;Indústria Química;1;Produção de substâncias e fabricação de produtos químicos;06/04/2021;08/01/2025;Alto;BELO HORIZONTE;MINAS GERAIS;-19,989778;-43,963417;Ativa;21/03/2026 20:27
8072145000100;ANALITICA QUIMICA INDUSTRIA E COMERCIO LTDA;15;Indústria Química;1;Produção de substâncias e fabricação de produtos químicos;12/06/2006;;Alto;ARAXA;MINAS GERAIS;-19,559722;-46,987778;Ativa;21/03/2026 20:27
8244232000105;ELECTRIC INK INDUSTRIA COMERCIO IMPORTAÇÃO E EXPORTAÇÃO LTDA - EPP;15;Indústria Química;1;Produção de substâncias e fabricação de produtos químicos;18/06/2018;;Alto;UBERABA;MINAS GERAIS;-19,703611;-47,973333;Ativa;21/03/2026 20:27
8281012000143;BMA AMBIENTAL LTDA;15;Indústria Química;1;Produção de substâncias e fabricação de produtos químicos;02/08/2010;;Alto;SANTA LUZIA;MINAS GERAIS;-19,749056;-43,880917;Ativa;21/03/2026 20:27
8636603000196;BRAÍSO INDÚSTRIA, RECICLAGEM E COMÉRCIO LTDA;15;Indústria Química;1;Produção de substâncias e fabricação de produtos químicos;08/02/2007;10/02/2016;Alto;CAMBUI;MINAS GERAIS;-22,615167;-46,065917;Ativa;21/03/2026 20:27
8684547001641;MAGNESITA REFRATÁRIOS S.A.;15;Indústria Química;1;Produção de substâncias e fabricação de produtos químicos;22/06/2022;;Alto;ESMERALDAS;MINAS GERAIS;-19,786389;-44,295556;Ativa;21/03/2026 20:27
8762696000103;H2O AMBIENTAL INDUSTRIA QUIMICA COMERCIO E IMPORTAÇÃO;15;Indústria Química;1;Produção de substâncias e fabricação de produtos químicos;01/09/2017;;Alto;LAGOA SANTA;MINAS GERAIS;-19,678056;-43,910278;Ativa;21/03/2026 20:27
8811292000154;CLISOL PRODUCTS LTDA;15;Indústria Química;1;Produção de substâncias e fabricação de produtos químicos;14/06/2013;27/08/2021;Alto;MATEUS LEME;MINAS GERAIS;-19,987778;-44,411056;Ativa;21/03/2026 20:27
8811292000235;CLISOL PRODUCTS LTDA;15;Indústria Química;1;Produção de substâncias e fabricação de produtos químicos;05/08/2014;15/09/2025;Alto;MATEUS LEME;MINAS GERAIS;-19,987778;-44,411056;Ativa;21/03/2026 20:27
8979887000113;HEFEST MINERALS LTDA;15;Indústria Química;1;Produção de substâncias e fabricação de produtos químicos;26/07/2007;;Alto;NOVA LIMA;MINAS GERAIS;-20,056667;-43,98;Ativa;21/03/2026 20:27
9145060000177;HIDROQUIMICA INDUSTRIA E COMERCIO LTDA;15;Indústria Química;1;Produção de substâncias e fabricação de produtos químicos;04/09/2007;;Alto;TIMOTEO;MINAS GERAIS;-19,531778;-42,62;Ativa;21/03/2026 20:27
9209228000594;TECNOSIL INDUSTRIA E COMERCIO DE PRODUTOS QUIMICOS LTDA;15;Indústria Química;1;Produção de substâncias e fabricação de produtos químicos;26/11/2025;;Alto;SANTOS DUMONT;MINAS GERAIS;-21,436111;-43,55475;Ativa;21/03/2026 20:27
9452370000134;LAMCA COMERCIO LTDA - ME;15;Indústria Química;1;Produção de substâncias e fabricação de produtos químicos;17/06/2009;;Alto;VARGINHA;MINAS GERAIS;-21,532667;-45,460861;Ativa;21/03/2026 20:27
9500070000183;TECMAR INDUSTRIAL QUÍMICA LTDA;15;Indústria Química;1;Produção de substâncias e fabricação de produtos químicos;01/07/2014;;Alto;UBA;MINAS GERAIS;-21,1475;-42,874667;Ativa;21/03/2026 20:27
9665558000160;POSAL-IND. E COM.DE IMP. E EXP. DE ALUMINIO LTDA;15;Indústria Química;1;Produção de substâncias e fabricação de produtos químicos;22/09/2009;09/03/2016;Alto;SANTO ANTONIO DO MONTE;MINAS GERAIS;-20,09;-45,298889;Ativa;21/03/2026 20:27
10262614000103;ITAK - INSTITUTO DE TECNOLOGIA AUGUST KEKULÉ LTDA;15;Indústria Química;1;Produção de substâncias e fabricação de produtos químicos;26/01/2011;;Alto;JOAO MONLEVADE;MINAS GERAIS;-19,81;-43,173306;Ativa;21/03/2026 20:27
10635110000183;GASES DO SUL LTDA.;15;Indústria Química;1;Produção de substâncias e fabricação de produtos químicos;13/05/2022;;Alto;CAMANDUCAIA;MINAS GERAIS;-22,789667;-46,170806;Ativa;21/03/2026 20:27
10668157000143;SUPERFICIE QUIMICA INDUSTRIAL LTDA;15;Indústria Química;1;Produção de substâncias e fabricação de produtos químicos;04/03/2009;;Alto;CONTAGEM;MINAS GERAIS;-19,919417;-44,027167;Ativa;21/03/2026 20:27
10724739000108;ACTBOR FABRICAÇÃO DE ARTEFATOS DE BORRACHA EIRELI;15;Indústria Química;1;Produção de substâncias e fabricação de produtos químicos;24/03/2009;07/08/2018;Alto;ARCOS;MINAS GERAIS;-20,311944;-45,551667;Ativa;21/03/2026 20:27
10745687000300;VITTA QUIMICA INDUSTRIA E COMERCIO LTDA;15;Indústria Química;1;Produção de substâncias e fabricação de produtos químicos;05/09/2025;;Alto;SAO GONCALO DO RIO ABAIXO;MINAS GERAIS;-19,8248;-43,361667;Ativa;21/03/2026 20:27
11015846000111;NOVAC INDUSTRIA QUIMICA LTDA EPP;15;Indústria Química;1;Produção de substâncias e fabricação de produtos químicos;04/08/2009;;Alto;CASSIA;MINAS GERAIS;-20,592167;-46,919667;Ativa;21/03/2026 20:27
11159809000772;ECO RECYCLING LTDA;15;Indústria Química;1;Produção de substâncias e fabricação de produtos químicos;03/07/2020;;Alto;SAO JOAQUIM DE BICAS;MINAS GERAIS;-20,035556;-44,266389;Ativa;21/03/2026 20:27
11224676000347;AMG BRASIL S.A.;15;Indústria Química;1;Produção de substâncias e fabricação de produtos químicos;01/10/2020;;Alto;SAO JOAO DEL REI;MINAS GERAIS;-21,083417;-44,229806;Ativa;21/03/2026 20:27
11771377000160;WHITE QUIMICA LTDA;15;Indústria Química;1;Produção de substâncias e fabricação de produtos químicos;05/04/2010;;Alto;UBERLANDIA;MINAS GERAIS;-18,908631;-48,246278;Ativa;21/03/2026 20:27
12229415001435;S/A USINA CORURIPE AÇÚCAR E ÁLCOOL;15;Indústria Química;1;Produção de substâncias e fabricação de produtos químicos;01/04/2005;;Alto;CAMPO FLORIDO;MINAS GERAIS;-19,812778;-48,735556;Ativa;21/03/2026 20:27
12439024000120;VELUMAR SOLUÇÕES LTDA;15;Indústria Química;1;Produção de substâncias e fabricação de produtos químicos;25/08/2010;;Alto;OURO PRETO;MINAS GERAIS;-20,405056;-43,496917;Ativa;21/03/2026 20:27
12899081000192;MARCOS MIRANDA CRUZ COM ART. LAZER ME;15;Indústria Química;1;Produção de substâncias e fabricação de produtos químicos;07/08/2014;;Alto;TRES PONTAS;MINAS GERAIS;-21,3851;-45,506922;Ativa;21/03/2026 20:27
13021948000175;MM SOLUCOES MODULARES LTDA;15;Indústria Química;1;Produção de substâncias e fabricação de produtos químicos;01/05/2023;;Alto;CONTAGEM;MINAS GERAIS;-19,88725;-44,051806;Ativa;21/03/2026 20:27
13212412000137;CARE SYSTEMS SOLUCOES BIO - AMBIENTAIS LTDA;15;Indústria Química;1;Produção de substâncias e fabricação de produtos químicos;07/02/2011;22/03/2016;Alto;LAVRAS;MINAS GERAIS;-21,258639;-45,0;Ativa;21/03/2026 20:27
15159173000124;AMBEQ PRODUTOS QUIMICOS LTDA;15;Indústria Química;1;Produção de substâncias e fabricação de produtos químicos;14/05/2019;27/11/2019;Alto;CALDAS;MINAS GERAIS;-21,828889;-46,402917;Ativa;21/03/2026 20:27
16554871000197;QUIMEX INDUSTRIA E COMERCIO DE PRODUTOS E LIGAS S/A;15;Indústria Química;1;Produção de substâncias e fabricação de produtos químicos;20/05/2016;;Alto;UBERABA;MINAS GERAIS;-19,7925;-47,926056;Ativa;21/03/2026 20:27
16554871000278;QUIMEX INDUSTRIA E COMERCIO DE PRODUTOS E LIGAS LTDA;15;Indústria Química;1;Produção de substâncias e fabricação de produtos químicos;01/09/2022;;Alto;ARAXA;MINAS GERAIS;-19,566111;-46,820833;Ativa;21/03/2026 20:27
16888372000136;REFLORALJE - REFLOREST. E AGROPECUÁRIA LTDA;15;Indústria Química;1;Produção de substâncias e fabricação de produtos químicos;01/01/2002;12/11/2013;Alto;BELO HORIZONTE;MINAS GERAIS;-19,947533;-43,912353;Ativa;21/03/2026 20:27
16992805000280;SEBREM - SOLUÇÕES ECOLÓGICAS PARA BENEFICIAMENTO DE RESÍDUOS E MINÉRIOS LTDA;15;Indústria Química;1;Produção de substâncias e fabricação de produtos químicos;16/01/2014;;Alto;CONSELHEIRO LAFAIETE;MINAS GERAIS;-20,608889;-43,787167;Ativa;21/03/2026 20:27
17157497000159;FOGOS SUPER SHOW INDUSTRIA E COMERCIO LTDA-ME;15;Indústria Química;1;Produção de substâncias e fabricação de produtos químicos;11/11/2013;;Alto;JAPARAIBA;MINAS GERAIS;-20,185556;-45,478889;Ativa;21/03/2026 20:27
17195231000281;PETROLUB INDUSTRIAL DE LUBRIFICANTES LTDA.;15;Indústria Química;1;Produção de substâncias e fabricação de produtos químicos;08/11/2022;;Alto;SETE LAGOAS;MINAS GERAIS;-19,471389;-44,294167;Ativa;21/03/2026 20:27
17226994000404;LEMOS E RAGO LTDA;15;Indústria Química;1;Produção de substâncias e fabricação de produtos químicos;21/10/2008;;Alto;NOVA LIMA;MINAS GERAIS;-20,000806;-43,852167;Ativa;21/03/2026 20:27
17227422000105;GERDAU AÇOMINAS S.A;15;Indústria Química;1;Produção de substâncias e fabricação de produtos químicos;29/06/2018;;Alto;OURO BRANCO;MINAS GERAIS;-20,544667;-43,755278;Ativa;21/03/2026 20:27
17489347000142;RS COMÉRCIO DE PRODUTOS QUÍMICOS LTDA;15;Indústria Química;1;Produção de substâncias e fabricação de produtos químicos;15/10/2015;;Alto;CONTAGEM;MINAS GERAIS;-19,835278;-44,033889;Ativa;21/03/2026 20:27
17545961000184;ICARAI DO BRASIL INDUSTRIA QUIMICA LTDA -EPP;15;Indústria Química;1;Produção de substâncias e fabricação de produtos químicos;06/02/2013;;Alto;JACUTINGA;MINAS GERAIS;-22,293889;-46,618583;Ativa;21/03/2026 20:27
17641572000152;AGROPECUÁRIA LOAGOA AZUL LTDA;15;Indústria Química;1;Produção de substâncias e fabricação de produtos químicos;01/04/2003;;Alto;JOAO PINHEIRO;MINAS GERAIS;-17,749167;-46,175556;Ativa;21/03/2026 20:27
17681727000184;SUN PRODUTOS QUIMICOS LTDA;15;Indústria Química;1;Produção de substâncias e fabricação de produtos químicos;01/04/2002;;Alto;UBERLANDIA;MINAS GERAIS;-18,866083;-48,295;Ativa;21/03/2026 20:27
17720994000113;ACTECH - ALUMINA CHEMICAL TECHNOLOGY LTDA;15;Indústria Química;1;Produção de substâncias e fabricação de produtos químicos;11/03/2013;;Alto;OURO PRETO;MINAS GERAIS;-20,399667;-43,519417;Ativa;21/03/2026 20:27
18095026000126;INDEQUIL INDUSTRIA DE DERIVADOS QUIMICOS LTDA;15;Indústria Química;1;Produção de substâncias e fabricação de produtos químicos;01/04/2003;;Alto;BARBACENA;MINAS GERAIS;-21,226056;-43,773306;Ativa;21/03/2026 20:27
18101117000127;MAYIM BRASIL LTDA;15;Indústria Química;1;Produção de substâncias e fabricação de produtos químicos;01/01/2024;;Alto;BELO HORIZONTE;MINAS GERAIS;-19,989528;-43,963278;Ativa;21/03/2026 20:27
18104802001340;TERRENA AGRONEGÓCIOS LTDA;15;Indústria Química;1;Produção de substâncias e fabricação de produtos químicos;01/03/2010;31/10/2019;Alto;CARMO DO PARANAIBA;MINAS GERAIS;-19,010167;-46,318306;Ativa;21/03/2026 20:27
18235762000132;DAIDO QUIMICA DO BRASIL LTDA;15;Indústria Química;1;Produção de substâncias e fabricação de produtos químicos;02/01/2001;;Alto;CONTAGEM;MINAS GERAIS;-19,940417;-44,062556;Ativa;21/03/2026 20:27
18250881000164;RESIMAT QUIMICOS PARA CONSTRUCAO LTDA - EPP;15;Indústria Química;1;Produção de substâncias e fabricação de produtos químicos;06/06/2013;27/12/2022;Alto;CONTAGEM;MINAS GERAIS;-19,921111;-44,025833;Ativa;21/03/2026 20:27
18378210000183;MINAS ECO QUÍMICA INDUSTRIA E COMERCIO LTDA-ME;15;Indústria Química;1;Produção de substâncias e fabricação de produtos químicos;27/06/2013;;Alto;ARAGUARI;MINAS GERAIS;-18,670972;-48,189472;Ativa;21/03/2026 20:27
18565382000670;ANGLOGOLD ASHANTI CORREGO DO SITIO MINERAÇÃO S/A;15;Indústria Química;1;Produção de substâncias e fabricação de produtos químicos;01/07/2010;;Alto;NOVA LIMA;MINAS GERAIS;-19,996389;-43,846389;Ativa;21/03/2026 20:27
18985986000161;ORGANIZAÇÃO SANTA BÁRBARA LTDA;15;Indústria Química;1;Produção de substâncias e fabricação de produtos químicos;01/01/2002;15/03/2005;Alto;SANTA BARBARA;MINAS GERAIS;-19,95915;-43,411103;Ativa;21/03/2026 20:27
19103633000153;ACQUA SANEAMENTO INDUSTRIA E COMERCIO DE PRODUTOS QUIMICOS LTDA;15;Indústria Química;1;Produção de substâncias e fabricação de produtos químicos;16/12/2019;;Alto;TIMOTEO;MINAS GERAIS;-19,553306;-42,590278;Ativa;21/03/2026 20:27
19130459000138;INDÚSTRIA DE COLA E GELATINA CAMPO BELO LTDA;15;Indústria Química;1;Produção de substâncias e fabricação de produtos químicos;01/01/2003;13/12/2019;Alto;CAMPO BELO;MINAS GERAIS;-20,908306;-45,255;Ativa;21/03/2026 20:27
19226321000137;BERTECH BRASIL PRODUTOS QUIMICOS LTDA EPP;15;Indústria Química;1;Produção de substâncias e fabricação de produtos químicos;08/11/2013;02/09/2015;Alto;NOVA LIMA;MINAS GERAIS;-20,062333;-43,980556;Ativa;21/03/2026 20:27
19405166000116;GEORGES BROEMME AROMAS E FRAGRANCIAS LTDA;15;Indústria Química;1;Produção de substâncias e fabricação de produtos químicos;05/09/1966;;Alto;CARMO DA MATA;MINAS GERAIS;-20,569667;-44,884417;Ativa;21/03/2026 20:27
19525278000372;BAUMINAS QUÍMICA LTDA.;15;Indústria Química;1;Produção de substâncias e fabricação de produtos químicos;01/04/2003;;Alto;NOVA LIMA;MINAS GERAIS;-20,018889;-43,834056;Ativa;21/03/2026 20:27
19525278001263;BAUMINAS QUIMICA LTDA;15;Indústria Química;1;Produção de substâncias e fabricação de produtos químicos;01/11/2024;;Alto;UBERLANDIA;MINAS GERAIS;-18,8625;-48,282194;Ativa;21/03/2026 20:27
20144085000946;SIDERÚRGICA VALINHO S/A;15;Indústria Química;1;Produção de substâncias e fabricação de produtos químicos;01/04/2003;03/11/2005;Alto;DIVINOPOLIS;MINAS GERAIS;-20,149167;-44,915;Ativa;21/03/2026 20:27
20144374000198;SAO CRISTOVAO COMERCIAL EXPORTADORA INDUSTRIA E COMERCIO LTDA;15;Indústria Química;1;Produção de substâncias e fabricação de produtos químicos;01/07/2003;31/12/2013;Alto;DIVINOPOLIS;MINAS GERAIS;-20,022386;-45,013733;Ativa;21/03/2026 20:27
20150090000104;FERROESTE INDUSTRIAL LTDA;15;Indústria Química;1;Produção de substâncias e fabricação de produtos químicos;01/10/2003;16/11/2010;Alto;BELO HORIZONTE;MINAS GERAIS;-19,927778;-43,920806;Ativa;21/03/2026 20:27
20157444000142;MINAS QUIMICA FRUTAL LTDA - ME;15;Indústria Química;1;Produção de substâncias e fabricação de produtos químicos;29/04/2014;;Alto;FRUTAL;MINAS GERAIS;-20,027167;-48,91;Ativa;21/03/2026 20:27
20177101000140;SIDERPA SIDERÚRGICA PAULINO LTDA;15;Indústria Química;1;Produção de substâncias e fabricação de produtos químicos;01/04/2002;28/01/2014;Alto;SETE LAGOAS;MINAS GERAIS;-19,525806;-44,260556;Ativa;21/03/2026 20:27
20388757000101;GELF SIDERURGIA S/A;15;Indústria Química;1;Produção de substâncias e fabricação de produtos químicos;01/04/2002;25/01/2006;Alto;SETE LAGOAS;MINAS GERAIS;-19,439167;-44,341056;Ativa;21/03/2026 20:27
20388757000535;GELF SIDERURGIA S/A;15;Indústria Química;1;Produção de substâncias e fabricação de produtos químicos;01/03/2013;27/03/2019;Alto;ITACAMBIRA;MINAS GERAIS;-16,877389;-43,465306;Ativa;21/03/2026 20:27
20880167000100;BIOMAC MED ODONTOMEDICA LTDA;15;Indústria Química;1;Produção de substâncias e fabricação de produtos químicos;01/01/2001;21/11/2008;Alto;JUIZ DE FORA;MINAS GERAIS;-21,767139;-43,332806;Ativa;21/03/2026 20:27
20927059000137;TANSAN INDÚSTRIA QUÍMICA LTDA;15;Indústria Química;1;Produção de substâncias e fabricação de produtos químicos;01/01/2004;;Alto;PEDRA DO INDAIA;MINAS GERAIS;-20,266389;-45,207778;Ativa;21/03/2026 20:27
20937020000109;FUNDKOTE INDÚSTRIA DE REVESTIMENTOS REFRATÁRIOS LTDA;15;Indústria Química;1;Produção de substâncias e fabricação de produtos químicos;02/02/2015;28/06/2016;Alto;ITAUNA;MINAS GERAIS;-20,080278;-44,603056;Ativa;21/03/2026 20:27
21035571000131;SETTORI DO BRASIL INDUSTRIA DE ÓLEOS VEGETAIS LTDA;15;Indústria Química;1;Produção de substâncias e fabricação de produtos químicos;03/04/2007;;Alto;JABOTICATUBAS;MINAS GERAIS;-19,563917;-43,762944;Ativa;21/03/2026 20:27
21238875000104;ARLATEC INDUSTRIA QUIMICA LTDA;15;Indústria Química;1;Produção de substâncias e fabricação de produtos químicos;16/10/2014;;Alto;UBERLANDIA;MINAS GERAIS;-18,846797;-48,292864;Ativa;21/03/2026 20:27
21568365000197;PRODUTOS MACALÉ LTDA;15;Indústria Química;1;Produção de substâncias e fabricação de produtos químicos;01/01/1999;10/07/2018;Alto;JUIZ DE FORA;MINAS GERAIS;-21,740833;-43,363333;Ativa;21/03/2026 20:27
21624671000101;COMPANHIA BRASILEIRA DE LITIO;15;Indústria Química;1;Produção de substâncias e fabricação de produtos químicos;01/01/2001;;Alto;DIVISA ALEGRE;MINAS GERAIS;-15,732;-41,343667;Ativa;21/03/2026 20:27
21679824000100;POSTO QUATI LTDA;15;Indústria Química;1;Produção de substâncias e fabricação de produtos químicos;01/01/2002;16/04/2004;Alto;POMPEU;MINAS GERAIS;-19,217778;-44,934056;Ativa;21/03/2026 20:27
21820014001799;VACCINAR INDÚSTRIA E COMÉRCIO LTDA;15;Indústria Química;1;Produção de substâncias e fabricação de produtos químicos;18/03/2019;06/06/2022;Alto;NOVA PONTE;MINAS GERAIS;-19,528556;-47,630278;Ativa;21/03/2026 20:27
21899216000291;BELQUIMICA PRODUTOS E ASSISTENCIA TECNICA LTDA;15;Indústria Química;1;Produção de substâncias e fabricação de produtos químicos;06/11/1991;;Alto;BETIM;MINAS GERAIS;-19,957917;-44,152694;Ativa;21/03/2026 20:27
21959857000103;NERO QUIMICA PRODUTOS E SERVICOS LTDA EPP;15;Indústria Química;1;Produção de substâncias e fabricação de produtos químicos;29/08/2016;;Alto;MATEUS LEME;MINAS GERAIS;-20,006667;-44,434944;Ativa;21/03/2026 20:27
22376893000107;ARLAFOR INDUSTRIA E COMERCIO DE ARLA LTDA;15;Indústria Química;1;Produção de substâncias e fabricação de produtos químicos;05/05/2015;;Alto;FORMIGA;MINAS GERAIS;-20,4375;-45,461083;Ativa;21/03/2026 20:27
22403729000141;BEL QUIMICA LTDA;15;Indústria Química;1;Produção de substâncias e fabricação de produtos químicos;01/01/2001;;Alto;RIBEIRAO DAS NEVES;MINAS GERAIS;-19,783306;-44,074167;Ativa;21/03/2026 20:27
22463855000191;VITA BRILHO INDUSTRIA E COMÉRCIO DE COSMÉTICO;15;Indústria Química;1;Produção de substâncias e fabricação de produtos químicos;01/07/2013;;Alto;VARGINHA;MINAS GERAIS;-21,552167;-45,438889;Ativa;21/03/2026 20:27
22619217002322;RIO RANCHO AGROPECUÁRIA S/A;15;Indústria Química;1;Produção de substâncias e fabricação de produtos químicos;01/01/2005;14/04/2015;Alto;GRAO MOGOL;MINAS GERAIS;-16,299417;-42,679167;Ativa;21/03/2026 20:27
22706991000165;HAVA PRODUTOS QUIMICOS LTDA;15;Indústria Química;1;Produção de substâncias e fabricação de produtos químicos;23/06/2015;;Alto;BELO HORIZONTE;MINAS GERAIS;-19,955694;-44,077103;Ativa;21/03/2026 20:27
23317243000234;EUROIND INDÚSTRIA COMÉRCIO E LOGISTICA LTDA;15;Indústria Química;1;Produção de substâncias e fabricação de produtos químicos;10/07/2024;;Alto;CAPITOLIO;MINAS GERAIS;-20,617336;-46,029689;Ativa;21/03/2026 20:27
23637697000101;ALCOA ALUMINIO S.A.;15;Indústria Química;1;Produção de substâncias e fabricação de produtos químicos;20/07/1989;;Alto;POCOS DE CALDAS;MINAS GERAIS;-21,843889;-46,588889;Ativa;21/03/2026 20:27
23747090000184;SCIAVICCO COMERCIO E INDUSTRIA LTDA;15;Indústria Química;1;Produção de substâncias e fabricação de produtos químicos;01/01/2001;30/03/2021;Alto;BELO HORIZONTE;MINAS GERAIS;-19,919011;-43,911828;Ativa;21/03/2026 20:27
23747090000265;SCIAVICCO COMÉRCIO E INDÚSTRIA LTDA;15;Indústria Química;1;Produção de substâncias e fabricação de produtos químicos;22/03/1993;;Alto;SABARA;MINAS GERAIS;-19,901667;-43,816917;Ativa;21/03/2026 20:27
23759905000145;FERMAVI ELETROQUIMICA LTDA;15;Indústria Química;1;Produção de substâncias e fabricação de produtos químicos;01/01/2001;;Alto;VARGINHA;MINAS GERAIS;-21,5315;-45,462306;Ativa;21/03/2026 20:27
23931143000112;SAS INDUSTRIA E COMERCIO DE PRODUTOS QUIMICOS LTDA -ME;15;Indústria Química;1;Produção de substâncias e fabricação de produtos químicos;08/01/2016;;Alto;VESPASIANO;MINAS GERAIS;-19,735139;-43,95625;Ativa;21/03/2026 20:27
24867994000106;REDE GAS UNIAO DE ABAETE LTDA;15;Indústria Química;1;Produção de substâncias e fabricação de produtos químicos;12/05/2025;;Alto;ABAETE;MINAS GERAIS;-19,155833;-45,44;Ativa;21/03/2026 20:27
24987463000157;MASSA FALIDA DA SIDERURGICA NOROESTE LTDA;15;Indústria Química;1;Produção de substâncias e fabricação de produtos químicos;01/04/2002;04/04/2006;Alto;SERRO;MINAS GERAIS;-19,454722;-44,225833;Ativa;21/03/2026 20:27
25106138000109;INDUSTRIA QUIMICA JACUTINGA EIRELLI - ME;15;Indústria Química;1;Produção de substâncias e fabricação de produtos químicos;30/06/2016;;Alto;JACUTINGA;MINAS GERAIS;-22,288644;-46,608075;Ativa;21/03/2026 20:27
25156610000100;COBO, JARUSSI E PONTES INDÚSTRIA QUÍMICA LTDA - ME;15;Indústria Química;1;Produção de substâncias e fabricação de produtos químicos;07/07/2016;;Alto;UBERABA;MINAS GERAIS;-19,766389;-47,895556;Ativa;21/03/2026 20:27
25266685004211;COOPERATIVA DOS CAFEICULTORES DA ZONA DE TRES PONTAS LTDA;15;Indústria Química;1;Produção de substâncias e fabricação de produtos químicos;01/01/2019;;Alto;SANTO ANTONIO DO AMPARO;MINAS GERAIS;-20,949444;-44,920833;Ativa;21/03/2026 20:27
25412719000160;ADUBOS TRIANGULO INDÚSTRIA COMÉRCIO E IMPORTAÇÃO LTDA;15;Indústria Química;1;Produção de substâncias e fabricação de produtos químicos;01/01/2001;;Alto;ARAGUARI;MINAS GERAIS;-18,670806;-48,166694;Ativa;21/03/2026 20:27
25575077000110;GR QUIMICA INDUSTRIA E COMERCIO LTDA.;15;Indústria Química;1;Produção de substâncias e fabricação de produtos químicos;01/09/2020;;Alto;CONTAGEM;MINAS GERAIS;-19,938556;-44,077167;Ativa;21/03/2026 20:27
25686353000118;BAUMINAS HIDROAZUL INDÚSTRIA E COMÉRCIO LTDA;15;Indústria Química;1;Produção de substâncias e fabricação de produtos químicos;26/10/1988;;Alto;CATAGUASES;MINAS GERAIS;-21,386806;-42,682417;Ativa;21/03/2026 20:27
26549335000157;"ADUBOORGAM - FERTILIZANTES ORGANOMINERAIS LTDA &#150; ME.";15;Indústria Química;1;Produção de substâncias e fabricação de produtos químicos;29/01/2018;;Alto;PATROCINIO;MINAS GERAIS;-18,916667;-46,966667;Ativa;21/03/2026 20:27
26865314000140;ABPM INDÚSTRIA E COMERCIO LTDA;15;Indústria Química;1;Produção de substâncias e fabricação de produtos químicos;28/04/2017;;Alto;UBERABA;MINAS GERAIS;-19,774528;-47,918806;Ativa;21/03/2026 20:27
26917005000258;DISTRIBUDORA BRASILEIRA DE ASFALTO LTDA;15;Indústria Química;1;Produção de substâncias e fabricação de produtos químicos;08/09/2025;;Alto;SARZEDO;MINAS GERAIS;-20,020806;-44,145278;Ativa;21/03/2026 20:27
27152070000111;FAISÃO INDUSTRIA E COMERCIO DE ARLA LTDA;15;Indústria Química;1;Produção de substâncias e fabricação de produtos químicos;25/06/2018;;Alto;IPATINGA;MINAS GERAIS;-19,466056;-42,532778;Ativa;21/03/2026 20:27
27268763000255;LALLEMAND SOLUÇÕES BIOLÓGICAS LTDA.;15;Indústria Química;1;Produção de substâncias e fabricação de produtos químicos;09/08/2021;;Alto;PATOS DE MINAS;MINAS GERAIS;-18,619167;-46,515806;Ativa;21/03/2026 20:27
27268763000336;LALLEMAND SOLUÇÕES BIOLÓGICAS LTDA.;15;Indústria Química;1;Produção de substâncias e fabricação de produtos químicos;09/08/2021;;Alto;PATOS DE MINAS;MINAS GERAIS;-18,6175;-46,513056;Ativa;21/03/2026 20:27
28128899000141;BORRACHA LIQUIDA INDUSTRIA E COMERCIO EIRELI;15;Indústria Química;1;Produção de substâncias e fabricação de produtos químicos;20/02/2019;;Alto;BELO HORIZONTE;MINAS GERAIS;-19,875175;-43,952825;Ativa;21/03/2026 20:27
29177233000146;MAXXISA AGROSOLUÇÕES LTDA - EPP;15;Indústria Química;1;Produção de substâncias e fabricação de produtos químicos;01/12/2017;;Alto;PATOS DE MINAS;MINAS GERAIS;-18,616917;-46,506667;Ativa;21/03/2026 20:27
30780177000119;MINAS PQS PRODUTOS QUIMICOS E SOLUCOES LTDA;15;Indústria Química;1;Produção de substâncias e fabricação de produtos químicos;12/07/2019;;Alto;ANDRADAS;MINAS GERAIS;-22,086389;-46,424417;Ativa;21/03/2026 20:27
30859856000188;F & P COMERCIO E INDUSTRIA QUIMICA, SERVICOS DE LIMPEZA,USINAGEM E TORNEARIA LTDA;15;Indústria Química;1;Produção de substâncias e fabricação de produtos químicos;30/07/2018;;Alto;CAMBUQUIRA;MINAS GERAIS;-21,851667;-45,304167;Ativa;21/03/2026 20:27
31062857000160;S3K-SOLUCOES AMBIENTAIS IND E COM LTDA;15;Indústria Química;1;Produção de substâncias e fabricação de produtos químicos;23/08/2018;;Alto;NOVA PONTE;MINAS GERAIS;-19,170583;-47,673361;Ativa;21/03/2026 20:27
31429385000130;VITOR DE ALMEIDA FILGUEIRAS;15;Indústria Química;1;Produção de substâncias e fabricação de produtos químicos;09/11/2020;;Alto;JUIZ DE FORA;MINAS GERAIS;-21,74;-43,402222;Ativa;21/03/2026 20:27
33009911001887;SOUZA CRUZ LTDA;15;Indústria Química;1;Produção de substâncias e fabricação de produtos químicos;11/05/2021;;Alto;UBERLANDIA;MINAS GERAIS;-18,874167;-48,304167;Ativa;21/03/2026 20:27
33931486001455;MOSAIC FERTILIZANTES P&K LTDA;15;Indústria Química;1;Produção de substâncias e fabricação de produtos químicos;01/07/2012;;Alto;UBERABA;MINAS GERAIS;-19,98575;-47,886667;Ativa;21/03/2026 20:27
33931486001960;MOSAIC FERTILIZANTS P&K LTDA;15;Indústria Química;1;Produção de substâncias e fabricação de produtos químicos;01/07/2012;;Alto;ARAXA;MINAS GERAIS;-19,623306;-46,984667;Ativa;21/03/2026 20:27
34960636000105;NANONIB NANOTECNOLOGIA E INOVACAO EM NIOBIO LTDA;15;Indústria Química;1;Produção de substâncias e fabricação de produtos químicos;23/09/2019;;Alto;BELO HORIZONTE;MINAS GERAIS;-19,885278;-43,973556;Ativa;21/03/2026 20:27
35820448003070;WHITE MARTINS GASES INDUSTRIAIS LTDA;15;Indústria Química;1;Produção de substâncias e fabricação de produtos químicos;01/01/2001;;Alto;CONTAGEM;MINAS GERAIS;-19,935556;-44,051389;Ativa;21/03/2026 20:27
35820448003666;WHITE MARTINS GASES INDUSTRIAIS LTDA;15;Indústria Química;1;Produção de substâncias e fabricação de produtos químicos;01/04/2003;;Alto;IPATINGA;MINAS GERAIS;-19,479417;-42,521667;Ativa;21/03/2026 20:27
35820448003909;WHITE MARTINS GASES INDUSTRIAL LTDA;15;Indústria Química;1;Produção de substâncias e fabricação de produtos químicos;01/01/2001;;Alto;UBERLANDIA;MINAS GERAIS;-18,916667;-48,229917;Ativa;21/03/2026 20:27
35820448004395;WHITE MARTINS GASES INDUSTRIAIS LTDA;15;Indústria Química;1;Produção de substâncias e fabricação de produtos químicos;01/01/2001;;Alto;DIVINOPOLIS;MINAS GERAIS;-20,126667;-44,841056;Ativa;21/03/2026 20:27
35820448004476;WHITE MARTINS GASES INDUSTRIAIS LTDA;15;Indústria Química;1;Produção de substâncias e fabricação de produtos químicos;01/01/2001;;Alto;SANTA BARBARA;MINAS GERAIS;-19,973056;-43,475278;Ativa;21/03/2026 20:27
35820448004557;WHITE MARTINS GASES INDUSTRIAIS LTDA;15;Indústria Química;1;Produção de substâncias e fabricação de produtos químicos;01/01/2001;15/06/2022;Alto;BARAO DE COCAIS;MINAS GERAIS;-19,855278;-43,476306;Ativa;21/03/2026 20:27
35820448004638;WHITE MARTINS GASES INDUSTRIAIS LTDA;15;Indústria Química;1;Produção de substâncias e fabricação de produtos químicos;01/01/2001;;Alto;JUIZ DE FORA;MINAS GERAIS;-21,620556;-43,455556;Ativa;21/03/2026 20:27
35820448012657;WHITE MARTINS GASES INDUSTRIAIS LTDA;15;Indústria Química;1;Produção de substâncias e fabricação de produtos químicos;01/04/2003;;Alto;MONTES CLAROS;MINAS GERAIS;-16,693806;-43,870306;Ativa;21/03/2026 20:27
35820448013386;WHITE MARTINS GASES INDUSTRIAIS LTDA;15;Indústria Química;1;Produção de substâncias e fabricação de produtos químicos;01/04/2003;;Alto;CONGONHAS;MINAS GERAIS;-20,5425;-43,749667;Ativa;21/03/2026 20:27
35820448013467;WHITE MARTINS GASES INDUSTRIAIS LTDA;15;Indústria Química;1;Produção de substâncias e fabricação de produtos químicos;01/01/2001;;Alto;IGUATAMA;MINAS GERAIS;-20,156667;-45,719667;Ativa;21/03/2026 20:27
35820448013548;WHITE MARTINS GASES INDUSTRIAIS S.A.;15;Indústria Química;1;Produção de substâncias e fabricação de produtos químicos;01/01/2001;;Alto;JOAO MONLEVADE;MINAS GERAIS;-19,823306;-43,131056;Ativa;21/03/2026 20:27
35820448013700;WHITE MARTINS GASES INDUSTRIAIS LTDA;15;Indústria Química;1;Produção de substâncias e fabricação de produtos químicos;01/01/2004;;Alto;DIVINOPOLIS;MINAS GERAIS;-20,126667;-44,841056;Ativa;21/03/2026 20:27
35820448015400;WHITE MARTINS GASES INDUSTRIAIS LTDA.;15;Indústria Química;1;Produção de substâncias e fabricação de produtos químicos;01/01/2004;;Alto;BETIM;MINAS GERAIS;-19,972778;-44,100278;Ativa;21/03/2026 20:27
35820448015591;WHITE MARTINS GASES INDUSTRIAIS LTDA;15;Indústria Química;1;Produção de substâncias e fabricação de produtos químicos;01/04/2003;;Alto;IPATINGA;MINAS GERAIS;-19,493056;-42,542778;Ativa;21/03/2026 20:27
35820448019589;WHITE MARTINS GASES INDUSTRIAIS LTDA;15;Indústria Química;1;Produção de substâncias e fabricação de produtos químicos;06/09/2010;;Alto;JECEABA;MINAS GERAIS;-20,584667;-43,969167;Ativa;21/03/2026 20:27
35820448020242;WHITE MARTINS GASES INDUSTRIAIS LTDA;15;Indústria Química;1;Produção de substâncias e fabricação de produtos químicos;14/01/2016;;Alto;BELO HORIZONTE;MINAS GERAIS;-19,966056;-44,002778;Ativa;21/03/2026 20:27
35820448021567;WHITE MARTINS GASES INDUSTRIAIS LTDA;15;Indústria Química;1;Produção de substâncias e fabricação de produtos químicos;01/07/2022;;Alto;TRES MARIAS;MINAS GERAIS;-18,186889;-45,236;Ativa;21/03/2026 20:27
35820448022024;WHITE MARTINS GASES INDUSTRIAIS LTDA;15;Indústria Química;1;Produção de substâncias e fabricação de produtos químicos;28/12/2020;;Alto;INDIANOPOLIS;MINAS GERAIS;-18,833889;-47,910306;Ativa;21/03/2026 20:27
35820448022377;WHITE MARTINS GASERS INDUSTRIAIS LTDA;15;Indústria Química;1;Produção de substâncias e fabricação de produtos químicos;29/12/2022;;Alto;JUIZ DE FORA;MINAS GERAIS;-21,660667;-43,433333;Ativa;21/03/2026 20:27
35820448022539;WHITE MARTINS GASES INDUSTRIAIS LTDA;15;Indústria Química;1;Produção de substâncias e fabricação de produtos químicos;27/12/2023;;Alto;JUIZ DE FORA;MINAS GERAIS;-21,7075;-43,480833;Ativa;21/03/2026 20:27
35847753000111;ARLA PREMIUM INDÚSTRIA DE PRODUTOS QUÍMICOS LTDA;15;Indústria Química;1;Produção de substâncias e fabricação de produtos químicos;26/12/2019;;Alto;LUZ;MINAS GERAIS;-19,785278;-45,684722;Ativa;21/03/2026 20:27
36819732000155;P&D BIOTECH LTDA;15;Indústria Química;1;Produção de substâncias e fabricação de produtos químicos;31/03/2020;;Alto;CONTAGEM;MINAS GERAIS;-19,894444;-44,053056;Ativa;21/03/2026 20:27
36976621000152;NG COMERCIO E DISTRIBUIÇÃO DE PRODUTOS DE LIMPEZA;15;Indústria Química;1;Produção de substâncias e fabricação de produtos químicos;22/04/2020;;Alto;BELO HORIZONTE;MINAS GERAIS;-19,940444;-44,003556;Ativa;21/03/2026 20:27
37121841000167;BIO-KRAFT BIOFERTILIZANTES TECHNOLOGY LTDA;15;Indústria Química;1;Produção de substâncias e fabricação de produtos químicos;12/05/2020;;Alto;DELTA;MINAS GERAIS;-19,973056;-47,779667;Ativa;21/03/2026 20:27
38149275000164;BPLAN FERTILIZANTES TECHNOLOGY LTDA;15;Indústria Química;1;Produção de substâncias e fabricação de produtos químicos;27/07/2022;;Alto;UBERABA;MINAS GERAIS;-19,743056;-47,9775;Ativa;21/03/2026 20:27
38293909000239;GEECO - MATERIAIS E ENGENHARIA LTDA;15;Indústria Química;1;Produção de substâncias e fabricação de produtos químicos;18/08/2023;;Alto;PEDRO LEOPOLDO;MINAS GERAIS;-19,641806;-44,053389;Ativa;21/03/2026 20:27
38472460000195;RBS INDÚSTRIA E SERVIÇOS LTDA ME;15;Indústria Química;1;Produção de substâncias e fabricação de produtos químicos;12/01/2017;;Alto;ESMERALDAS;MINAS GERAIS;-19,784417;-44,297778;Ativa;21/03/2026 20:27
38506390000149;QUIMICOM INDUSTRIA E COMERCIO LTDA;15;Indústria Química;1;Produção de substâncias e fabricação de produtos químicos;23/09/1992;06/11/2014;Alto;CONTAGEM;MINAS GERAIS;-19,924444;-44,022222;Ativa;21/03/2026 20:27
38531836000195;G.D.M.COMERCIO E INDUSTRIA LTDA;15;Indústria Química;1;Produção de substâncias e fabricação de produtos químicos;01/04/2002;;Alto;ITABIRITO;MINAS GERAIS;-20,238889;-43,785806;Ativa;21/03/2026 20:27
38639811000100;TECNOSULFUR SISTEMA DE TRATAMENTO DE METAIS LÍQUIDOS LTDA;15;Indústria Química;1;Produção de substâncias e fabricação de produtos químicos;22/06/1990;01/09/2001;Alto;SETE LAGOAS;MINAS GERAIS;-19,493306;-44,263056;Ativa;21/03/2026 20:27
38661559000135;QUIRAL QUIMICA DO BRASIL S/A;15;Indústria Química;1;Produção de substâncias e fabricação de produtos químicos;01/01/2001;;Alto;JUIZ DE FORA;MINAS GERAIS;-21,7725;-43,384167;Ativa;21/03/2026 20:27
40120620000189;GEOFHITOS LTDA;15;Indústria Química;1;Produção de substâncias e fabricação de produtos químicos;05/01/2026;;Alto;CONTAGEM;MINAS GERAIS;-19,875328;-44,025208;Ativa;21/03/2026 20:27
40647205000188;TEKNOFERT FERTLIZANTES BRASIL LTDA;15;Indústria Química;1;Produção de substâncias e fabricação de produtos químicos;05/01/2024;;Alto;SAO JOAO DEL REI;MINAS GERAIS;-21,173556;-44,298889;Ativa;21/03/2026 20:27
41070636000197;ECOAR SOLUÇÕES LTDA;15;Indústria Química;1;Produção de substâncias e fabricação de produtos químicos;03/03/2021;;Alto;ITABIRITO;MINAS GERAIS;-20,211944;-43,715;Ativa;21/03/2026 20:27
41680976000130;AUTO POSTO SAO CRISTOVAO DE ESPINOSA LTDA;15;Indústria Química;1;Produção de substâncias e fabricação de produtos químicos;01/04/2004;20/04/2004;Alto;ESPINOSA;MINAS GERAIS;-14,899444;-42,794722;Ativa;21/03/2026 20:27
41788993000195;PREVE ENGENHARIA COMERCIO SERVIÇOS LTDA;15;Indústria Química;1;Produção de substâncias e fabricação de produtos químicos;10/02/2000;;Alto;UBERLANDIA;MINAS GERAIS;-18,895278;-48,244694;Ativa;21/03/2026 20:27
42416651000883;NEXA RECURSOS MINERAIS S.A.;15;Indústria Química;1;Produção de substâncias e fabricação de produtos químicos;18/05/2005;;Alto;JUIZ DE FORA;MINAS GERAIS;-21,704028;-43,476167;Ativa;21/03/2026 20:27
42602384000910;INDORAMA BRASIL LTDA;15;Indústria Química;1;Produção de substâncias e fabricação de produtos químicos;09/02/2023;;Alto;UBERLANDIA;MINAS GERAIS;-18,883306;-48,311583;Ativa;21/03/2026 20:27
42602384001053;INDORAMA BRASIL LTDA;15;Indústria Química;1;Produção de substâncias e fabricação de produtos químicos;09/02/2023;;Alto;UBERLANDIA;MINAS GERAIS;-18,863944;-48,274417;Ativa;21/03/2026 20:27
42602384001134;INDORAMA BRASIL LTDA;15;Indústria Química;1;Produção de substâncias e fabricação de produtos químicos;09/02/2023;;Alto;UBERLANDIA;MINAS GERAIS;-18,883306;-48,311583;Ativa;21/03/2026 20:27
42837716000198;IN VITRO DIAGNOSTICA LTDA;15;Indústria Química;1;Produção de substâncias e fabricação de produtos químicos;01/01/2001;27/12/2013;Alto;ITABIRA;MINAS GERAIS;-19,680806;-43,220556;Ativa;21/03/2026 20:27
42893875000100;IQR INDUSTRIA E COMERCIO DE PRODUTOS QUIMICOS LTDA;15;Indústria Química;1;Produção de substâncias e fabricação de produtos químicos;18/11/2014;;Alto;SANTA LUZIA;MINAS GERAIS;-19,800806;-43,881917;Ativa;21/03/2026 20:27
43800709000184;CHLORUM MINAS GERAIS INDUSTRIA E COMÉRCIO DE CLORO E ALCALIS LTDA;15;Indústria Química;1;Produção de substâncias e fabricação de produtos químicos;20/07/2023;;Alto;UBERLANDIA;MINAS GERAIS;-18,861667;-48,281111;Ativa;21/03/2026 20:27
43843358000946;AIR PRODUCTS BRASIL LTDA.;15;Indústria Química;1;Produção de substâncias e fabricação de produtos químicos;01/01/2001;;Alto;BELO HORIZONTE;MINAS GERAIS;-20,003889;-44,027417;Ativa;21/03/2026 20:27
45197153000109;TOP MAX INDUSTRIA E COMERCIO LTDA;15;Indústria Química;1;Produção de substâncias e fabricação de produtos químicos;08/02/2022;;Alto;MANHUACU;MINAS GERAIS;-20,275;-42,055278;Ativa;21/03/2026 20:27
45308988000199;NITROFOSFERTIL INDUSTRIA E COMERCIO LTDA;15;Indústria Química;1;Produção de substâncias e fabricação de produtos químicos;01/04/2002;;Alto;ARAXA;MINAS GERAIS;-19,611667;-46,941389;Ativa;21/03/2026 20:27
45689667000181;INDUSTRIA E COMERCIO MINAS COLA LTDA;15;Indústria Química;1;Produção de substâncias e fabricação de produtos químicos;27/11/2023;;Alto;SANTO ANTONIO DO MONTE;MINAS GERAIS;-20,061253;-45,288489;Ativa;21/03/2026 20:27
47198538000116;LAKE INDUSTRIA DE PRODUTOS QUIMICOS LTDA;15;Indústria Química;1;Produção de substâncias e fabricação de produtos químicos;07/11/2022;;Alto;SANTO ANTONIO DO MONTE;MINAS GERAIS;-20,066761;-45,314128;Ativa;21/03/2026 20:27
47198538000540;LAKE INDUSTRIA DE PRODUTOS QUIMICOS SA;15;Indústria Química;1;Produção de substâncias e fabricação de produtos químicos;29/10/2025;;Alto;CORREGO FUNDO;MINAS GERAIS;-20,413583;-45,547194;Ativa;21/03/2026 20:27
47252594000191;AMB-CHEM GESTÃO AMBIENTAL LTDA.;15;Indústria Química;1;Produção de substâncias e fabricação de produtos químicos;16/08/2022;;Alto;BETIM;MINAS GERAIS;-19,952239;-44,070372;Ativa;21/03/2026 20:27
48021313000152;TOP 32 INDÚSTRIA E COMÉRCIO LTDA;15;Indústria Química;1;Produção de substâncias e fabricação de produtos químicos;25/03/2024;;Alto;CONTAGEM;MINAS GERAIS;-19,889167;-44,065556;Ativa;21/03/2026 20:27
48166764000188;ECO GREEN CHEMICAL LTDA;15;Indústria Química;1;Produção de substâncias e fabricação de produtos químicos;24/10/2022;;Alto;CAMBUI;MINAS GERAIS;-22,612222;-46,0575;Ativa;21/03/2026 20:27
48367108000143;CRS QUIMICA SOLUÇOES E PRODUTOS QUIMICOS LTDA;15;Indústria Química;1;Produção de substâncias e fabricação de produtos químicos;20/10/2022;;Alto;SANTANA DO PARAISO;MINAS GERAIS;-19,473056;-42,481111;Ativa;21/03/2026 20:27
48815073000168;CRUZEIRO DO SUL INDUSTRIA E COMERCIO DE ARTIGOS PIROTECNICOS LTDA;15;Indústria Química;1;Produção de substâncias e fabricação de produtos químicos;06/12/2022;;Alto;MOEMA;MINAS GERAIS;-19,915881;-45,329847;Ativa;21/03/2026 20:27
49102900000210;DGURGEL INDUSTRIA QUIMICA LTDA;15;Indústria Química;1;Produção de substâncias e fabricação de produtos químicos;14/07/2023;;Alto;CONTAGEM;MINAS GERAIS;-19,923611;-44,060833;Ativa;21/03/2026 20:27
49464215000152;ACOS CIPALAM LTDA.;15;Indústria Química;1;Produção de substâncias e fabricação de produtos químicos;18/04/2023;;Alto;PERIQUITO;MINAS GERAIS;-19,145944;-42,235111;Ativa;21/03/2026 20:27
49887395000185;ARLA MINAS FABRICACAO DE ADITIVOS DE USO INDUSTRIAL LTDA.;15;Indústria Química;1;Produção de substâncias e fabricação de produtos químicos;17/07/2023;;Alto;SABARA;MINAS GERAIS;-19,832778;-43,858056;Ativa;21/03/2026 20:27
50765110000112;GLOBAL ENVIRONMENT TECHNOLOGY LTDA;15;Indústria Química;1;Produção de substâncias e fabricação de produtos químicos;13/07/2023;;Alto;PEDRO LEOPOLDO;MINAS GERAIS;-19,636944;-44,011667;Ativa;21/03/2026 20:27
50980099000103;SUPER ARLA INDUSTRIA E COMERCIO LTDA;15;Indústria Química;1;Produção de substâncias e fabricação de produtos químicos;26/11/2024;;Alto;ARAUJOS;MINAS GERAIS;-19,801944;-45,132778;Ativa;21/03/2026 20:27
51864634000123;SUPERA INDUSTRIA QUIMICA LTDA;15;Indústria Química;1;Produção de substâncias e fabricação de produtos químicos;07/11/2025;;Alto;NOVA SERRANA;MINAS GERAIS;-19,892167;-44,996056;Ativa;21/03/2026 20:27
53595232000104;AME DO BRASIL;15;Indústria Química;1;Produção de substâncias e fabricação de produtos químicos;22/01/2024;;Alto;SAO JOSE DA LAPA;MINAS GERAIS;-19,712194;-43,972056;Ativa;21/03/2026 20:27
54330361000125;CROMO COLORS INDUSTRIA DE PIGMENTOS LTDA;15;Indústria Química;1;Produção de substâncias e fabricação de produtos químicos;14/03/2024;;Alto;NOVA SERRANA;MINAS GERAIS;-19,871386;-44,999683;Ativa;21/03/2026 20:27
54427734000180;PROARLA MONTES CALROS LTDA;15;Indústria Química;1;Produção de substâncias e fabricação de produtos químicos;19/12/2025;;Alto;MONTES CLAROS;MINAS GERAIS;-16,688611;-43,815556;Ativa;21/03/2026 20:27
56885364000150;ELLOS INDUSTRIA E QUIMICOS LTDA;15;Indústria Química;1;Produção de substâncias e fabricação de produtos químicos;16/09/2025;;Alto;BELO HORIZONTE;MINAS GERAIS;-19,899722;-43,955833;Ativa;21/03/2026 20:27
57298821000173;QUIMIX SOLUCOES LTDA;15;Indústria Química;1;Produção de substâncias e fabricação de produtos químicos;17/01/2025;;Alto;CONTAGEM;MINAS GERAIS;-19,927222;-44,108889;Ativa;21/03/2026 20:27
57894936000120;GB INDUSTRIA E COMERCIO LTDA;15;Indústria Química;1;Produção de substâncias e fabricação de produtos químicos;02/02/2026;;Alto;CONTAGEM;MINAS GERAIS;-19,873889;-44,021667;Ativa;21/03/2026 20:27
59128553000410;STRATURA ASFALTOS S/A;15;Indústria Química;1;Produção de substâncias e fabricação de produtos químicos;01/01/2005;25/03/2022;Alto;BETIM;MINAS GERAIS;-19,950639;-44,124306;Ativa;21/03/2026 20:27
59128553003605;STRATURA ASFALTOS LTDA;15;Indústria Química;1;Produção de substâncias e fabricação de produtos químicos;19/07/2017;;Alto;BETIM;MINAS GERAIS;-19,97575;-44,186417;Ativa;21/03/2026 20:27
59550515000108;AKUA CHEMICAL INDUSTRIA COMERCIO IMPORTACAO E EXPORTACAO LTDA;15;Indústria Química;1;Produção de substâncias e fabricação de produtos químicos;19/02/2025;;Alto;FRUTAL;MINAS GERAIS;-20,023706;-48,906808;Ativa;21/03/2026 20:27
59591974000300;ROTAVI INDUSTRIAL LTDA.;15;Indústria Química;1;Produção de substâncias e fabricação de produtos químicos;01/01/2001;;Alto;VARZEA DA PALMA;MINAS GERAIS;-17,5911;-44,715772;Ativa;21/03/2026 20:27
60211568000183;BST PRODUTOS QUIMICOS E VETERINARIOS LTDA;15;Indústria Química;1;Produção de substâncias e fabricação de produtos químicos;02/04/2025;;Alto;ARAXA;MINAS GERAIS;-19,560014;-46,987744;Ativa;21/03/2026 20:27
60398138001518;ICL AMERICA DO SUL S.A.;15;Indústria Química;1;Produção de substâncias e fabricação de produtos químicos;18/08/2016;;Alto;UBERLANDIA;MINAS GERAIS;-18,867917;-48,296417;Ativa;21/03/2026 20:27
60619202001624;MESSER GASES LTDA;15;Indústria Química;1;Produção de substâncias e fabricação de produtos químicos;01/01/2001;02/02/2015;Alto;CONTAGEM;MINAS GERAIS;-19,960806;-44,030806;Ativa;21/03/2026 20:27
60619202001705;MESSER GASES LTDA;15;Indústria Química;1;Produção de substâncias e fabricação de produtos químicos;01/01/2001;;Alto;JUIZ DE FORA;MINAS GERAIS;-21,678917;-43,443806;Ativa;21/03/2026 20:27
60619202001977;MESSER GASES LTDA;15;Indústria Química;1;Produção de substâncias e fabricação de produtos químicos;14/03/2006;;Alto;UBERABA;MINAS GERAIS;-19,746917;-47,967167;Ativa;21/03/2026 20:27
60619202007231;MESSER GASES LTDA;15;Indústria Química;1;Produção de substâncias e fabricação de produtos químicos;01/04/2002;;Alto;TIMOTEO;MINAS GERAIS;-19,529056;-42,653306;Ativa;21/03/2026 20:27
61215364000264;COMPANHIA ELETROQUIMICA JARAGUA;15;Indústria Química;1;Produção de substâncias e fabricação de produtos químicos;01/01/2001;;Alto;FORMIGA;MINAS GERAIS;-20,6325;-45,365278;Ativa;21/03/2026 20:27
62992578000129;RDX DO BRASIL;15;Indústria Química;1;Produção de substâncias e fabricação de produtos químicos;01/10/2025;;Alto;BETIM;MINAS GERAIS;-19,962658;-44,078842;Ativa;21/03/2026 20:27
63022354000157;STOPPANI DO BRASIL PRODUTOS QUIMICOS LTDA;15;Indústria Química;1;Produção de substâncias e fabricação de produtos químicos;21/05/1990;13/11/2007;Alto;UBERABA;MINAS GERAIS;-19,991781;-47,9;Ativa;21/03/2026 20:27
65133423000125;GELICO GELATINAS INDÚSTRIA E COMÉRCIO LTDA;15;Indústria Química;1;Produção de substâncias e fabricação de produtos químicos;01/01/2001;29/03/2004;Alto;CAMPO BELO;MINAS GERAIS;-20,905806;-45,255;Ativa;21/03/2026 20:27
65234544000163;EMFAL- EMPRESA FORNECEDORA DE ÁLCOOL LTDA;15;Indústria Química;1;Produção de substâncias e fabricação de produtos químicos;01/01/2001;15/10/2007;Alto;BETIM;MINAS GERAIS;-19,951056;-44,069167;Ativa;21/03/2026 20:27
66220047000179;KIDDE BRASIL LTDA;15;Indústria Química;1;Produção de substâncias e fabricação de produtos químicos;01/01/2001;;Alto;EXTREMA;MINAS GERAIS;-22,76925;-46,229806;Ativa;21/03/2026 20:27
66287558000108;SANTOS & DIAS TRANSPORTES E CARVOEJAMENTO LTDA;15;Indústria Química;1;Produção de substâncias e fabricação de produtos químicos;01/01/2001;14/02/2007;Alto;MARTINHO CAMPOS;MINAS GERAIS;-19,313417;-45,227806;Ativa;21/03/2026 20:27
66358979000263;OXIMIL OXIGÊNIO MINAS GERAIS LTDA;15;Indústria Química;1;Produção de substâncias e fabricação de produtos químicos;20/12/2006;;Alto;IBIRITE;MINAS GERAIS;-19,991778;-44,098556;Ativa;21/03/2026 20:27
66358979000425;OXIMIL OXIGENIO MINAS GERAIS LTDA;15;Indústria Química;1;Produção de substâncias e fabricação de produtos químicos;11/04/2025;;Alto;MONTES CLAROS;MINAS GERAIS;-16,744139;-43,845889;Ativa;21/03/2026 20:27
71177182000119;ISOMASTER QUIMICA LTDA;15;Indústria Química;1;Produção de substâncias e fabricação de produtos químicos;08/10/1993;;Alto;CONTAGEM;MINAS GERAIS;-19,923056;-44,025278;Ativa;21/03/2026 20:27
71224604000160;SCHERR QUIMICA LTDA.-EPP;15;Indústria Química;1;Produção de substâncias e fabricação de produtos químicos;15/01/2018;27/08/2019;Alto;NOVA LIMA;MINAS GERAIS;-20,058056;-43,981389;Ativa;21/03/2026 20:27
71397509000168;CISAM SIDERURGIA LTDA;15;Indústria Química;1;Produção de substâncias e fabricação de produtos químicos;01/01/2003;27/09/2006;Alto;PARA DE MINAS;MINAS GERAIS;-19,845806;-44,613056;Ativa;21/03/2026 20:27
71437917000104;KATAL BIOTECNOLOGICA INDUSTRIA E COMERCIO LTDA;15;Indústria Química;1;Produção de substâncias e fabricação de produtos químicos;03/01/1994;;Alto;BELO HORIZONTE;MINAS GERAIS;-19,873583;-43,9575;Ativa;21/03/2026 20:27
78391612004803;IBQ INDÚSTRIAS QUÍMICAS S/A;15;Indústria Química;1;Produção de substâncias e fabricação de produtos químicos;01/01/2025;;Alto;NOVA LIMA;MINAS GERAIS;-20,100139;-43,965639;Ativa;21/03/2026 20:27
2328237000121;PETROPLUS SUL COMÉRCIO EXTERIOR LTDA;15;Indústria Química;1;Produção de substâncias e fabricação de produtos químicos;20/03/2007;;Alto;CAMPO GRANDE;MATO GROSSO DO SUL;-20,509167;-54,727528;Ativa;21/03/2026 20:27
3608668000538;AUTO PEÇAS E DISTRIBUIDORA MODELO LTDA;15;Indústria Química;1;Produção de substâncias e fabricação de produtos químicos;15/09/2017;;Alto;DOURADOS;MATO GROSSO DO SUL;-22,220278;-54,726667;Ativa;21/03/2026 20:27
5272759000147;QUIMICA CENTRAL DO BRASIL LTDA;15;Indústria Química;1;Produção de substâncias e fabricação de produtos químicos;03/11/2005;;Alto;CAMPO GRANDE;MATO GROSSO DO SUL;-20,484069;-54,750236;Ativa;21/03/2026 20:27
5853347000109;FABRICA QUIMICA PETROLEO E DERIVADOS LTDA;15;Indústria Química;1;Produção de substâncias e fabricação de produtos químicos;29/05/2012;31/03/2021;Alto;CAMPO GRANDE;MATO GROSSO DO SUL;-20,478778;-54,721639;Ativa;21/03/2026 20:27
5969945000563;OMYA DO BRASIL IMPORTAÇÃO, EXPORTAÇÃO E COM LTDA;15;Indústria Química;1;Produção de substâncias e fabricação de produtos químicos;09/05/2012;;Alto;TRES LAGOAS;MATO GROSSO DO SUL;-20,99775;-51,795306;Ativa;21/03/2026 20:27
9463593000105;ALVAIR HEIDECKE - ME;15;Indústria Química;1;Produção de substâncias e fabricação de produtos químicos;27/03/2009;30/09/2013;Alto;BONITO;MATO GROSSO DO SUL;-21,131389;-56,48;Ativa;21/03/2026 20:27
16404287071095;SUZANO SA;15;Indústria Química;1;Produção de substâncias e fabricação de produtos químicos;28/06/2021;;Alto;RIBAS DO RIO PARDO;MATO GROSSO DO SUL;-20,475417;-53,675417;Ativa;21/03/2026 20:27
24380578005903;WHITE MARTINS GASES INDUSTRIAIS DO NORDESTE S/A;15;Indústria Química;1;Produção de substâncias e fabricação de produtos químicos;18/07/2008;02/10/2018;Alto;TRES LAGOAS;MATO GROSSO DO SUL;-20,983333;-51,783333;Ativa;21/03/2026 20:27
24965423000376;SUL AMERICANA INDUSTRIA, COMÉRCIO, IMPORTACAO E EXPORTACAO LTDA;15;Indústria Química;1;Produção de substâncias e fabricação de produtos químicos;10/06/2024;;Alto;TERENOS;MATO GROSSO DO SUL;-20,437917;-54,86225;Ativa;21/03/2026 20:27
30959386000124;GRECO INDÚSTRIA E COMÉRCIO DE PRODUTOS QUÍMICOS LTDA;15;Indústria Química;1;Produção de substâncias e fabricação de produtos químicos;01/01/2021;;Alto;CAMPO GRANDE;MATO GROSSO DO SUL;-20,360833;-54,608056;Ativa;21/03/2026 20:27
35820448002503;WHITE MARTINS GASES INDS. LTDA;15;Indústria Química;1;Produção de substâncias e fabricação de produtos químicos;01/01/2001;;Alto;CAMPO GRANDE;MATO GROSSO DO SUL;-20,442778;-54,646389;Ativa;21/03/2026 20:27
35820448019236;WHITE MARTINS GASES INDUSTRIAIS LTDA;15;Indústria Química;1;Produção de substâncias e fabricação de produtos químicos;10/03/2009;;Alto;TRES LAGOAS;MATO GROSSO DO SUL;-20,990278;-51,797778;Ativa;21/03/2026 20:27
35820448019821;WHITE MARTINS GASES INDUSTRIAIS LTDA;15;Indústria Química;1;Produção de substâncias e fabricação de produtos químicos;30/10/2012;;Alto;TRES LAGOAS;MATO GROSSO DO SUL;-20,599667;-51,60675;Ativa;21/03/2026 20:27
35820448021052;WHITE MARTINS GASES INDUSTRIAIS LTDA;15;Indústria Química;1;Produção de substâncias e fabricação de produtos químicos;10/10/2017;;Alto;TRES LAGOAS;MATO GROSSO DO SUL;-20,995278;-51,795278;Ativa;21/03/2026 20:27
35820448022296;WHITE MARTINS GASES INDUSTRIAIS LTDA;15;Indústria Química;1;Produção de substâncias e fabricação de produtos químicos;03/04/2024;;Alto;RIBAS DO RIO PARDO;MATO GROSSO DO SUL;-20,475278;-53,675417;Ativa;21/03/2026 20:27
43818418000547;NOURYON PULP AND PERFORMANCE INDÚSTRIA QUÍMICA LTDA;15;Indústria Química;1;Produção de substâncias e fabricação de produtos químicos;01/04/2009;;Alto;TRES LAGOAS;MATO GROSSO DO SUL;-20,997417;-51,800417;Ativa;21/03/2026 20:27
43818418000628;NOURYON PULP AND PERFORMANCE INDÚSTRIA QUÍMICA LTDA;15;Indústria Química;1;Produção de substâncias e fabricação de produtos químicos;01/09/2012;;Alto;TRES LAGOAS;MATO GROSSO DO SUL;-20,599806;-51,616417;Ativa;21/03/2026 20:27
43818418001438;NOURYON PULP AND PERFORMANCE INDUSTRIA QUIMICA LTDA;15;Indústria Química;1;Produção de substâncias e fabricação de produtos químicos;29/04/2024;;Alto;RIBAS DO RIO PARDO;MATO GROSSO DO SUL;-20,471933;-53,672417;Ativa;21/03/2026 20:27
59128553003869;STRATURA ASFALTOS S.A.;15;Indústria Química;1;Produção de substâncias e fabricação de produtos químicos;23/10/2020;15/09/2022;Alto;TRES LAGOAS;MATO GROSSO DO SUL;-20,799056;-51,719806;Ativa;21/03/2026 20:27
73754285000120;CARANDÁ PETROQUÍMICA E SERVIÇOS LTDA;15;Indústria Química;1;Produção de substâncias e fabricação de produtos químicos;09/02/2009;;Alto;CAMPO GRANDE;MATO GROSSO DO SUL;-20,469167;-54,726667;Ativa;21/03/2026 20:27
90810706003984;FERTIPAR FERTILIZANTES DO PARANA LTDA;15;Indústria Química;1;Produção de substâncias e fabricação de produtos químicos;02/08/2011;09/11/2020;Alto;DOURADOS;MATO GROSSO DO SUL;-22,221111;-54,805556;Ativa;21/03/2026 20:27
92315332000345;MK QUÍMICA DO BRASIL LTDA;15;Indústria Química;1;Produção de substâncias e fabricação de produtos químicos;01/01/2005;;Alto;TRES LAGOAS;MATO GROSSO DO SUL;-20,796389;-51,650194;Ativa;21/03/2026 20:27
94837598000707;FAXON QUÍMICA LTDA;15;Indústria Química;1;Produção de substâncias e fabricação de produtos químicos;12/04/2024;;Alto;TRES LAGOAS;MATO GROSSO DO SUL;-20,749167;-51,667222;Ativa;21/03/2026 20:27
297598000122;DESTILARIA DE ÁlCOOL LIBRA LTDA - EM RECUPERACAO JUDICI;15;Indústria Química;1;Produção de substâncias e fabricação de produtos químicos;02/08/1993;;Alto;SAO JOSE DO RIO CLARO;MATO GROSSO;-13,808883;-56,524042;Ativa;21/03/2026 20:27
3554833000869;PENINSULA INTERNATIONAL S/A.;15;Indústria Química;1;Produção de substâncias e fabricação de produtos químicos;01/01/2002;;Alto;RONDONOPOLIS;MATO GROSSO;-16,541389;-54,645806;Ativa;21/03/2026 20:27
3794560000153;UNIVERSAL QUÍMICA LTDA-EPP;15;Indústria Química;1;Produção de substâncias e fabricação de produtos químicos;27/04/2000;;Alto;VARZEA GRANDE;MATO GROSSO;-15,656722;-56,157361;Ativa;21/03/2026 20:27
4420916000313;EMAM - EMULSÕES E TRANSPORTES LTDA;15;Indústria Química;1;Produção de substâncias e fabricação de produtos químicos;10/12/2020;;Alto;VARZEA GRANDE;MATO GROSSO;-15,70475;-56,146417;Ativa;21/03/2026 20:27
7031501000184;TRANSPORTADORA BEGE LTDA;15;Indústria Química;1;Produção de substâncias e fabricação de produtos químicos;10/09/2004;15/04/2016;Alto;VILA RICA;MATO GROSSO;-10,011667;-51,113556;Ativa;21/03/2026 20:27
7557225000192;DALUMINIO INDUSTRIA E COMERCIO DE ALUMINIO LTDA EPP;15;Indústria Química;1;Produção de substâncias e fabricação de produtos químicos;29/08/2005;;Alto;CUIABA;MATO GROSSO;-15,538375;-56,074219;Ativa;21/03/2026 20:27
9384948000243;FERTIPAR FERTILIZANTES DO MATO GROSSO LTDA;15;Indústria Química;1;Produção de substâncias e fabricação de produtos químicos;05/04/2011;22/01/2021;Alto;RONDONOPOLIS;MATO GROSSO;-16,470833;-54,633556;Ativa;21/03/2026 20:27
10914514000106;PB BRASIL INDÚSTRIA E COMÉRCIO DE GELATINAS LTDA;15;Indústria Química;1;Produção de substâncias e fabricação de produtos químicos;09/10/2013;;Alto;ACORIZAL;MATO GROSSO;-15,382167;-56,384556;Ativa;21/03/2026 20:27
15669157000181;R. C. DE FREITAS & CIA. LTDA. - ME.;15;Indústria Química;1;Produção de substâncias e fabricação de produtos químicos;06/06/2012;10/03/2015;Alto;VARZEA GRANDE;MATO GROSSO;-15,664506;-56,177936;Ativa;21/03/2026 20:27
17328762000114;MARCELO FROEDER-EPP;15;Indústria Química;1;Produção de substâncias e fabricação de produtos químicos;28/11/2012;;Alto;RONDONOPOLIS;MATO GROSSO;-16,469444;-54,66625;Ativa;21/03/2026 20:27
26917005000924;DISTRIBUIDORA BRASILEIRA DE ASFALTO LTDA;15;Indústria Química;1;Produção de substâncias e fabricação de produtos químicos;09/09/2025;;Alto;BARRA DO GARCAS;MATO GROSSO;-15,876917;-52,348556;Ativa;21/03/2026 20:27
33055318000129;TREVAO INDUSTRIA E COMERCIO DE PRODUTOS QUIMICOS LTDA;15;Indústria Química;1;Produção de substâncias e fabricação de produtos químicos;18/03/2019;;Alto;SINOP;MATO GROSSO;-11,844933;-55,477958;Ativa;21/03/2026 20:27
34597955000785;WHITE MARTINS GASES INDUSTRIAIS DO NORTE LTDA;15;Indústria Química;1;Produção de substâncias e fabricação de produtos químicos;01/01/2001;;Alto;CUIABA;MATO GROSSO;-15,66;-55,98;Ativa;21/03/2026 20:27
36914976000117;GLOBO QUIMICA INDUSTRIA E COM. DE PROD. QUIMICOS LTDA;15;Indústria Química;1;Produção de substâncias e fabricação de produtos químicos;18/12/2014;;Alto;VARZEA GRANDE;MATO GROSSO;0,0;0,0;Ativa;21/03/2026 20:27
40633838000137;NC SOLUÇÕES QUÍMICAS LTDA;15;Indústria Química;1;Produção de substâncias e fabricação de produtos químicos;14/10/2022;;Alto;CUIABA;MATO GROSSO;-15,660833;-55,998889;Ativa;21/03/2026 20:27
45242992000100;ARVEC INDUSTRIA QUÍMICA LTDA;15;Indústria Química;1;Produção de substâncias e fabricação de produtos químicos;01/12/2022;;Alto;PRIMAVERA DO LESTE;MATO GROSSO;-15,548056;-54,25;Ativa;21/03/2026 20:27
49149027000130;RENOVA COMERCIO DE PRODUTOS QUIMICOS E ASFALTICO LTDA;15;Indústria Química;1;Produção de substâncias e fabricação de produtos químicos;17/04/2023;;Alto;CUIABA;MATO GROSSO;-15,598889;-56,100278;Ativa;21/03/2026 20:27
49720583000114;ARLA 32 ECO BIO LTDA;15;Indústria Química;1;Produção de substâncias e fabricação de produtos químicos;01/09/2023;;Alto;CAMPO NOVO DO PARECIS;MATO GROSSO;-13,695;-57,908333;Ativa;21/03/2026 20:27
50749583000126;R K S INDUSTRIA E COMERCIO LTDA;15;Indústria Química;1;Produção de substâncias e fabricação de produtos químicos;19/11/2023;;Alto;NOVA MUTUM;MATO GROSSO;-13,848333;-56,085833;Ativa;21/03/2026 20:27
55897816000151;QUIMICO SOLUÇÕES AGROINDUSTRIAIS LTDA;15;Indústria Química;1;Produção de substâncias e fabricação de produtos químicos;29/01/2025;;Alto;CUIABA;MATO GROSSO;-15,675833;-55,971944;Ativa;21/03/2026 20:27
60619202000490;MESSER GASES LTDA;15;Indústria Química;1;Produção de substâncias e fabricação de produtos químicos;01/01/2001;;Alto;CUIABA;MATO GROSSO;-15,642417;-55,977;Ativa;21/03/2026 20:27
61156501011514;MOSAIC FERTILIZANTES DO BRASIL LTDA;15;Indústria Química;1;Produção de substâncias e fabricação de produtos químicos;01/04/2015;18/12/2023;Alto;RONDONOPOLIS;MATO GROSSO;-16,474056;-54,675556;Ativa;21/03/2026 20:27
64356187000143;AVLIS RONNY ENGENHARIA LTDA;15;Indústria Química;1;Produção de substâncias e fabricação de produtos químicos;08/01/2026;;Alto;VARZEA GRANDE;MATO GROSSO;-15,681667;-56,150556;Ativa;21/03/2026 20:27
331788008365;AIR LIQUIDE BRASIL LTDA;15;Indústria Química;1;Produção de substâncias e fabricação de produtos químicos;11/08/2015;;Alto;ANANINDEUA;PARA;-1,348306;-48,372861;Ativa;21/03/2026 20:27
331788009680;AIR LIQUIDE BRASIL LTDA;15;Indústria Química;1;Produção de substâncias e fabricação de produtos químicos;24/08/2020;;Alto;PARAUAPEBAS;PARA;-6,083517;-49,838519;Ativa;21/03/2026 20:27
3751060000134;GAS - ALVES E SEVERO LTDA EPP;15;Indústria Química;1;Produção de substâncias e fabricação de produtos químicos;12/04/2000;;Alto;ANANINDEUA;PARA;-1,363333;-48,421944;Ativa;21/03/2026 20:27
4420916001476;EMAM - EMULSOES E TRANSPORTES LTDA;15;Indústria Química;1;Produção de substâncias e fabricação de produtos químicos;10/12/2020;;Alto;ACARA;PARA;-1,481556;-48,299917;Ativa;21/03/2026 20:27
4558234000100;A P C SILVA SERVICOS ESPECIALIZADOS LTDA;15;Indústria Química;1;Produção de substâncias e fabricação de produtos químicos;01/09/2016;;Alto;MARITUBA;PARA;-1,430833;-48,442778;Ativa;21/03/2026 20:27
4815734001828;JARI CELULOSE, PAPEL E EMBALAGENS S/A;15;Indústria Química;1;Produção de substâncias e fabricação de produtos químicos;01/03/1979;;Alto;ALMEIRIM;PARA;-0,918139;-52,442639;Ativa;21/03/2026 20:27
4895538000162;CARVALHO LEITE, MEDICAMENTOS LTDA;15;Indústria Química;1;Produção de substâncias e fabricação de produtos químicos;16/01/2017;;Alto;BELEM;PARA;-1,452167;-48,497778;Ativa;21/03/2026 20:27
5848387000154;ALUNORTE - ALUMINA DO NORTE DO BRASIL S/A;15;Indústria Química;1;Produção de substâncias e fabricação de produtos químicos;01/01/2001;16/06/2014;Alto;BARCARENA;PARA;-1,545556;-48,7325;Ativa;21/03/2026 20:27
7727035000257;VERBRAS INDUSTRIA E COMERCIO DE TINTAS LTDA;15;Indústria Química;1;Produção de substâncias e fabricação de produtos químicos;08/03/2001;;Alto;BENEVIDES;PARA;-1,361389;-48,244694;Ativa;21/03/2026 20:27
14313870000125;JBF MARQUES NETO EIRELI;15;Indústria Química;1;Produção de substâncias e fabricação de produtos químicos;27/07/2011;;Alto;ANANINDEUA;PARA;-1,369444;-48,390278;Ativa;21/03/2026 20:27
14636264000140;SUALL NORTE INDUSTRIA E COMERCIO DE PRODUTOS QUIMICOS LTDA;15;Indústria Química;1;Produção de substâncias e fabricação de produtos químicos;01/03/2012;;Alto;ANANINDEUA;PARA;-1,342611;-48,35215;Ativa;21/03/2026 20:27
18823515000157;IQCA SERVIÇOS ESPECIALIZADOS DE APOIO ADMINISTRATIVO EIRELI EPP;15;Indústria Química;1;Produção de substâncias e fabricação de produtos químicos;05/09/2013;;Alto;PARAUAPEBAS;PARA;-6,082972;-49,883056;Ativa;21/03/2026 20:27
22035958000150;MEDINAROJAS SERVICOS ESPECIALIZADOS DE APOIO ADMINISTRATIVO EIRELI;15;Indústria Química;1;Produção de substâncias e fabricação de produtos químicos;12/03/2015;;Alto;PARAUAPEBAS;PARA;-6,075361;-49,874972;Ativa;21/03/2026 20:27
23647365001180;BAUMINAS QUÍMICA N/NE LTDA;15;Indústria Química;1;Produção de substâncias e fabricação de produtos químicos;29/10/2015;;Alto;ANANINDEUA;PARA;-1,34425;-48,357;Ativa;21/03/2026 20:27
24380578005733;WHITE MARTINS GASES INDUSTRIAIS DO NORDESTE LTDA;15;Indústria Química;1;Produção de substâncias e fabricação de produtos químicos;14/05/2008;;Alto;OURILANDIA DO NORTE;PARA;-6,564417;-51,083889;Ativa;21/03/2026 20:27
25089951000100;MAIS GAS INDUSTRIA DE GASES LTDA EPP;15;Indústria Química;1;Produção de substâncias e fabricação de produtos químicos;28/06/2016;;Alto;BELEM;PARA;-1,343042;-48,467517;Ativa;21/03/2026 20:27
31056708001917;ORICA BRASIL LTDA;15;Indústria Química;1;Produção de substâncias e fabricação de produtos químicos;15/01/2015;;Alto;MARABA;PARA;-5,858083;-50,566806;Ativa;21/03/2026 20:27
33626638000191;INDUSTRIA GAS NEW EIRELI;15;Indústria Química;1;Produção de substâncias e fabricação de produtos químicos;01/11/2022;;Alto;MARABA;PARA;-5,363631;-49,068719;Ativa;21/03/2026 20:27
34597955001242;WHITE MARTINS GASES INDUSTRIAIS DO NORTE LTDA;15;Indústria Química;1;Produção de substâncias e fabricação de produtos químicos;03/11/2005;;Alto;MARABA;PARA;-5,356667;-49,084417;Ativa;21/03/2026 20:27
34597955001323;WHITE MARTINS GASES INDUSTRIAIS DO NORTE LTDA;15;Indústria Química;1;Produção de substâncias e fabricação de produtos químicos;01/01/2001;;Alto;BELEM;PARA;-1,305278;-48,463056;Ativa;21/03/2026 20:27
34597955002648;WHITE MARTINS GASES INDUSTRIAIS DO NORTE S/A;15;Indústria Química;1;Produção de substâncias e fabricação de produtos químicos;05/03/2003;;Alto;BARCARENA;PARA;-1,572;-48,743056;Ativa;21/03/2026 20:27
36772137000101;W S SEVERO COMERCIO ATACADISTA DE GASES EIRLEI;15;Indústria Química;1;Produção de substâncias e fabricação de produtos químicos;30/08/2021;;Alto;MARABA;PARA;-5,4225;-49,079167;Ativa;21/03/2026 20:27
44885291005691;ADESTE INDUSTRIA DE PRODUTOS ANIMAIS LTDA;15;Indústria Química;1;Produção de substâncias e fabricação de produtos químicos;04/03/2021;21/01/2025;Alto;SANTA ISABEL DO PARA;PARA;-1,299958;-48,167956;Ativa;21/03/2026 20:27
51556658000115;PARANA INDUSTRIA COMERCIO E SERVICOS LTDA;15;Indústria Química;1;Produção de substâncias e fabricação de produtos químicos;17/10/2023;;Alto;ITAITUBA;PARA;-4,296917;-55,957778;Ativa;21/03/2026 20:27
57228585000119;FRONTEIRA DISTRIBUIDORA DE ASFALTO LTDA;15;Indústria Química;1;Produção de substâncias e fabricação de produtos químicos;10/09/2024;;Alto;ITAITUBA;PARA;-5,752778;-55,736667;Ativa;21/03/2026 20:27
63634596000363;GÁS CARBONICO DE MANAUS LTDA - CARBOMAN;15;Indústria Química;1;Produção de substâncias e fabricação de produtos químicos;01/10/2005;;Alto;BELEM;PARA;-1,364056;-48,454028;Ativa;21/03/2026 20:27
63634596000444;CARBOMAN-GAS CARBONICO DE MANAUS;15;Indústria Química;1;Produção de substâncias e fabricação de produtos químicos;29/03/2023;;Alto;ULIANOPOLIS;PARA;-3,688889;-47,780556;Ativa;21/03/2026 20:27
2895702000882;CIMENTAL LTDA;15;Indústria Química;1;Produção de substâncias e fabricação de produtos químicos;28/06/2016;;Alto;JOAO PESSOA;PARAIBA;-7,201389;-34,906917;Ativa;21/03/2026 20:27
4019729000160;COLOROBBIA NORDESTE PRODUTOS PARA CERAMICA LTDA;15;Indústria Química;1;Produção de substâncias e fabricação de produtos químicos;15/06/2009;;Alto;CONDE;PARAIBA;-7,260556;-34,908306;Ativa;21/03/2026 20:27
7869921000134;PEGMATECH ESPECIALIDADES TECNOLOGICAS LTDA.;15;Indústria Química;1;Produção de substâncias e fabricação de produtos químicos;31/10/2009;;Alto;JOAO PESSOA;PARAIBA;-7,1655;-34,820278;Ativa;21/03/2026 20:27
8711021000470;CIG TRADE COMERCIO IMPORTACAO E EXPORTACAO LTDA;15;Indústria Química;1;Produção de substâncias e fabricação de produtos químicos;20/03/2026;;Alto;CABEDELO;PARAIBA;-6,970833;-34,843889;Ativa;21/03/2026 20:27
8824171002514;JCM NITERÓI REFRIGERAÇÃO LTDA;15;Indústria Química;1;Produção de substâncias e fabricação de produtos químicos;15/08/2018;;Alto;CONDE;PARAIBA;-7,261583;-34,935581;Ativa;21/03/2026 20:27
9385527000156;N.NOBREGA & CIA LTDA;15;Indústria Química;1;Produção de substâncias e fabricação de produtos químicos;01/01/2004;26/03/2004;Alto;SAO JOAO DO RIO DO PEIXE;PARAIBA;-6,729167;-38,448889;Ativa;21/03/2026 20:27
10757649000105;INDUSTRIA DE SABAO HALEY LTDA;15;Indústria Química;1;Produção de substâncias e fabricação de produtos químicos;20/07/1989;;Alto;SOUSA;PARAIBA;-6,759167;-38,228056;Ativa;21/03/2026 20:27
24380578001827;WHITE MARTINS GASES INDUSTRIAIS DO NORDESTE LTDA;15;Indústria Química;1;Produção de substâncias e fabricação de produtos químicos;01/01/2004;;Alto;JOAO PESSOA;PARAIBA;-7,163556;-34,878806;Ativa;21/03/2026 20:27
42534679000491;PLASTER DISTRIBUIDORA LTDA;15;Indústria Química;1;Produção de substâncias e fabricação de produtos químicos;16/01/2026;;Alto;CONDE;PARAIBA;-7,258889;-34,933889;Ativa;21/03/2026 20:27
3516000270;MC BAUCHEMIE BRASIL INDUSTRIA E COMERCIO LTDA;15;Indústria Química;1;Produção de substâncias e fabricação de produtos químicos;01/08/2017;;Alto;VITORIA DE SANTO ANTAO;PERNAMBUCO;-8,118056;-35,291389;Ativa;21/03/2026 20:27
75017000531;QUIMIL INDÚSTRIA E COMÉRCIO S/A;15;Indústria Química;1;Produção de substâncias e fabricação de produtos químicos;28/05/2021;;Alto;ESCADA;PERNAMBUCO;-8,365381;-35,236694;Ativa;21/03/2026 20:27
331788002405;AIR LIQUIDE BRASIL LTDA;15;Indústria Química;1;Produção de substâncias e fabricação de produtos químicos;01/07/2003;;Alto;CABO DE SANTO AGOSTINHO;PERNAMBUCO;-8,247778;-35,001917;Ativa;21/03/2026 20:27
1722256000256;UNIVAR SOLUTIONS BRASIL LTDA.;15;Indústria Química;1;Produção de substâncias e fabricação de produtos químicos;01/07/2005;;Alto;IPOJUCA;PERNAMBUCO;-8,367583;-35,031806;Ativa;21/03/2026 20:27
3251289000100;CHEMONE IND. QUÍMICA DO NE LTDA.;15;Indústria Química;1;Produção de substâncias e fabricação de produtos químicos;01/04/2003;13/07/2015;Alto;FEIRA NOVA;PERNAMBUCO;-7,956194;-35,375639;Ativa;21/03/2026 20:27
3323388000150;SPECTRACOLOR INDUSTRIA E COMERCIO LTDA;15;Indústria Química;1;Produção de substâncias e fabricação de produtos químicos;05/03/2001;;Alto;RECIFE;PERNAMBUCO;-8,113158;-34,908961;Ativa;21/03/2026 20:27
4781666000185;COLAMID DO BRASIL LTDA;15;Indústria Química;1;Produção de substâncias e fabricação de produtos químicos;07/11/2001;;Alto;ABREU E LIMA;PERNAMBUCO;-7,923425;-34,905506;Ativa;21/03/2026 20:27
5658506000530;MATRYX INDUSTRIA E COMERCIO DE INSUMOS PARA TRATAMENTO DE AGUAS LTDA;15;Indústria Química;1;Produção de substâncias e fabricação de produtos químicos;18/06/2024;;Alto;GOIANA;PERNAMBUCO;-7,668611;-34,904444;Ativa;21/03/2026 20:27
5892612000230;ASSUNÇÃO DISTRIBUIDORA LTDA;15;Indústria Química;1;Produção de substâncias e fabricação de produtos químicos;16/06/2025;;Alto;ESCADA;PERNAMBUCO;-8,38875;-35,254056;Ativa;21/03/2026 20:27
6234633000140;ELEPHANT INDUSTRIA QUÍMICA EIRELI;15;Indústria Química;1;Produção de substâncias e fabricação de produtos químicos;20/04/2004;;Alto;BARREIROS;PERNAMBUCO;-8,8105;-35,170222;Ativa;21/03/2026 20:27
7986997000140;ALPEK POLYESTER PERNAMBUCO S.A.;15;Indústria Química;1;Produção de substâncias e fabricação de produtos químicos;30/08/2012;;Alto;IPOJUCA;PERNAMBUCO;-8,36025;-35,007306;Ativa;21/03/2026 20:27
7990478000155;JOSELITA MARIA DA SILVA ME;15;Indústria Química;1;Produção de substâncias e fabricação de produtos químicos;05/05/2006;;Alto;CARUARU;PERNAMBUCO;-8,322614;-35,961319;Ativa;21/03/2026 20:27
8016149000170;LABORQUIMICA CALDAS LTDA;15;Indústria Química;1;Produção de substâncias e fabricação de produtos químicos;01/01/2001;;Alto;RECIFE;PERNAMBUCO;-8,079994;-34,936878;Ativa;21/03/2026 20:27
8220101000180;ALPEK POLYESTER BRASIL S.A.;15;Indústria Química;1;Produção de substâncias e fabricação de produtos químicos;13/01/2014;;Alto;IPOJUCA;PERNAMBUCO;-8,358167;-35,006667;Ativa;21/03/2026 20:27
9043891000219;PIRAPAMA BIOENERGIA E GAS LTDA;15;Indústria Química;1;Produção de substâncias e fabricação de produtos químicos;24/03/2023;;Alto;VITORIA DE SANTO ANTAO;PERNAMBUCO;-8,227917;-35,281417;Ativa;21/03/2026 20:27
9120458000159;QUÍMICA COMÉRCIO E INDÚSTRIA LTDA;15;Indústria Química;1;Produção de substâncias e fabricação de produtos químicos;10/09/2007;10/09/2007;Alto;CARUARU;PERNAMBUCO;-8,291389;-35,986056;Ativa;21/03/2026 20:27
9543141000125;NORCOLA INDUSTRIAS LTDA;15;Indústria Química;1;Produção de substâncias e fabricação de produtos químicos;20/07/1989;;Alto;CAMARAGIBE;PERNAMBUCO;-8,023844;-34,997222;Ativa;21/03/2026 20:27
10140967000475;GLOBAL TREND INDUSTRIA E COMERCIO EXTERIOR LTDA;15;Indústria Química;1;Produção de substâncias e fabricação de produtos químicos;05/05/2014;;Alto;CABO DE SANTO AGOSTINHO;PERNAMBUCO;-8,264167;-35,014444;Ativa;21/03/2026 20:27
10383750000143;SALGADO EMPREENDIMENTOS IMOBILIARIOS S/A;15;Indústria Química;1;Produção de substâncias e fabricação de produtos químicos;01/01/2001;03/11/2003;Alto;IPOJUCA;PERNAMBUCO;-8,416083;-35,004167;Ativa;21/03/2026 20:27
10421584000122;PERNAMBUCO QUIMICA S/A;15;Indústria Química;1;Produção de substâncias e fabricação de produtos químicos;21/09/1966;;Alto;JABOATAO DOS GUARARAPES;PERNAMBUCO;-8,173694;-34,939167;Ativa;21/03/2026 20:27
11156708000314;MATCHEM PE PRODUTOS QUÍMICOS LTDA;15;Indústria Química;1;Produção de substâncias e fabricação de produtos químicos;01/02/2015;;Alto;VITORIA DE SANTO ANTAO;PERNAMBUCO;-8,119167;-35,293306;Ativa;21/03/2026 20:27
11268178000134;OXIPRANA INDUSTRIA QUIMICA LTDA;15;Indústria Química;1;Produção de substâncias e fabricação de produtos químicos;14/12/2009;;Alto;JABOATAO DOS GUARARAPES;PERNAMBUCO;-8,212583;-34,957053;Ativa;21/03/2026 20:27
11346301000279;OXIDOS DO NORDESTE S.A;15;Indústria Química;1;Produção de substâncias e fabricação de produtos químicos;01/01/2001;;Alto;GOIANA;PERNAMBUCO;-7,584694;-34,898186;Ativa;21/03/2026 20:27
11507415000172;INDUSTRIAS REUNIDAS RAYMUNDO DA FONTE S/A;15;Indústria Química;1;Produção de substâncias e fabricação de produtos químicos;20/06/1991;;Alto;PAULISTA;PERNAMBUCO;-7,958556;-34,875556;Ativa;21/03/2026 20:27
11699378000141;COMPANHIA ALCOOLQUIMICA NACIONAL-ALCOOLQUÍMICA;15;Indústria Química;1;Produção de substâncias e fabricação de produtos químicos;01/01/2001;07/05/2008;Alto;CABO DE SANTO AGOSTINHO;PERNAMBUCO;-8,278892;-35,037461;Ativa;21/03/2026 20:27
12884672000196;SABARÁ QUÍMICOS E INGREDIENTES S/A.;15;Indústria Química;1;Produção de substâncias e fabricação de produtos químicos;01/01/2002;;Alto;ITAPISSUMA;PERNAMBUCO;-7,800806;-34,924806;Ativa;21/03/2026 20:27
14767386000176;GASES RENOVAVEIS DO BRASIL LTDA;15;Indústria Química;1;Produção de substâncias e fabricação de produtos químicos;28/02/2013;;Alto;LAGOA DO ITAENGA;PERNAMBUCO;-7,938194;-35,282592;Ativa;21/03/2026 20:27
15378027000190;SEMPRE QUÍMICA CANTALICE EIRELI-ME;15;Indústria Química;1;Produção de substâncias e fabricação de produtos químicos;11/04/2012;;Alto;OLINDA;PERNAMBUCO;-8,015167;-34,865139;Ativa;21/03/2026 20:27
15444784000114;C DE SÁ N MENDES ME;15;Indústria Química;1;Produção de substâncias e fabricação de produtos químicos;01/05/2017;;Alto;SERRA TALHADA;PERNAMBUCO;-7,999222;-38,274972;Ativa;21/03/2026 20:27
15634502000222;PG QUIMICA LTDA;15;Indústria Química;1;Produção de substâncias e fabricação de produtos químicos;18/08/2021;04/12/2022;Alto;JABOATAO DOS GUARARAPES;PERNAMBUCO;-8,174667;-34,935417;Ativa;21/03/2026 20:27
23647365001007;BAUMINAS QUIMICA N/NE LTDA;15;Indústria Química;1;Produção de substâncias e fabricação de produtos químicos;14/04/2015;;Alto;CABO DE SANTO AGOSTINHO;PERNAMBUCO;-8,282917;-35,048778;Ativa;21/03/2026 20:27
24081134000142;GJ GASES E EQUIPAMENTOS LTDA - ME;15;Indústria Química;1;Produção de substâncias e fabricação de produtos químicos;29/01/2016;22/04/2016;Alto;JABOATAO DOS GUARARAPES;PERNAMBUCO;-8,236542;-34,981583;Ativa;21/03/2026 20:27
24380578002041;WHITE MARTINS GASES INDUSTRIAIS DO NORDESTE LTDA.;15;Indústria Química;1;Produção de substâncias e fabricação de produtos químicos;01/01/2001;;Alto;JABOATAO DOS GUARARAPES;PERNAMBUCO;-8,214167;-34,933778;Ativa;21/03/2026 20:27
24380578002203;WHITE MARTINS GASES INDUSTRIAIS DO NORDESTE LTDA;15;Indústria Química;1;Produção de substâncias e fabricação de produtos químicos;01/01/2004;;Alto;CABO DE SANTO AGOSTINHO;PERNAMBUCO;-8,291667;-35,031056;Ativa;21/03/2026 20:27
24380578004761;WHITE MARTINS GASES INDUSTRIAIS DO NORDESTE LTDA;15;Indústria Química;1;Produção de substâncias e fabricação de produtos químicos;12/07/2004;;Alto;RECIFE;PERNAMBUCO;-8,073056;-34,955;Ativa;21/03/2026 20:27
24380578006209;WHITE MARTINS GASES INDUSTRIAIS NORDESTE;15;Indústria Química;1;Produção de substâncias e fabricação de produtos químicos;01/08/2012;;Alto;IPOJUCA;PERNAMBUCO;-8,394639;-35,013556;Ativa;21/03/2026 20:27
24380578006543;WHITE MARTINS GASES INDUSTRIAIS DO NORDESTE LTDA;15;Indústria Química;1;Produção de substâncias e fabricação de produtos químicos;27/01/2014;;Alto;GOIANA;PERNAMBUCO;-7,540278;-34,990556;Ativa;21/03/2026 20:27
30653585000100;CAPE IGARASSU INDÚSTRIA E COMÉRCIO DE PRODUTOS QUÍMICOS LTDA;15;Indústria Química;1;Produção de substâncias e fabricação de produtos químicos;08/06/2018;;Alto;IGARASSU;PERNAMBUCO;-7,807778;-34,991389;Ativa;21/03/2026 20:27
34230979018668;SUPERMIX CONCRETO S/A;15;Indústria Química;1;Produção de substâncias e fabricação de produtos químicos;04/07/2022;24/04/2024;Alto;JABOATAO DOS GUARARAPES;PERNAMBUCO;-8,159722;-34,933056;Ativa;21/03/2026 20:27
34710266000140;MARTA E CICERO TESTES E ANALISES TÉCNICAS LTDA;15;Indústria Química;1;Produção de substâncias e fabricação de produtos químicos;01/10/2021;;Alto;RECIFE;PERNAMBUCO;-8,059861;-34,881136;Ativa;21/03/2026 20:27
35458644000374;ADIMAX INDUSTRIA E COMERCIO LTDA;15;Indústria Química;1;Produção de substâncias e fabricação de produtos químicos;22/11/2023;;Alto;JABOATAO DOS GUARARAPES;PERNAMBUCO;-8,183056;-34,933306;Ativa;21/03/2026 20:27
50431118000142;OLIVEIRA, GUIMARAES E SOUZA SERRA TALHADA LTDA;15;Indústria Química;1;Produção de substâncias e fabricação de produtos químicos;25/04/2023;;Alto;SERRA TALHADA;PERNAMBUCO;-7,957583;-38,266889;Ativa;21/03/2026 20:27
55132202000260;SUVINIL COATINGS LTDA;15;Indústria Química;1;Produção de substâncias e fabricação de produtos químicos;01/07/2025;;Alto;JABOATAO DOS GUARARAPES;PERNAMBUCO;-8,181389;-34,898306;Ativa;21/03/2026 20:27
60619202001209;MESSER GASES LTDA;15;Indústria Química;1;Produção de substâncias e fabricação de produtos químicos;01/01/2006;;Alto;JABOATAO DOS GUARARAPES;PERNAMBUCO;-8,223056;-34,966389;Ativa;21/03/2026 20:27
67423152000763;IBG INDUSTRIA BRASILEIRA DE GASES LTDA;15;Indústria Química;1;Produção de substâncias e fabricação de produtos químicos;03/11/2005;;Alto;CABO DE SANTO AGOSTINHO;PERNAMBUCO;-8,2425;-35,004417;Ativa;21/03/2026 20:27
94837598000200;FAXON QUÍMICA LTDA;15;Indústria Química;1;Produção de substâncias e fabricação de produtos químicos;10/04/2018;;Alto;IGARASSU;PERNAMBUCO;-7,857778;-34,909167;Ativa;21/03/2026 20:27
6700769000107;PVP SOCIEDADE ANONIMA;15;Indústria Química;1;Produção de substâncias e fabricação de produtos químicos;30/12/2009;;Alto;PARNAIBA;PIAUI;-2,903556;-41,78225;Ativa;21/03/2026 20:27
11201805000110;IPE QUIMICA DO PIAUI LTDA;15;Indústria Química;1;Produção de substâncias e fabricação de produtos químicos;03/10/2022;;Alto;PICOS;PIAUI;-7,077778;-41,470278;Ativa;21/03/2026 20:27
15121481000594;DURAFIX INDUSTRIA DE ARGAMASSAS E TINTAS LTDA;15;Indústria Química;1;Produção de substâncias e fabricação de produtos químicos;25/11/2022;;Alto;TERESINA;PIAUI;-5,141917;-42,798611;Ativa;21/03/2026 20:27
23647365000884;BAUMINAS QUÍMICA N/NE LTDA;15;Indústria Química;1;Produção de substâncias e fabricação de produtos químicos;24/10/2014;;Alto;TERESINA;PIAUI;-5,14325;-42,797028;Ativa;21/03/2026 20:27
24380578002475;WHITE MARTINS GASES INDUSTRIAIS DO NORDESTE LTDA;15;Indústria Química;1;Produção de substâncias e fabricação de produtos químicos;01/01/2001;;Alto;TERESINA;PIAUI;-5,141917;-42,794306;Ativa;21/03/2026 20:27
32047443000124;MADRIGAL QUÍMICOS LTDA;15;Indústria Química;1;Produção de substâncias e fabricação de produtos químicos;18/01/2025;;Alto;GILBUES;PIAUI;-9,830306;-45,339556;Ativa;21/03/2026 20:27
66715459000422;ANIDRO DO BRASIL EXTRAÇÕES S.A.;15;Indústria Química;1;Produção de substâncias e fabricação de produtos químicos;30/09/2011;;Alto;PARNAIBA;PIAUI;-3,025167;-41,754056;Ativa;21/03/2026 20:27
66715459000503;ANIDRO DO BRASIL EXTRAÇÕES S.A.;15;Indústria Química;1;Produção de substâncias e fabricação de produtos químicos;30/09/2011;;Alto;PARNAIBA;PIAUI;-2,904667;-41,776667;Ativa;21/03/2026 20:27
101896000103;AP WINNER INDUSTRIA E COMERCIO DE PRODUTOS QUIMICOS LTDA;15;Indústria Química;1;Produção de substâncias e fabricação de produtos químicos;01/01/2001;13/03/2002;Alto;PONTA GROSSA;PARANA;-25,18;-50,145556;Ativa;21/03/2026 20:27
220359000174;FORTQUIM DO BRASIL INDUSTRIA QUÍMICA LTDA;15;Indústria Química;1;Produção de substâncias e fabricação de produtos químicos;11/02/2013;;Alto;SAO JOSE DOS PINHAIS;PARANA;-25,590111;-49,173944;Ativa;21/03/2026 20:27
331788003304;AIR LIQUIDE BRASIL LTDA;15;Indústria Química;1;Produção de substâncias e fabricação de produtos químicos;02/02/2009;;Alto;CURITIBA;PARANA;-25,427778;-49,273056;Ativa;21/03/2026 20:27
331788004106;AIR LIQUIDE BRASIL LTDA;15;Indústria Química;1;Produção de substâncias e fabricação de produtos químicos;31/01/2007;;Alto;MARINGA;PARANA;-23,425278;-51,938556;Ativa;21/03/2026 20:27
331788007717;AIR LIQUIDE BRASIL LTDA;15;Indústria Química;1;Produção de substâncias e fabricação de produtos químicos;01/03/2016;;Alto;ORTIGUEIRA;PARANA;-24,241806;-50,750778;Ativa;21/03/2026 20:27
606549003301;ARAUCO INDUSTRIA DE PAINEIS S.A.;15;Indústria Química;1;Produção de substâncias e fabricação de produtos químicos;01/01/2026;;Alto;ARAUCARIA;PARANA;-25,550278;-49,367194;Ativa;21/03/2026 20:27
623492000171;BBA INDÚSTRIA QUÍMICA LTDA;15;Indústria Química;1;Produção de substâncias e fabricação de produtos químicos;04/05/1995;;Alto;JACAREZINHO;PARANA;-23,078306;-49,935556;Ativa;21/03/2026 20:27
898402000406;E. L. FRANCO E CIA LTDA;15;Indústria Química;1;Produção de substâncias e fabricação de produtos químicos;04/09/2006;;Alto;SANTA TEREZA DO OESTE;PARANA;-25,052222;-53,633056;Ativa;21/03/2026 20:27
1359916000367;CHEMETALL DO BRASIL LTDA;15;Indústria Química;1;Produção de substâncias e fabricação de produtos químicos;02/10/2018;;Alto;SAO JOSE DOS PINHAIS;PARANA;-25,534722;-49,206389;Ativa;21/03/2026 20:27
1393232000110;BRASCARBO AGROINDUSTRIAL LTDA.;15;Indústria Química;1;Produção de substâncias e fabricação de produtos químicos;01/01/2002;15/03/2002;Alto;CURITIBA;PARANA;-25,359472;-51,451694;Ativa;21/03/2026 20:27
1459630000272;MERIDIONAL TCS INDUSTRIA E COMERCIO DE OLEOS SA;15;Indústria Química;1;Produção de substâncias e fabricação de produtos químicos;19/06/2006;;Alto;PONTA GROSSA;PARANA;-25,060694;-50,179167;Ativa;21/03/2026 20:27
1510435000149;TRIPLO X BRASIL LTDA;15;Indústria Química;1;Produção de substâncias e fabricação de produtos químicos;28/05/2020;;Alto;SARANDI;PARANA;-23,447814;-51,862267;Ativa;21/03/2026 20:27
1593699000618;SOCER RB INDUSTRIA E COMERCIO LTDA;15;Indústria Química;1;Produção de substâncias e fabricação de produtos químicos;08/03/2017;07/06/2024;Alto;SENGES;PARANA;-24,100417;-49,454139;Ativa;21/03/2026 20:27
1709348000115;AIQ DO BRASIL TRATAMENTO DE ÁGUAS LTDA.;15;Indústria Química;1;Produção de substâncias e fabricação de produtos químicos;27/07/2015;;Alto;MANDAGUARI;PARANA;-23,517;-51,676167;Ativa;21/03/2026 20:27
1731711000107;TESTURITE INDUSTRIAL BRASILEIRA LTDA;15;Indústria Química;1;Produção de substâncias e fabricação de produtos químicos;01/04/1997;;Alto;PINHAIS;PARANA;-25,457444;-49,182267;Ativa;21/03/2026 20:27
1842382000163;ELEBRAK BATERIAS AUTOMOTIVAS LTDA;15;Indústria Química;1;Produção de substâncias e fabricação de produtos químicos;01/01/2001;23/09/2003;Alto;APUCARANA;PARANA;-23,551944;-51,448278;Ativa;21/03/2026 20:27
1974431000111;LABMASTER COMERCIO DE PRODUTOS CIENTIFICOS EIRELI - EPP;15;Indústria Química;1;Produção de substâncias e fabricação de produtos químicos;17/07/1997;;Alto;CURITIBA;PARANA;-25,424167;-49,193306;Ativa;21/03/2026 20:27
1998797000120;ROMAGNOLI OLEOS VEGETAIS LTDA - EPP;15;Indústria Química;1;Produção de substâncias e fabricação de produtos químicos;01/10/2011;;Alto;CENTENARIO DO SUL;PARANA;-22,822722;-51,566667;Ativa;21/03/2026 20:27
2125191000143;CHESIQUIMICA LTDA;15;Indústria Química;1;Produção de substâncias e fabricação de produtos químicos;01/07/2003;01/09/2003;Alto;PONTA GROSSA;PARANA;-25,095278;-50,171667;Ativa;21/03/2026 20:27
2178116000140;BORDEAUX COMÉRCIO DE TINTAS E VERNIZES LTDA;15;Indústria Química;1;Produção de substâncias e fabricação de produtos químicos;01/01/2001;;Alto;COLOMBO;PARANA;-25,3875;-49,165556;Ativa;21/03/2026 20:27
2234080000175;INDUSTRIA QUIMICA ROCHA LTDA;15;Indústria Química;1;Produção de substâncias e fabricação de produtos químicos;01/01/2001;;Alto;CURITIBA;PARANA;-25,543056;-49,326667;Ativa;21/03/2026 20:27
2290510000176;ADAMA BRASIL S/A;15;Indústria Química;1;Produção de substâncias e fabricação de produtos químicos;26/06/2006;;Alto;LONDRINA;PARANA;-23,277528;-51,109306;Ativa;21/03/2026 20:27
2351006000139;GRECA DISTRIBUIDORA DE ASFALTOS LTDA.;15;Indústria Química;1;Produção de substâncias e fabricação de produtos químicos;01/01/2001;10/10/2002;Alto;ARAUCARIA;PARANA;-25,548889;-49,369167;Ativa;21/03/2026 20:27
2555047000228;RHOMA PRODUTOS E EQUIPAMENTOS HOSPITALARES LTDA;15;Indústria Química;1;Produção de substâncias e fabricação de produtos químicos;16/05/2011;;Alto;CAMPO LARGO;PARANA;-25,4925;-49,571389;Ativa;21/03/2026 20:27
2600193000147;MOJAVE TECNOLOGIA EM SANEAMENTO LTDA;15;Indústria Química;1;Produção de substâncias e fabricação de produtos químicos;02/03/2004;;Alto;ALMIRANTE TAMANDARE;PARANA;-25,320556;-49,306667;Ativa;21/03/2026 20:27
2633937000120;PETRA QUIMICA INDUSTRIA E COMERCIO DE PRODUTOS QUIMICOS LTDA;15;Indústria Química;1;Produção de substâncias e fabricação de produtos químicos;13/02/2013;;Alto;APUCARANA;PARANA;-23,588683;-51,481525;Ativa;21/03/2026 20:27
2679130000128;TF7 QUÍMICA DO BRASIL LTDA - EPP;15;Indústria Química;1;Produção de substâncias e fabricação de produtos químicos;24/07/1998;;Alto;CURITIBA;PARANA;-25,502681;-49,176375;Ativa;21/03/2026 20:27
2886685000140;PONTUAL BRASIL PETROLEO LTDA;15;Indústria Química;1;Produção de substâncias e fabricação de produtos químicos;19/03/2026;;Alto;ARAUCARIA;PARANA;-25,552556;-49,369056;Ativa;21/03/2026 20:27
3311786000156;POLESELLO INDUSTRIA QUIMICA LTDA;15;Indústria Química;1;Produção de substâncias e fabricação de produtos químicos;21/07/1999;;Alto;VITORINO;PARANA;-26,339694;-52,833056;Ativa;21/03/2026 20:27
3311786000318;FABRICA DE COLA POLESELLO LTDA;15;Indústria Química;1;Produção de substâncias e fabricação de produtos químicos;01/05/2020;;Alto;CAMPO LARGO;PARANA;-25,493056;-49,560556;Ativa;21/03/2026 20:27
3377337000100;MULTQUÍMICA PRODUTOS QUÍMICOS LTDA;15;Indústria Química;1;Produção de substâncias e fabricação de produtos químicos;01/09/1999;;Alto;LONDRINA;PARANA;-23,2925;-51,166917;Ativa;21/03/2026 20:27
3443327000126;MACDERMID ENTHONE PRODUTOS QUIMICOS LTDA;15;Indústria Química;1;Produção de substâncias e fabricação de produtos químicos;01/01/2002;11/06/2002;Alto;CAMBE;PARANA;-23,275806;-51,278306;Ativa;21/03/2026 20:27
3579433000131;SOLAR INDUSTRIA DE QUIMICOS LTDA;15;Indústria Química;1;Produção de substâncias e fabricação de produtos químicos;03/11/2005;;Alto;SAO JOSE DOS PINHAIS;PARANA;-25,568611;-49,206667;Ativa;21/03/2026 20:27
3676880000109;ALUDROL INDUSTRIA QUIMICA LTDA;15;Indústria Química;1;Produção de substâncias e fabricação de produtos químicos;01/03/2000;;Alto;CURITIBA;PARANA;-25,541219;-49,325272;Ativa;21/03/2026 20:27
3884666000148;DEPIMIEL DO BRASIL LTDA EPP;15;Indústria Química;1;Produção de substâncias e fabricação de produtos químicos;03/01/2022;;Alto;COLOMBO;PARANA;-25,345;-49,156056;Ativa;21/03/2026 20:27
3944724000262;KEMIRA CHEMICALS BRASIL LTDA.;15;Indústria Química;1;Produção de substâncias e fabricação de produtos químicos;01/07/2002;;Alto;TELEMACO BORBA;PARANA;-24,387056;-50,570056;Ativa;21/03/2026 20:27
3944724000777;KEMIRA CHEMICALS BRASIL LTDA;15;Indústria Química;1;Produção de substâncias e fabricação de produtos químicos;01/03/2016;;Alto;ORTIGUEIRA;PARANA;-24,2375;-50,746056;Ativa;21/03/2026 20:27
4120074000112;HEIDE INDUSTRIA E COMERCIO LTDA;15;Indústria Química;1;Produção de substâncias e fabricação de produtos químicos;05/06/2017;;Alto;PINHAIS;PARANA;-25,425556;-49,185;Ativa;21/03/2026 20:27
4162105000106;C.A.E. INDÚSTRIA E COMÉRCIO DE PRODUTOS QUÍMICOS LTDA;15;Indústria Química;1;Produção de substâncias e fabricação de produtos químicos;22/11/2000;;Alto;UMUARAMA;PARANA;-23,778667;-53,294139;Ativa;21/03/2026 20:27
4406746000231;INDÚSTRIA DE FERTILIZANTES ATLÂNTICO LTDA;15;Indústria Química;1;Produção de substâncias e fabricação de produtos químicos;01/04/2005;21/01/2021;Alto;PARANAGUA;PARANA;-25,52;-48,509167;Ativa;21/03/2026 20:27
4528722000174;NORKLIN TRANSPORTES LTDA;15;Indústria Química;1;Produção de substâncias e fabricação de produtos químicos;01/06/2013;;Alto;APUCARANA;PARANA;-23,4575;-51,568333;Ativa;21/03/2026 20:27
4645160000149;MOBIUS LIFE SCIENCE INDÚSTRIA E COMÉRCIO DE PRODUTOS PARA LABORATÓRIOS LTDA;15;Indústria Química;1;Produção de substâncias e fabricação de produtos químicos;02/08/2022;;Alto;PINHAIS;PARANA;-25,420667;-49,190417;Ativa;21/03/2026 20:27
4719745000166;INDUSTRIA DE FERTILIZANTES MACROBIO LTDA;15;Indústria Química;1;Produção de substâncias e fabricação de produtos químicos;13/09/2021;;Alto;SANTA HELENA;PARANA;-24,864167;-54,330278;Ativa;21/03/2026 20:27
4956492000144;MAXIMPORT - COMERCIAL, IMPORTADORA E EXPORTADORA LTDA;15;Indústria Química;1;Produção de substâncias e fabricação de produtos químicos;26/11/2024;;Alto;ARAUCARIA;PARANA;-25,607531;-49,420931;Ativa;21/03/2026 20:27
4997059001200;TRADECORP DO BRASIL COMERCIO DE INSUMOS AGRICOLAS LTDA;15;Indústria Química;1;Produção de substâncias e fabricação de produtos químicos;01/10/2024;;Alto;ARAPONGAS;PARANA;-23,353056;-51,488889;Ativa;21/03/2026 20:27
5041688000171;EDSON CALLEGARI;15;Indústria Química;1;Produção de substâncias e fabricação de produtos químicos;01/07/2002;09/08/2002;Alto;CURITIBA;PARANA;-25,447633;-49,253469;Ativa;21/03/2026 20:27
5084081000179;F C DE PAULA JOSE & CIA LTDA;15;Indústria Química;1;Produção de substâncias e fabricação de produtos químicos;06/06/2002;;Alto;PARANAVAI;PARANA;-23,097306;-52,474917;Ativa;21/03/2026 20:27
5097254000193;ALV INDUSTRIA E COMERCIO DE TINTAS LTDA;15;Indústria Química;1;Produção de substâncias e fabricação de produtos químicos;05/05/2004;;Alto;CAMPINA GRANDE DO SUL;PARANA;-25,355944;-49,082972;Ativa;21/03/2026 20:27
5445030000125;KALAY DO BRASIL LTDA;15;Indústria Química;1;Produção de substâncias e fabricação de produtos químicos;01/01/2003;;Alto;PINHAIS;PARANA;-25,400833;-49,188889;Ativa;21/03/2026 20:27
5823205000190;MAQUIRA IND. DE PROD. ODONTOLÓGICOS LTDA;15;Indústria Química;1;Produção de substâncias e fabricação de produtos químicos;01/07/2007;;Alto;MARINGA;PARANA;-23,426056;-51,978556;Ativa;21/03/2026 20:27
5855974000170;BASTON INDUSTRIA DE AEROSSÓIS LTDA;15;Indústria Química;1;Produção de substâncias e fabricação de produtos químicos;01/06/2013;;Alto;PALMEIRA;PARANA;-25,449667;-50,01;Ativa;21/03/2026 20:27
5909032000128;POLO SUL ESPECIALIDADES QUIMICAS LTDA;15;Indústria Química;1;Produção de substâncias e fabricação de produtos químicos;27/06/2012;;Alto;CURITIBA;PARANA;-25,520686;-49,324308;Ativa;21/03/2026 20:27
5971216000118;M MOCELIN & CIA LTDA EPP;15;Indústria Química;1;Produção de substâncias e fabricação de produtos químicos;10/11/2003;;Alto;SAO JORGE D'OESTE;PARANA;-25,735;-52,920278;Ativa;21/03/2026 20:27
6306095000152;ALIANÇA INDUSTRIA QUIMICA LTDA;15;Indústria Química;1;Produção de substâncias e fabricação de produtos químicos;30/03/2011;;Alto;APUCARANA;PARANA;-23,556417;-51,440667;Ativa;21/03/2026 20:27
7359776000303;BIO TEE SUL AMÉRICA IND.DE PROD.QUIM E OPOT.LTDA;15;Indústria Química;1;Produção de substâncias e fabricação de produtos químicos;01/09/2008;;Alto;PALMAS;PARANA;-26,49;-51,994167;Ativa;21/03/2026 20:27
7505960000152;TENTIL COMÉRCIO DE TINTAS LTDA;15;Indústria Química;1;Produção de substâncias e fabricação de produtos químicos;18/07/2005;;Alto;ARAUCARIA;PARANA;-25,591944;-49,396944;Ativa;21/03/2026 20:27
7526617000194;RENDICOLLA COMÉRCIO, EXPORTAÇÃO E IMPORTAÇÃO DE PRODUTOS QUÍ;15;Indústria Química;1;Produção de substâncias e fabricação de produtos químicos;02/08/2005;;Alto;PALMEIRA;PARANA;-25,429444;-50,006389;Ativa;21/03/2026 20:27
7598316000176;CADILLAC IMP. EXP. IND. E COM. DE PRODUTOS AUTOMOTIVOS LTDA;15;Indústria Química;1;Produção de substâncias e fabricação de produtos químicos;19/08/2005;;Alto;QUITANDINHA;PARANA;-25,866389;-49,453333;Ativa;21/03/2026 20:27
7668944000180;BIOFRAGANE PRODUTOS QUIMICOS LTDA EPP;15;Indústria Química;1;Produção de substâncias e fabricação de produtos químicos;08/02/2011;;Alto;PONTA GROSSA;PARANA;-25,139922;-50,169792;Ativa;21/03/2026 20:27
7750279000170;NIKKOZEN INDUSTRIA E COMÉRCIO DE PRODUTOS QUÍMICOS LTDA;15;Indústria Química;1;Produção de substâncias e fabricação de produtos químicos;20/12/2005;;Alto;CIANORTE;PARANA;-23,664167;-52,570833;Ativa;21/03/2026 20:27
7920916000290;BSC QUIMICA LTDA;15;Indústria Química;1;Produção de substâncias e fabricação de produtos químicos;06/01/2025;;Alto;MARINGA;PARANA;-23,473056;-51,921056;Ativa;21/03/2026 20:27
8281559000149;PREMIO INDÚSTRIA COMÉRCIO E TRANSPORTES DE PRODUTOS QUÍMICOS LTDA;15;Indústria Química;1;Produção de substâncias e fabricação de produtos químicos;20/09/2013;;Alto;CONTENDA;PARANA;-25,674028;-49,513917;Ativa;21/03/2026 20:27
8321096000100;INCOVIA SOLUÇÕES EM SINALIZAÇÃO VIÁRIA LTDA;15;Indústria Química;1;Produção de substâncias e fabricação de produtos químicos;27/09/2006;;Alto;MARINGA;PARANA;-23,427969;-51,937867;Ativa;21/03/2026 20:27
8648106000108;ABBA INDUSTRIA E COMERCIO DE PRODUTOS QUIMICOS EIRELI.;15;Indústria Química;1;Produção de substâncias e fabricação de produtos químicos;09/02/2007;;Alto;CURITIBA;PARANA;-25,416728;-49,353056;Ativa;21/03/2026 20:27
8717657000186;LOGUS IND E TRANSP DE PRODUTOS QUIMICOS LTDA ME;15;Indústria Química;1;Produção de substâncias e fabricação de produtos químicos;01/05/2013;;Alto;CAMPINA GRANDE DO SUL;PARANA;-25,30925;-49,058056;Ativa;21/03/2026 20:27
8775142000132;BONARDI INDÚSTRIA QUÍMICA LTDA;15;Indústria Química;1;Produção de substâncias e fabricação de produtos químicos;16/08/2008;;Alto;COLOMBO;PARANA;-25,345778;-49,148667;Ativa;21/03/2026 20:27
8787711000160;QUIMIFIX INDUSTRIA E COMERCIO DE PRODUTOS AUTOMOTIVOS EIRELI;15;Indústria Química;1;Produção de substâncias e fabricação de produtos químicos;11/04/2007;;Alto;PINHAIS;PARANA;-25,44485;-49,192167;Ativa;21/03/2026 20:27
8966687000126;NOVELTY PARTNERS LTDA;15;Indústria Química;1;Produção de substâncias e fabricação de produtos químicos;25/02/2025;;Alto;CAMPO MAGRO;PARANA;-25,3725;-49,417222;Ativa;21/03/2026 20:27
9092458000192;SOLUCAO ADESIVOS E SELANTES LTDA;15;Indústria Química;1;Produção de substâncias e fabricação de produtos químicos;25/03/2022;;Alto;FAZENDA RIO GRANDE;PARANA;-25,640167;-49,275;Ativa;21/03/2026 20:27
9199091000100;BRILHOQUIMICA LTDA-ME;15;Indústria Química;1;Produção de substâncias e fabricação de produtos químicos;12/11/2007;;Alto;SANTA TEREZA DO OESTE;PARANA;-25,140603;-53,585133;Ativa;21/03/2026 20:27
9214969000130;POLITEC COMERCIO DE PRODUTOS SANEANTES LTDA;15;Indústria Química;1;Produção de substâncias e fabricação de produtos químicos;01/04/2016;;Alto;ROLANDIA;PARANA;-23,309667;-51,369167;Ativa;21/03/2026 20:27
10220566000182;BOLT METAIS INDUSTRIA E COMERCIO DE PRODUTOS QUIMICOS E SAIS LTDA;15;Indústria Química;1;Produção de substâncias e fabricação de produtos químicos;04/09/2013;;Alto;CONTENDA;PARANA;-25,683333;-49,516667;Ativa;21/03/2026 20:27
10409614000266;ALTA - AMÉRICA LATINA TECNOLOGIA AGRÍCOLA LTDA.;15;Indústria Química;1;Produção de substâncias e fabricação de produtos químicos;23/06/2014;;Alto;IBIPORA;PARANA;-23,266389;-51,0525;Ativa;21/03/2026 20:27
10704475000112;CARCELLI SINALIZAÇOES LTDA;15;Indústria Química;1;Produção de substâncias e fabricação de produtos químicos;15/06/2021;;Alto;SAO MIGUEL DO IGUACU;PARANA;-25,357222;-54,253056;Ativa;21/03/2026 20:27
10771250000189;GDTECH QUÍMICA INDUSTRIA LTDA;15;Indústria Química;1;Produção de substâncias e fabricação de produtos químicos;01/03/2017;;Alto;PIRAI DO SUL;PARANA;-24,542622;-49,918103;Ativa;21/03/2026 20:27
10885089000174;AUTO POSTO SORRISO LTDA;15;Indústria Química;1;Produção de substâncias e fabricação de produtos químicos;31/03/2009;;Alto;CURITIBA;PARANA;-25,427375;-49,297972;Ativa;21/03/2026 20:27
11131609000205;TOTALMIX INDUSTRIA E COMERCIO LTDA;15;Indústria Química;1;Produção de substâncias e fabricação de produtos químicos;03/05/2018;;Alto;SAO CARLOS DO IVAI;PARANA;-23,266667;-52,494103;Ativa;21/03/2026 20:27
11131609000388;TOTALMIX INDUSTRIA E COMERCIO LTDA;15;Indústria Química;1;Produção de substâncias e fabricação de produtos químicos;02/01/2023;;Alto;JANDAIA DO SUL;PARANA;-23,683306;-51,687444;Ativa;21/03/2026 20:27
11247117000190;ABBA ESPECIALIDADES QUIMICAS EIRELI - EPP;15;Indústria Química;1;Produção de substâncias e fabricação de produtos químicos;02/09/2013;;Alto;CURITIBA;PARANA;-25,416728;-49,353056;Ativa;21/03/2026 20:27
11670605000106;MOCELIN MANOMETROS LTDA;15;Indústria Química;1;Produção de substâncias e fabricação de produtos químicos;12/11/2014;;Alto;SAO JORGE D'OESTE;PARANA;-25,705556;-52,918306;Ativa;21/03/2026 20:27
11670605000530;MOCELIN INDUSTRIA DE EXTINTORES LTDA;15;Indústria Química;1;Produção de substâncias e fabricação de produtos químicos;29/04/2024;;Alto;DOIS VIZINHOS;PARANA;-25,791594;-53,035781;Ativa;21/03/2026 20:27
11937624000156;SDI TINTAS LTDA;15;Indústria Química;1;Produção de substâncias e fabricação de produtos químicos;03/10/2011;;Alto;PINHAIS;PARANA;-25,422222;-49,186667;Ativa;21/03/2026 20:27
12118086000130;FR INDÚSTRIA E COMÉRCIO DE EXTINTORES LTDA - ME;15;Indústria Química;1;Produção de substâncias e fabricação de produtos químicos;16/06/2010;;Alto;SANTO ANTONIO DA PLATINA;PARANA;-23,288483;-50,074564;Ativa;21/03/2026 20:27
12192744000134;TECNOCARBO LTDA;15;Indústria Química;1;Produção de substâncias e fabricação de produtos químicos;01/10/2024;;Alto;GUARAPUAVA;PARANA;-25,235806;-51,553583;Ativa;21/03/2026 20:27
12199337000230;GELITA DO BRASIL LTDA;15;Indústria Química;1;Produção de substâncias e fabricação de produtos químicos;01/04/2003;;Alto;MARINGA;PARANA;-23,306417;-51,894167;Ativa;21/03/2026 20:27
12984254000251;ARAUCÁRIA NITROGENADOS S.A;15;Indústria Química;1;Produção de substâncias e fabricação de produtos químicos;01/07/2012;;Alto;ARAUCARIA;PARANA;-25,575639;-49,367806;Ativa;21/03/2026 20:27
14069668000108;GREEN CHEMICALS DO BRASIL LTDA;15;Indústria Química;1;Produção de substâncias e fabricação de produtos químicos;28/10/2011;;Alto;CURITIBA;PARANA;-25,43;-49,350806;Ativa;21/03/2026 20:27
14219973000120;HR PRODUTOS DE LIMPEZA LTDA;15;Indústria Química;1;Produção de substâncias e fabricação de produtos químicos;31/08/2011;;Alto;REBOUCAS;PARANA;-25,654417;-50,651056;Ativa;21/03/2026 20:27
14597759000108;COPPERSAL INDÚSTRIA QUÍMICA LTDA;15;Indústria Química;1;Produção de substâncias e fabricação de produtos químicos;03/11/2011;;Alto;COLORADO;PARANA;-22,843356;-51,994372;Ativa;21/03/2026 20:27
14766140000180;INNOVARE QUÍMICA DO BRASIL LTDA;15;Indústria Química;1;Produção de substâncias e fabricação de produtos químicos;01/10/2012;11/03/2026;Alto;IBIPORA;PARANA;-23,291389;-51,090806;Ativa;21/03/2026 20:27
15018786000141;GQA SERVIÇOS DE INSTALAÇÃO DE EQUIPAMENTOS INDUSTRIAIS LTDA - ME;15;Indústria Química;1;Produção de substâncias e fabricação de produtos químicos;12/02/2014;;Alto;MARECHAL CANDIDO RONDON;PARANA;-24,549444;-54,045197;Ativa;21/03/2026 20:27
15221499000134;ARKSON TECNOLOGIAS QUIMICAS LTDA;15;Indústria Química;1;Produção de substâncias e fabricação de produtos químicos;14/03/2016;;Alto;ARAUCARIA;PARANA;-25,557778;-49,385556;Ativa;21/03/2026 20:27
15597112000149;MACDERMID OFFSHORE DO BRASIL INDÚSTRIA DE FLUIDOS LTDA;15;Indústria Química;1;Produção de substâncias e fabricação de produtos químicos;01/04/2013;;Alto;CAMBE;PARANA;-23,259722;-51,250833;Ativa;21/03/2026 20:27
16791833000158;VCI XWORLD ADITIVOS QUÍMICOS LTDA  ME;15;Indústria Química;1;Produção de substâncias e fabricação de produtos químicos;15/05/2012;;Alto;FAZENDA RIO GRANDE;PARANA;-25,640556;-49,309417;Ativa;21/03/2026 20:27
16987597000140;ALLOXY ESPECIALIDADES QUIMICAS LTDA-ME;15;Indústria Química;1;Produção de substâncias e fabricação de produtos químicos;27/09/2013;;Alto;SAO JOSE DOS PINHAIS;PARANA;-25,627167;-49,168667;Ativa;21/03/2026 20:27
17153091000106;KOUBE INDUSTRIA DE PRODUTOS AUTOMOTIVOS LTDA;15;Indústria Química;1;Produção de substâncias e fabricação de produtos químicos;11/04/2016;;Alto;ARAUCARIA;PARANA;-25,557356;-49,388881;Ativa;21/03/2026 20:27
17581010000160;RYMACOR INDUSTRIA E COMERCIO DE TINTAS LTDA;15;Indústria Química;1;Produção de substâncias e fabricação de produtos químicos;17/12/2012;;Alto;CURITIBA;PARANA;-25,513611;-49,332778;Ativa;21/03/2026 20:27
17677064000124;QUIMICAMASTER INDUSTRIA E COMERCIO LTDA.;15;Indústria Química;1;Produção de substâncias e fabricação de produtos químicos;01/03/2013;;Alto;LONDRINA;PARANA;-23,521917;-51,442194;Ativa;21/03/2026 20:27
17687819000171;INNOVA LTDA;15;Indústria Química;1;Produção de substâncias e fabricação de produtos químicos;08/05/2013;;Alto;FOZ DO IGUACU;PARANA;-25,519778;-54,527806;Ativa;21/03/2026 20:27
17947033000146;QUALITY QUIMICA INDUSTRIAL LTDA;15;Indústria Química;1;Produção de substâncias e fabricação de produtos químicos;02/04/2013;;Alto;APUCARANA;PARANA;-23,581111;-51,410278;Ativa;21/03/2026 20:27
18146629000100;QUIMIPAR LTDA;15;Indústria Química;1;Produção de substâncias e fabricação de produtos químicos;16/05/2013;;Alto;TOLEDO;PARANA;-24,616917;-53,728417;Ativa;21/03/2026 20:27
18272938000126;ACROM AGROINDUSTRIAL LTDA.;15;Indústria Química;1;Produção de substâncias e fabricação de produtos químicos;17/10/2019;;Alto;LONDRINA;PARANA;-23,620278;-51,105833;Ativa;21/03/2026 20:27
18670898000170;NEXT CHEMICAL INDÚSTRIA E COMÉRCIO DE PRODUTOS QUÍMICOS LTDA;15;Indústria Química;1;Produção de substâncias e fabricação de produtos químicos;13/08/2013;;Alto;CURITIBA;PARANA;-25,523111;-49,317972;Ativa;21/03/2026 20:27
19265645000184;EBSA INDUSTRIA E COMERCIO DE METAIS SA;15;Indústria Química;1;Produção de substâncias e fabricação de produtos químicos;25/11/2013;;Alto;CURITIBA;PARANA;-25,554917;-49,307167;Ativa;21/03/2026 20:27
20625895000167;R2 INDÚSTRIA E COMÉRCIO LTDA.;15;Indústria Química;1;Produção de substâncias e fabricação de produtos químicos;01/01/2015;;Alto;CAMPO MAGRO;PARANA;-25,372778;-49,41;Ativa;21/03/2026 20:27
21833325000125;SWS INDUSTRIA QUÍMICA LTDA;15;Indústria Química;1;Produção de substâncias e fabricação de produtos químicos;06/02/2015;;Alto;CIANORTE;PARANA;-23,664444;-52,573333;Ativa;21/03/2026 20:27
21842878000225;VEGETALLIS INDUSTRIA E COMERCIO LTDA;15;Indústria Química;1;Produção de substâncias e fabricação de produtos químicos;06/07/2016;;Alto;PONTA GROSSA;PARANA;-25,172069;-50,101806;Ativa;21/03/2026 20:27
22627625000110;INDUSTRIA E COMERCIO DE PRODUTOS PARA TRATAMENTO DE SUPERFICI PODIUM LTDA;15;Indústria Química;1;Produção de substâncias e fabricação de produtos químicos;09/06/2020;;Alto;LOANDA;PARANA;-22,929128;-53,118036;Ativa;21/03/2026 20:27
23699891000111;QUIMIPAR COMERCIO E DISTRIBUICAO LTDA;15;Indústria Química;1;Produção de substâncias e fabricação de produtos químicos;08/08/2016;;Alto;MANDAGUARI;PARANA;-23,5475;-51,670833;Ativa;21/03/2026 20:27
23931143000201;SAS - INDUSTRIA E COMERCIO DE PRODUTOS QUIMICOS LTDA;15;Indústria Química;1;Produção de substâncias e fabricação de produtos químicos;04/02/2019;;Alto;CURITIBA;PARANA;-25,541642;-49,335706;Ativa;21/03/2026 20:27
25230518000142;ANUBIS INDUSTRIA E COMERCIO DE ARTIGOS FUNERARIOS EIRELI;15;Indústria Química;1;Produção de substâncias e fabricação de produtos químicos;01/01/2017;;Alto;SARANDI;PARANA;-23,456014;-51,858131;Ativa;21/03/2026 20:27
25265400000150;DENTELINE INDUSTRIA DE PRODUTOS ODONTOLOGICOS LTDA;15;Indústria Química;1;Produção de substâncias e fabricação de produtos químicos;26/02/2025;;Alto;MARINGA;PARANA;-23,426111;-51,983333;Ativa;21/03/2026 20:27
27022273000193;NKN INDÚSTRIA E COMÉRCIO IMPORTAÇÃO E EXPORTAÇÃO LTDA;15;Indústria Química;1;Produção de substâncias e fabricação de produtos químicos;03/02/2017;;Alto;APUCARANA;PARANA;-23,551389;-51,461389;Ativa;21/03/2026 20:27
28100754000132;ALCALIM INDUSTRIA QUIMICA LTDA;15;Indústria Química;1;Produção de substâncias e fabricação de produtos químicos;27/02/2018;;Alto;MANDAGUARI;PARANA;-23,516161;-51,687111;Ativa;21/03/2026 20:27
28838556000170;META AGROCIENCIA LTDA;15;Indústria Química;1;Produção de substâncias e fabricação de produtos químicos;01/09/2025;24/02/2026;Alto;CAMPO MOURAO;PARANA;-24,066944;-52,431667;Ativa;21/03/2026 20:27
29868002000189;KOUBE INDUSTRIA E COMERCIO DE PRODUTOS QUIMICOS EIRELI;15;Indústria Química;1;Produção de substâncias e fabricação de produtos químicos;07/03/2018;;Alto;ARAUCARIA;PARANA;-25,623611;-49,450556;Ativa;21/03/2026 20:27
30156545000152;TECH PRIME SOLUCOES AMBIENTAIS LTDA;15;Indústria Química;1;Produção de substâncias e fabricação de produtos químicos;12/02/2025;;Alto;SANTA ISABEL DO IVAI;PARANA;-22,9958;-53,204975;Ativa;21/03/2026 20:27
30963731000101;SARTORI ATACADISTA E INDUSTRIA LTDA;15;Indústria Química;1;Produção de substâncias e fabricação de produtos químicos;25/07/2024;;Alto;CAPITAO LEONIDAS MARQUES;PARANA;-25,507183;-53,536711;Ativa;21/03/2026 20:27
32167363000102;FLORPINUS INDÚSTRIA QUÍMICA LTDA.;15;Indústria Química;1;Produção de substâncias e fabricação de produtos químicos;01/01/2001;;Alto;CAMPO LARGO;PARANA;-25,483556;-49,574667;Ativa;21/03/2026 20:27
33154534000121;MONOFLOOR REVESTIMENTOS E ACABAMENTOS CONTINUOS LTDA ME;15;Indústria Química;1;Produção de substâncias e fabricação de produtos químicos;07/01/2025;;Alto;CURITIBA;PARANA;-25,498333;-49,225556;Ativa;21/03/2026 20:27
33211456000150;AQM - ADITIVOS QUIMICOS MARINGA LTDA;15;Indústria Química;1;Produção de substâncias e fabricação de produtos químicos;01/04/2019;;Alto;MARINGA;PARANA;-23,466389;-51,999722;Ativa;21/03/2026 20:27
33238051000105;MARIO HOLIK COMERCIO;15;Indústria Química;1;Produção de substâncias e fabricação de produtos químicos;13/09/2019;;Alto;CRUZ MACHADO;PARANA;-26,015833;-51,259444;Ativa;21/03/2026 20:27
33391434002839;BRENNTAG QUIMICA BRASIL LTDA.;15;Indústria Química;1;Produção de substâncias e fabricação de produtos químicos;11/05/2022;;Alto;NOVA ESPERANCA;PARANA;-23,17;-52,244167;Ativa;21/03/2026 20:27
33573927000170;QUALITY - INDUSTRIA E COMERCIO DE ARTIGOS FUNERARIOS LTDA;15;Indústria Química;1;Produção de substâncias e fabricação de produtos químicos;09/05/2019;;Alto;MARIALVA;PARANA;-23,496389;-51,777778;Ativa;21/03/2026 20:27
34469681000153;JOÃO DE SOUZA RESINAS EIRELLI;15;Indústria Química;1;Produção de substâncias e fabricação de produtos químicos;05/03/2021;;Alto;TIBAGI;PARANA;-24,449333;-50,393456;Ativa;21/03/2026 20:27
34787966000132;BONARDI RESINAS LTDA;15;Indústria Química;1;Produção de substâncias e fabricação de produtos químicos;16/10/2019;;Alto;COLOMBO;PARANA;-25,345583;-49,148611;Ativa;21/03/2026 20:27
35001107000139;APLIC TEC AGROTECNOLOGIAS LTDA;15;Indústria Química;1;Produção de substâncias e fabricação de produtos químicos;26/09/2019;;Alto;CIANORTE;PARANA;-23,661389;-52,583056;Ativa;21/03/2026 20:27
35340747000173;BR BRASIL INDUSTRIA DE AEROSSOIS LTDA;15;Indústria Química;1;Produção de substâncias e fabricação de produtos químicos;23/09/2021;;Alto;CURITIBA;PARANA;-25,548931;-49,331111;Ativa;21/03/2026 20:27
35820448005448;WHITE MARTINS GASES INDUSTRIAIS LTDA.;15;Indústria Química;1;Produção de substâncias e fabricação de produtos químicos;01/01/2003;;Alto;LONDRINA;PARANA;-23,293556;-51,219417;Ativa;21/03/2026 20:27
35820448016482;WHITE MARTINS GASES INDUSTRIAIS LTDA;15;Indústria Química;1;Produção de substâncias e fabricação de produtos químicos;01/10/2003;;Alto;ARAUCARIA;PARANA;-25,565;-49,370556;Ativa;21/03/2026 20:27
37413384000184;INDUSTRIA PETROQUIMICA APOLLO LTDA.;15;Indústria Química;1;Produção de substâncias e fabricação de produtos químicos;11/11/2021;;Alto;PONTA GROSSA;PARANA;-25,170556;-50,087778;Ativa;21/03/2026 20:27
38410938000152;INOVACOAT INDUSTRIA E COMERCIO DE TINTAS LTDA;15;Indústria Química;1;Produção de substâncias e fabricação de produtos químicos;10/09/2020;;Alto;APUCARANA;PARANA;-23,551853;-51,461186;Ativa;21/03/2026 20:27
39951356000146;TS PHARMA FABRICACAO DE PRODUTOS FARMOQUIMICOS LTDA;15;Indústria Química;1;Produção de substâncias e fabricação de produtos químicos;01/02/2025;;Alto;PINHAIS;PARANA;-25,431111;-49,166681;Ativa;21/03/2026 20:27
41030488000187;TELLURIS BIOTECNOLOGIA DO BRASIL LTDA;15;Indústria Química;1;Produção de substâncias e fabricação de produtos químicos;01/03/2021;;Alto;CURITIBA;PARANA;-25,422417;-49,284083;Ativa;21/03/2026 20:27
43192700000138;ECO POWER PRODUTOS ORGANICOS LTDA;15;Indústria Química;1;Produção de substâncias e fabricação de produtos químicos;01/08/2022;;Alto;NOVA LONDRINA;PARANA;-22,783942;-52,9849;Ativa;21/03/2026 20:27
43829282000651;H.B.FULLER BRASIL LTDA;15;Indústria Química;1;Produção de substâncias e fabricação de produtos químicos;03/01/2022;;Alto;CURITIBA;PARANA;-25,521306;-49,328833;Ativa;21/03/2026 20:27
43843358002213;AIR PRODUCTS BRASIL LTDA.;15;Indústria Química;1;Produção de substâncias e fabricação de produtos químicos;18/08/2004;;Alto;CURITIBA;PARANA;-25,476972;-49,354444;Ativa;21/03/2026 20:27
44476148000172;ALLESNANO LTDA;15;Indústria Química;1;Produção de substâncias e fabricação de produtos químicos;02/05/2022;;Alto;TOLEDO;PARANA;-24,615833;-53,708333;Ativa;21/03/2026 20:27
44885291005500;ADESTE INDÚSTRIA DE PRODUTOS ANIMAIS LTDA.;15;Indústria Química;1;Produção de substâncias e fabricação de produtos químicos;01/11/2019;;Alto;JAGUAPITA;PARANA;-23,106806;-51,5445;Ativa;21/03/2026 20:27
46481156000485;HIDROMAR INDÚSTRIA QUÍMICA LTDA.;15;Indústria Química;1;Produção de substâncias e fabricação de produtos químicos;01/01/2004;;Alto;CURITIBA;PARANA;-25,530556;-49,314167;Ativa;21/03/2026 20:27
47247705000171;NOVOZYMES LATIN AMERICA LTDA;15;Indústria Química;1;Produção de substâncias e fabricação de produtos químicos;01/01/2001;;Alto;ARAUCARIA;PARANA;-25,525806;-49,343306;Ativa;21/03/2026 20:27
47799238000192;ESAC SOLUCOES QUIMICAS LTDA;15;Indústria Química;1;Produção de substâncias e fabricação de produtos químicos;02/01/2023;;Alto;ENGENHEIRO BELTRAO;PARANA;-23,824722;-52,254861;Ativa;21/03/2026 20:27
48671264000101;VIA NORTH INDUSTRIA E COMÉRCIO LTDA- ME;15;Indústria Química;1;Produção de substâncias e fabricação de produtos químicos;02/01/2026;;Alto;ROLANDIA;PARANA;-23,309722;-51,369167;Ativa;21/03/2026 20:27
51602373000173;GEROMA DO BRASIL IND E COM LTDA;15;Indústria Química;1;Produção de substâncias e fabricação de produtos químicos;18/02/2000;;Alto;PONTA GROSSA;PARANA;-25,165764;-50,099997;Ativa;21/03/2026 20:27
51784262000125;PEROXIDOS DO BRASIL LTDA.;15;Indústria Química;1;Produção de substâncias e fabricação de produtos químicos;01/01/2001;;Alto;CURITIBA;PARANA;-25,548944;-49,322667;Ativa;21/03/2026 20:27
51976712000181;C2H2 LTDA;15;Indústria Química;1;Produção de substâncias e fabricação de produtos químicos;06/12/2025;;Alto;COLOMBO;PARANA;-25,388167;-49,157583;Ativa;21/03/2026 20:27
52862261000114;LIGA QUIMICA PR LTDA;15;Indústria Química;1;Produção de substâncias e fabricação de produtos químicos;12/07/2024;;Alto;CORNELIO PROCOPIO;PARANA;-23,225281;-50,675175;Ativa;21/03/2026 20:27
59128553003435;STRATURA ASFALTOS S/A;15;Indústria Química;1;Produção de substâncias e fabricação de produtos químicos;18/05/2017;;Alto;PONTA GROSSA;PARANA;-25,1195;-50,155833;Ativa;21/03/2026 20:27
60498706042747;CARGILL AGRICOLA S A;15;Indústria Química;1;Produção de substâncias e fabricação de produtos químicos;26/06/2018;;Alto;PONTA GROSSA;PARANA;-25,168417;-50,099167;Ativa;21/03/2026 20:27
60619202003597;MESSER GASES LTDA;15;Indústria Química;1;Produção de substâncias e fabricação de produtos químicos;01/01/2001;;Alto;CURITIBA;PARANA;-25,452167;-49,365056;Ativa;21/03/2026 20:27
60619202004135;MESSER GASES LTDA;15;Indústria Química;1;Produção de substâncias e fabricação de produtos químicos;01/01/2005;;Alto;CAMBE;PARANA;-23,291389;-51,265806;Ativa;21/03/2026 20:27
60619202006693;MESSER GASES LTDA;15;Indústria Química;1;Produção de substâncias e fabricação de produtos químicos;09/05/2014;;Alto;CURITIBA;PARANA;-25,546667;-49,315556;Ativa;21/03/2026 20:27
61460150001578;HEXION QUÍMICA DO BRASIL LTDA;15;Indústria Química;1;Produção de substâncias e fabricação de produtos químicos;01/01/2001;;Alto;CURITIBA;PARANA;-25,427778;-49,273056;Ativa;21/03/2026 20:27
72058241000364;ALLTECH DO BRASIL AGROINDUSTRIAL LTDA;15;Indústria Química;1;Produção de substâncias e fabricação de produtos químicos;25/04/2000;;Alto;SAO PEDRO DO IVAI;PARANA;-23,857028;-51,889083;Ativa;21/03/2026 20:27
72259930000175;CLANOX INDUSTRIA E COMERCIO DE PRODUTOS QUIMICOS LTDA;15;Indústria Química;1;Produção de substâncias e fabricação de produtos químicos;01/01/2001;;Alto;ALMIRANTE TAMANDARE;PARANA;-25,296111;-49,291944;Ativa;21/03/2026 20:27
72333016000127;AQUATRAT INDÚSTRIA QUÍMICA LTDA.;15;Indústria Química;1;Produção de substâncias e fabricação de produtos químicos;14/06/1993;;Alto;MANDAGUARI;PARANA;-23,516667;-51,691694;Ativa;21/03/2026 20:27
73244626000117;REALFIX IND COM DE TINTAS E VERNIZES LTDA;15;Indústria Química;1;Produção de substâncias e fabricação de produtos químicos;01/01/2001;;Alto;COLOMBO;PARANA;-25,389417;-49,158556;Ativa;21/03/2026 20:27
73262826000100;ASTRALL IND. QUIMICA LTDA;15;Indústria Química;1;Produção de substâncias e fabricação de produtos químicos;01/10/2004;;Alto;SENGES;PARANA;-24,12;-49,47;Ativa;21/03/2026 20:27
73335929000145;PIQUIRI AMBIENTAL LTDA;15;Indústria Química;1;Produção de substâncias e fabricação de produtos químicos;01/10/2002;;Alto;PINHAIS;PARANA;-25,462167;-49,190806;Ativa;21/03/2026 20:27
73697666000114;NATUPHITUS INDUSTRIA E COMERCIO DE COSMÉTICOS LTDA;15;Indústria Química;1;Produção de substâncias e fabricação de produtos químicos;01/01/2001;;Alto;ALMIRANTE TAMANDARE;PARANA;-25,319667;-49,302519;Ativa;21/03/2026 20:27
73709958000200;AMBIENTALY IND E COM DE PRODUTOS QUIMICOS LTDA;15;Indústria Química;1;Produção de substâncias e fabricação de produtos químicos;13/11/2006;;Alto;IMBAU;PARANA;-24,467778;-50,745083;Ativa;21/03/2026 20:27
73709958000804;AMBIENTALY INDUSTRIA E COMERCIO DE PRODUTOS QUIMICOS LTDA.;15;Indústria Química;1;Produção de substâncias e fabricação de produtos químicos;20/05/2020;;Alto;RIO NEGRO;PARANA;-26,126667;-49,664056;Ativa;21/03/2026 20:27
74481011000509;IBG CRYO INDUSTRIA DE GASES LTDA;15;Indústria Química;1;Produção de substâncias e fabricação de produtos químicos;12/09/2022;;Alto;LONDRINA;PARANA;-23,293333;-51,220278;Ativa;21/03/2026 20:27
74481011000681;IBG CRYO INDUSTRIA DE GASES LTDA;15;Indústria Química;1;Produção de substâncias e fabricação de produtos químicos;08/09/2022;;Alto;CURITIBA;PARANA;-25,538583;-49,331667;Ativa;21/03/2026 20:27
74509902000275;DAMARFE PRODUTOS QUIMICOS LTDA;15;Indústria Química;1;Produção de substâncias e fabricação de produtos químicos;31/08/2022;;Alto;CURITIBA;PARANA;-25,543889;-49,335806;Ativa;21/03/2026 20:27
75026807001093;AUTO POSTO TULIO LTDA;15;Indústria Química;1;Produção de substâncias e fabricação de produtos químicos;10/12/2021;;Alto;CAMPINA GRANDE DO SUL;PARANA;-25,327222;-49,028889;Ativa;21/03/2026 20:27
76176643000152;MATSU CHEMICALS INDÚSTRIA LTDA;15;Indústria Química;1;Produção de substâncias e fabricação de produtos químicos;01/01/2005;;Alto;PONTA GROSSA;PARANA;-25,095528;-50,152556;Ativa;21/03/2026 20:27
76488196000258;LABORATÓRIO PRADO S/A;15;Indústria Química;1;Produção de substâncias e fabricação de produtos químicos;01/01/2001;;Alto;ALMIRANTE TAMANDARE;PARANA;-25,269306;-49,329417;Ativa;21/03/2026 20:27
76518836002430;ARAUCO DO BRASIL S/A;15;Indústria Química;1;Produção de substâncias e fabricação de produtos químicos;06/08/2010;;Alto;ARAUCARIA;PARANA;-25,550278;-49,367167;Ativa;21/03/2026 20:27
76700103000126;SYLVAMO COMERCIAL LTDA;15;Indústria Química;1;Produção de substâncias e fabricação de produtos químicos;01/04/2003;20/06/2003;Alto;ARAPOTI;PARANA;-24,145806;-49,827778;Ativa;21/03/2026 20:27
76726223000364;GUANABARA INDUSTRIAS QUIMICAS LTDA;15;Indústria Química;1;Produção de substâncias e fabricação de produtos químicos;27/07/2011;16/12/2013;Alto;SAO JOSE DOS PINHAIS;PARANA;-25,558056;-49,1775;Ativa;21/03/2026 20:27
77964393000188;INSTITUTO DE TECNOLOGIA DO PARANÁ;15;Indústria Química;1;Produção de substâncias e fabricação de produtos químicos;29/11/2013;;Alto;CURITIBA;PARANA;-25,493139;-49,314417;Ativa;21/03/2026 20:27
78391612000140;IBQ INDÚSTRIAS QUÍMICAS S/A;15;Indústria Química;1;Produção de substâncias e fabricação de produtos químicos;27/08/2008;;Alto;QUATRO BARRAS;PARANA;-25,347556;-49,0475;Ativa;21/03/2026 20:27
78949013000107;DACAR QUIMICA DO BRASIL S/A;15;Indústria Química;1;Produção de substâncias e fabricação de produtos químicos;01/01/2001;;Alto;SAO JOSE DOS PINHAIS;PARANA;-25,522167;-49,159167;Ativa;21/03/2026 20:27
79082368000104;FERREIRA INDÚSTRIA, COMÉCIO, IMPORTAÇÃO E EXPORTAÇÃO DE PRODUTOS QUÍMICOS;15;Indústria Química;1;Produção de substâncias e fabricação de produtos químicos;17/04/2023;;Alto;SAO JOSE DOS PINHAIS;PARANA;-25,52875;-49,240306;Ativa;21/03/2026 20:27
79207957000163;QUIMITOL INDUSTRIA E COMERCIO DE PRODUTOS QUIMICOS LTDA;15;Indústria Química;1;Produção de substâncias e fabricação de produtos químicos;01/01/2001;;Alto;TOLEDO;PARANA;-24,71865;-53,713069;Ativa;21/03/2026 20:27
79578266000176;DECHRA BRASIL PRODUTOS VETERINARIOS LTDA.;15;Indústria Química;1;Produção de substâncias e fabricação de produtos químicos;01/01/2001;12/01/2006;Alto;LONDRINA;PARANA;-23,286389;-51,133306;Ativa;21/03/2026 20:27
80017387000128;BONECHAR-CARVÃO ATIVADO DO BRASIL LTDA.;15;Indústria Química;1;Produção de substâncias e fabricação de produtos químicos;01/01/2001;28/08/2015;Alto;MARINGA;PARANA;-23,454306;-52,001528;Ativa;21/03/2026 20:27
80228893000166;ISOGAMA INDUSTRIA QUIMICA LTDA;15;Indústria Química;1;Produção de substâncias e fabricação de produtos químicos;01/01/2001;;Alto;SAO JOSE DOS PINHAIS;PARANA;-25,633556;-49,161444;Ativa;21/03/2026 20:27
80373145000177;TOTAL QUÍMICA INDUSTRIA E COMERCIO LTDA;15;Indústria Química;1;Produção de substâncias e fabricação de produtos químicos;03/02/2009;;Alto;CURITIBA;PARANA;-25,428333;-49,273333;Ativa;21/03/2026 20:27
80605298000100;NITROBRÁS IND.E COM.DE FERTILIZANTES LTDA.;15;Indústria Química;1;Produção de substâncias e fabricação de produtos químicos;23/07/2014;;Alto;ARAUCARIA;PARANA;-25,557222;-49,3925;Ativa;21/03/2026 20:27
80795727001385;POTENCIAL PETROLEO LTDA;15;Indústria Química;1;Produção de substâncias e fabricação de produtos químicos;01/02/2023;;Alto;ARAUCARIA;PARANA;-25,550556;-49,370278;Ativa;21/03/2026 20:27
80816143000105;CHEMSYSTEM QUÍMICA PREVENTIVA LTDA;15;Indústria Química;1;Produção de substâncias e fabricação de produtos químicos;29/07/1988;;Alto;ARAUCARIA;PARANA;-25,5225;-49,349722;Ativa;21/03/2026 20:27
81451957000156;ALR INDUSTRIA DE TINTAS E SINALIZACAO VIARIA LTDA - EPP;15;Indústria Química;1;Produção de substâncias e fabricação de produtos químicos;01/01/2001;15/12/2004;Alto;PINHAIS;PARANA;-25,411417;-49,19375;Ativa;21/03/2026 20:27
81632093002899;AGRICOPEL COMÉRCIO DE DERIVADOS DE PETRÓLEO LTDA;15;Indústria Química;1;Produção de substâncias e fabricação de produtos químicos;23/01/2026;;Alto;CASCAVEL;PARANA;-24,980806;-53,379167;Ativa;21/03/2026 20:27
81722795000143;FBC - FABRICA BRASILEIRA DE CATALIZADORES LTDA;15;Indústria Química;1;Produção de substâncias e fabricação de produtos químicos;01/01/2004;;Alto;CONTENDA;PARANA;-25,688564;-49,541472;Ativa;21/03/2026 20:27
82233776000116;KINGMAR IND E COM DE TINTAS E VERNIZES LTDA;15;Indústria Química;1;Produção de substâncias e fabricação de produtos químicos;01/01/2003;;Alto;SAO JOSE DOS PINHAIS;PARANA;-25,78;-49,171944;Ativa;21/03/2026 20:27
82341041000106;TECNOZINCO INDUSTRIA E COMERCIO DE PRODUTOS QUIMICOS LTDA ME;15;Indústria Química;1;Produção de substâncias e fabricação de produtos químicos;06/12/1990;;Alto;SAO JOSE DOS PINHAIS;PARANA;-25,591739;-49,176281;Ativa;21/03/2026 20:27
84046101028446;BUNGE ALIMENTOS S/A;15;Indústria Química;1;Produção de substâncias e fabricação de produtos químicos;01/01/2001;;Alto;PONTA GROSSA;PARANA;-25,229778;-50,180028;Ativa;21/03/2026 20:27
85050144000105;SULANA INDÚSTRIA QUÍMICA LTDA;15;Indústria Química;1;Produção de substâncias e fabricação de produtos químicos;01/01/2004;;Alto;MARINGA;PARANA;-23,455586;-52,002164;Ativa;21/03/2026 20:27
86889433000165;PAGANINI E PEREIRA LTDA.;15;Indústria Química;1;Produção de substâncias e fabricação de produtos químicos;01/03/1994;;Alto;SARANDI;PARANA;-23,455881;-51,856369;Ativa;21/03/2026 20:27
89138853000106;AEB BIOQUÍMICA LATINO AMERICANA SA;15;Indústria Química;1;Produção de substâncias e fabricação de produtos químicos;01/01/2001;;Alto;SAO JOSE DOS PINHAIS;PARANA;-25,56225;-48,955056;Ativa;21/03/2026 20:27
89637490013395;KLABIN S/A;15;Indústria Química;1;Produção de substâncias e fabricação de produtos químicos;01/07/2002;21/08/2002;Alto;TELEMACO BORBA;PARANA;-24,3;-50,6;Ativa;21/03/2026 20:27
90195892001945;GPC QUÍMICA S.A;15;Indústria Química;1;Produção de substâncias e fabricação de produtos químicos;01/01/2001;;Alto;ARAUCARIA;PARANA;-25,549167;-49,358056;Ativa;21/03/2026 20:27
90810706000373;FERTIPAR FERTILIZANTES DO PARANÁ LTDA;15;Indústria Química;1;Produção de substâncias e fabricação de produtos químicos;01/04/2004;08/04/2004;Alto;PARANAGUA;PARANA;-25,52;-48,509167;Ativa;21/03/2026 20:27
92690700000254;RENNER HERRMANN S/A;15;Indústria Química;1;Produção de substâncias e fabricação de produtos químicos;19/06/1996;;Alto;CURITIBA;PARANA;-25,532306;-49,319806;Ativa;21/03/2026 20:27
93763555000508;ALPHA QUÍMICA LTDA;15;Indústria Química;1;Produção de substâncias e fabricação de produtos químicos;01/10/2014;12/02/2015;Alto;CURITIBA;PARANA;-25,470556;-49,250278;Ativa;21/03/2026 20:27
97371470000101;QUIMITEC QUIMICA INDUSTRIAL LTDA;15;Indústria Química;1;Produção de substâncias e fabricação de produtos químicos;01/01/2001;;Alto;PINHAIS;PARANA;-25,413889;-49,183611;Ativa;21/03/2026 20:27
60586000260;PICHEM - POLAND INTERNATIONAL QUIMICOS LTDA;15;Indústria Química;1;Produção de substâncias e fabricação de produtos químicos;01/01/2001;;Alto;DUQUE DE CAXIAS;RIO DE JANEIRO;-22,6175;-43,285833;Ativa;21/03/2026 20:28
104603000133;PHITOTERAPHIA BIOFITOGENIA LABORATORIAL LTDA;15;Indústria Química;1;Produção de substâncias e fabricação de produtos químicos;29/06/1994;26/12/2019;Alto;NOVA IGUACU;RIO DE JANEIRO;-22,750833;-43,538611;Ativa;21/03/2026 20:28
122145000246;AFTON CHEMICAL INDUSTRIA DE ADITIVOS LTDA;15;Indústria Química;1;Produção de substâncias e fabricação de produtos químicos;01/01/2001;27/03/2002;Alto;BELFORD ROXO;RIO DE JANEIRO;-22,768939;-43,391211;Ativa;21/03/2026 20:28
152301000130;NICHO TECNOLOGIA LTDA.;15;Indústria Química;1;Produção de substâncias e fabricação de produtos químicos;28/07/1994;;Alto;DUQUE DE CAXIAS;RIO DE JANEIRO;-22,6047;-43,2942;Ativa;21/03/2026 20:28
331788000623;AIR LIQUIDE BRASIL LTDA;15;Indústria Química;1;Produção de substâncias e fabricação de produtos químicos;01/04/2003;;Alto;BELFORD ROXO;RIO DE JANEIRO;-22,75;-43,383306;Ativa;21/03/2026 20:28
999042000188;QUAKER CHEMICAL IND E COM LTDA.;15;Indústria Química;1;Produção de substâncias e fabricação de produtos químicos;11/07/2000;;Alto;RIO DE JANEIRO;RIO DE JANEIRO;-22,8575;-43,571056;Ativa;21/03/2026 20:28
1014476000144;MAHARY IND. COM. E REP. LTDA.;15;Indústria Química;1;Produção de substâncias e fabricação de produtos químicos;02/01/1996;;Alto;RIO DE JANEIRO;RIO DE JANEIRO;-22,863333;-43,246944;Ativa;21/03/2026 20:28
1485949000191;BIANCAL INDÚSTRIA E COMÉRCIO DE CAL LTDA;15;Indústria Química;1;Produção de substâncias e fabricação de produtos químicos;17/10/1996;;Alto;BARRA MANSA;RIO DE JANEIRO;-22,584747;-44,109864;Ativa;21/03/2026 20:28
1730520001518;INGREDION BRASIL INGRED. INDUSTRIAIS LTDA;15;Indústria Química;1;Produção de substâncias e fabricação de produtos químicos;24/10/2007;;Alto;SAO GONCALO;RIO DE JANEIRO;-22,816503;-43,008319;Ativa;21/03/2026 20:28
1808863000152;RZK QUIMICA DO BRASIL LTDA.;15;Indústria Química;1;Produção de substâncias e fabricação de produtos químicos;04/08/1998;;Alto;RIO DE JANEIRO;RIO DE JANEIRO;-22,875158;-43,583333;Ativa;21/03/2026 20:28
2537626000167;COMERCIO DE LUBRIFICANTES E GRAXAS RMS LTDA.;15;Indústria Química;1;Produção de substâncias e fabricação de produtos químicos;01/01/2006;;Alto;MACAE;RIO DE JANEIRO;-22,354722;-41,769444;Ativa;21/03/2026 20:28
2681060000142;SPLINT FRIBURGO INDUSTRIA E COMERCIO LTDA;15;Indústria Química;1;Produção de substâncias e fabricação de produtos químicos;01/01/2020;;Alto;CACHOEIRAS DE MACACU;RIO DE JANEIRO;-22,660561;-42,756381;Ativa;21/03/2026 20:28
2737422000170;PROQUIMIOS COMERCIO E INDUSTRIA LTDA;15;Indústria Química;1;Produção de substâncias e fabricação de produtos químicos;14/09/2008;;Alto;RIO DE JANEIRO;RIO DE JANEIRO;-22,875472;-43,475556;Ativa;21/03/2026 20:28
2769050000163;PDR INDUSTRIAL LTDA;15;Indústria Química;1;Produção de substâncias e fabricação de produtos químicos;02/01/2007;28/03/2018;Alto;BARRA DO PIRAI;RIO DE JANEIRO;-22,477778;-44,045833;Ativa;21/03/2026 20:28
2825366000125;ICQL QUIMICA LTDA;15;Indústria Química;1;Produção de substâncias e fabricação de produtos químicos;01/01/2001;;Alto;DUQUE DE CAXIAS;RIO DE JANEIRO;-22,683889;-43,298333;Ativa;21/03/2026 20:28
2833409000114;INFINEUM BRASIL LTDA;15;Indústria Química;1;Produção de substâncias e fabricação de produtos químicos;01/01/2001;;Alto;RIO DE JANEIRO;RIO DE JANEIRO;-22,823417;-43,168167;Ativa;21/03/2026 20:28
2900393000115;HESTER QUIMICA DO BRASIL LTDA;15;Indústria Química;1;Produção de substâncias e fabricação de produtos químicos;01/10/2014;;Alto;RIO DE JANEIRO;RIO DE JANEIRO;-22,902778;-43,440806;Ativa;21/03/2026 20:28
2976581000399;TETRA TECHNOLOGIES DO BRASIL;15;Indústria Química;1;Produção de substâncias e fabricação de produtos químicos;26/03/2009;;Alto;NITEROI;RIO DE JANEIRO;-22,865833;-43,131389;Ativa;21/03/2026 20:28
3072791000153;SENTEX INDUSTRIAL LTDA;15;Indústria Química;1;Produção de substâncias e fabricação de produtos químicos;19/09/2005;;Alto;RIO DE JANEIRO;RIO DE JANEIRO;-22,879614;-43,745467;Ativa;21/03/2026 20:28
3665372000125;V3TEX COMÉRCIO DE PRODUTOS TÊXTEIS LTDA - EPP;15;Indústria Química;1;Produção de substâncias e fabricação de produtos químicos;24/06/2020;;Alto;MAGE;RIO DE JANEIRO;-22,561917;-43,0525;Ativa;21/03/2026 20:28
3865641000105;BIOSUL QUIMICA INDUSTRIA E COMERCIO LTDA;15;Indústria Química;1;Produção de substâncias e fabricação de produtos químicos;07/06/2000;;Alto;RIO DE JANEIRO;RIO DE JANEIRO;-22,948278;-43,154297;Ativa;21/03/2026 20:28
3883438000153;L2G INDUSTRIAL LTDA;15;Indústria Química;1;Produção de substâncias e fabricação de produtos químicos;02/09/2009;;Alto;COMENDADOR LEVY GASPARIAN;RIO DE JANEIRO;-22,028556;-43,205;Ativa;21/03/2026 20:28
3957117000407;STRATUM RESERVOIR LABORATORIOS (BRASIL) LTDA;15;Indústria Química;1;Produção de substâncias e fabricação de produtos químicos;11/01/2024;;Alto;RIO DE JANEIRO;RIO DE JANEIRO;-22,890417;-43,219056;Ativa;21/03/2026 20:28
4136367003707;FMC QUIMICA DO BRASIL LTDA.;15;Indústria Química;1;Produção de substâncias e fabricação de produtos químicos;13/04/2018;;Alto;BARRA MANSA;RIO DE JANEIRO;-22,509667;-44,238056;Ativa;21/03/2026 20:28
4394125000102;UNIDOX INDUSTRIA E COMERCIO DE GASES LTDA;15;Indústria Química;1;Produção de substâncias e fabricação de produtos químicos;01/03/2011;;Alto;SEROPEDICA;RIO DE JANEIRO;-22,743889;-43,707778;Ativa;21/03/2026 20:28
4412452000131;BÁSICO AROMA 2007 IND. E COM. DE AROMAS LTDA.;15;Indústria Química;1;Produção de substâncias e fabricação de produtos químicos;03/11/2005;;Alto;RIO DE JANEIRO;RIO DE JANEIRO;-22,936;-43,371917;Ativa;21/03/2026 20:28
4587378000194;ALVOTEX INDÚSTRIA E COMÉRCIO LTDA;15;Indústria Química;1;Produção de substâncias e fabricação de produtos químicos;01/08/2012;;Alto;RIO DE JANEIRO;RIO DE JANEIRO;-22,988306;-43,368583;Ativa;21/03/2026 20:28
4772929000190;CAEX IND E COM DE EXTINTORES DE INCÊNDIO LTDA - EPP;15;Indústria Química;1;Produção de substâncias e fabricação de produtos químicos;15/12/2008;25/07/2013;Alto;RIO DE JANEIRO;RIO DE JANEIRO;-20,227086;-40,27665;Ativa;21/03/2026 20:28
5133369000196;ARR-MAZ DO BRASIL LTDA;15;Indústria Química;1;Produção de substâncias e fabricação de produtos químicos;03/10/2006;;Alto;DUQUE DE CAXIAS;RIO DE JANEIRO;-22,8;-43,301111;Ativa;21/03/2026 20:28
5268903000171;BELA E CHIC INDÚSTRIA E COMÉRCIO DE COSMETICOS ESPECIAIS LTDA - EPP;15;Indústria Química;1;Produção de substâncias e fabricação de produtos químicos;01/01/2018;27/11/2018;Alto;MAGE;RIO DE JANEIRO;-22,585525;-43,047719;Ativa;21/03/2026 20:28
5324072000612;DORF KETAL BRASIL LTDA;15;Indústria Química;1;Produção de substâncias e fabricação de produtos químicos;05/04/2017;;Alto;MACAE;RIO DE JANEIRO;-22,298417;-41,723028;Ativa;21/03/2026 20:28
5401653000104;COSMOCIÊNCIA ESPECIALIDADES QUÍMICAS LTDA;15;Indústria Química;1;Produção de substâncias e fabricação de produtos químicos;14/11/2002;;Alto;RIO DE JANEIRO;RIO DE JANEIRO;-22,831389;-43,274167;Ativa;21/03/2026 20:28
5418930000183;SILIPLAST QUIMICA INDUSTRIA E COMERCIO LTDA;15;Indústria Química;1;Produção de substâncias e fabricação de produtos químicos;01/04/2003;;Alto;NOVA IGUACU;RIO DE JANEIRO;-22,755;-43,431389;Ativa;21/03/2026 20:28
5660403000180;QUIMREAL- REAL IND.QUIMICA LTDA;15;Indústria Química;1;Produção de substâncias e fabricação de produtos químicos;29/04/2003;;Alto;PORTO REAL;RIO DE JANEIRO;-22,465492;-44,361419;Ativa;21/03/2026 20:28
5928067000104;ALPHATEC S/A;15;Indústria Química;1;Produção de substâncias e fabricação de produtos químicos;07/06/2005;;Alto;MACAE;RIO DE JANEIRO;-22,312375;-41,721;Ativa;21/03/2026 20:28
6136115000194;MASTER QUIMICA PRODUTOS QUIMICOS DE TRES RIOS LTDA;15;Indústria Química;1;Produção de substâncias e fabricação de produtos químicos;01/01/2004;;Alto;TRES RIOS;RIO DE JANEIRO;-22,1185;-43,155222;Ativa;21/03/2026 20:28
6242463000146;NORSIL QUIMICA E INDUSTRIA LTDA;15;Indústria Química;1;Produção de substâncias e fabricação de produtos químicos;06/05/2004;;Alto;NITEROI;RIO DE JANEIRO;-7,941417;-34,909358;Ativa;21/03/2026 20:28
6242463000227;NORSIL QUIMICA E INDUSTRIA LTDA;15;Indústria Química;1;Produção de substâncias e fabricação de produtos químicos;27/06/2011;;Alto;PARACAMBI;RIO DE JANEIRO;-22,682611;-43,747583;Ativa;21/03/2026 20:28
6242463000499;NORSIL QUIMICA E INDUSTRIA LTDA;15;Indústria Química;1;Produção de substâncias e fabricação de produtos químicos;28/02/2024;;Alto;PINHEIRAL;RIO DE JANEIRO;-22,517778;-43,991917;Ativa;21/03/2026 20:28
7015016002594;CONCRELAGOS CONCRETO LTDA;15;Indústria Química;1;Produção de substâncias e fabricação de produtos químicos;07/02/2013;05/01/2026;Alto;DUQUE DE CAXIAS;RIO DE JANEIRO;-22,764722;-43,284111;Ativa;21/03/2026 20:28
7073881000110;HIPERFLEX INDUSTRIA DE TINTAS E REVESTIMENTOS LTDA;15;Indústria Química;1;Produção de substâncias e fabricação de produtos químicos;29/10/2004;;Alto;CAMPOS DOS GOYTACAZES;RIO DE JANEIRO;-21,711083;-41,282778;Ativa;21/03/2026 20:28
7379735000117;CHAMPION TECHNOLOGIES DO BRASIL SERVIÇOS E PRODUTOS QUÍMICO;15;Indústria Química;1;Produção de substâncias e fabricação de produtos químicos;31/08/2006;;Alto;MACAE;RIO DE JANEIRO;-22,384806;-41,817667;Ativa;21/03/2026 20:28
7379735000621;CHAMPION TECHNOLOGIES DO BRASIL SERVIÇOS E PRODUTOS QUÍMICOS LTDA;15;Indústria Química;1;Produção de substâncias e fabricação de produtos químicos;19/11/2019;;Alto;MACAE;RIO DE JANEIRO;-22,4025;-41,88;Ativa;21/03/2026 20:28
7420525000125;TRACERCO DO BRASIL DIAGNOSTIGOS DE PROCES IND LTDA;15;Indústria Química;1;Produção de substâncias e fabricação de produtos químicos;02/01/2020;;Alto;RIO DE JANEIRO;RIO DE JANEIRO;-22,940056;-43,372083;Ativa;21/03/2026 20:28
7446031000110;ORGANIC QUIMICA LTDA;15;Indústria Química;1;Produção de substâncias e fabricação de produtos químicos;16/06/2005;;Alto;DUQUE DE CAXIAS;RIO DE JANEIRO;-22,698922;-43,298492;Ativa;21/03/2026 20:28
7647461000108;REOXIL REC.IND.E COM.DE PRODUTOS QUIMICOS LTDA-EPP;15;Indústria Química;1;Produção de substâncias e fabricação de produtos químicos;20/03/2012;;Alto;DUQUE DE CAXIAS;RIO DE JANEIRO;-22,722675;-43,318406;Ativa;21/03/2026 20:28
7834090000165;DEDETEC SERVIÇOS DE IMUNIZAÇÃO LTDA;15;Indústria Química;1;Produção de substâncias e fabricação de produtos químicos;14/07/2006;28/04/2023;Alto;RIO DE JANEIRO;RIO DE JANEIRO;-22,913444;-43,272797;Ativa;21/03/2026 20:28
7836548000115;SOLUÇÕES EM GASES INDUSTRIAIS LTDA;15;Indústria Química;1;Produção de substâncias e fabricação de produtos químicos;10/02/2006;;Alto;RIO DE JANEIRO;RIO DE JANEIRO;-22,907778;-43,205778;Ativa;21/03/2026 20:28
8436584000154;CESBRA QUÍMICA LTDA;15;Indústria Química;1;Produção de substâncias e fabricação de produtos químicos;01/07/2007;;Alto;VOLTA REDONDA;RIO DE JANEIRO;-22,496389;-44,045556;Ativa;21/03/2026 20:28
8764471000692;UNA PROSIL - USINA NOVA AMÉRICA IND. COM. LTDA;15;Indústria Química;1;Produção de substâncias e fabricação de produtos químicos;09/02/2009;18/09/2024;Alto;PARACAMBI;RIO DE JANEIRO;-22,599944;-43,714417;Ativa;21/03/2026 20:28
8990721000106;AVANA INDÚSTRIA QUÍMICA LTDA;15;Indústria Química;1;Produção de substâncias e fabricação de produtos químicos;13/03/2015;;Alto;TRES RIOS;RIO DE JANEIRO;-22,129722;-43,229167;Ativa;21/03/2026 20:28
9349221000144;CONSORCIO ATLANTICO;15;Indústria Química;1;Produção de substâncias e fabricação de produtos químicos;01/04/2010;;Alto;RIO DE JANEIRO;RIO DE JANEIRO;-22,929167;-43,686917;Ativa;21/03/2026 20:28
10172399000141;AVVA COMÉRCIO DE PRODUTOS QUÍMICOS LTDA;15;Indústria Química;1;Produção de substâncias e fabricação de produtos químicos;20/02/2012;;Alto;RIO DE JANEIRO;RIO DE JANEIRO;-22,86075;-43,564556;Ativa;21/03/2026 20:28
10296383000140;VEDATUDO INDUSTRIA E COMERCIO DE ADESIVOS E SELANTES EIRELI;15;Indústria Química;1;Produção de substâncias e fabricação de produtos químicos;23/08/2010;;Alto;TRES RIOS;RIO DE JANEIRO;-22,107908;-43,229742;Ativa;21/03/2026 20:28
10353236000165;O GLADIADOR INDUSTRIA E COMERCIO DE TINTAS E SOLVENTES EIRELI - ME;15;Indústria Química;1;Produção de substâncias e fabricação de produtos químicos;26/08/2008;;Alto;RIO DE JANEIRO;RIO DE JANEIRO;-22,905667;-43,583667;Ativa;21/03/2026 20:28
11250670000182;MARINE INDÚSTRIA E COMÉRCIO DE TINTAS LTDA;15;Indústria Química;1;Produção de substâncias e fabricação de produtos químicos;22/10/2009;;Alto;DUQUE DE CAXIAS;RIO DE JANEIRO;-22,691194;-43,287872;Ativa;21/03/2026 20:28
11643096000122;VIATRIS FARMACEUTICA DO BRASIL LTDA;15;Indústria Química;1;Produção de substâncias e fabricação de produtos químicos;25/02/2010;;Alto;CAMPOS DOS GOYTACAZES;RIO DE JANEIRO;-21,806917;-41,296278;Ativa;21/03/2026 20:28
13190609000627;CORBION PRODUTOS RENOVÁVEIS LTDA;15;Indústria Química;1;Produção de substâncias e fabricação de produtos químicos;01/01/2020;;Alto;CAMPOS DOS GOYTACAZES;RIO DE JANEIRO;-21,753611;-41,3075;Ativa;21/03/2026 20:28
15242529000199;AIRCLEAN INDUSTRIA E COM.DE PROD.QUIM.LTDA - EPP;15;Indústria Química;1;Produção de substâncias e fabricação de produtos químicos;02/07/2014;;Alto;DUQUE DE CAXIAS;RIO DE JANEIRO;-22,687056;-43,297417;Ativa;21/03/2026 20:28
17112016000270;OFFSHORE TANKS COMERCIO E SERVICOS EM UNIDADES DE CARGA LTDA;15;Indústria Química;1;Produção de substâncias e fabricação de produtos químicos;06/07/2020;05/03/2024;Alto;MACAE;RIO DE JANEIRO;-22,4025;-41,879722;Ativa;21/03/2026 20:28
17701516000409;SPICE INDUSTRIA QUIMICA LTDA;15;Indústria Química;1;Produção de substâncias e fabricação de produtos químicos;01/10/2013;;Alto;RESENDE;RIO DE JANEIRO;-22,471761;-44,470381;Ativa;21/03/2026 20:28
17750886000193;LIARTE METALQUIMICA LTDA;15;Indústria Química;1;Produção de substâncias e fabricação de produtos químicos;01/01/2001;;Alto;RIO DE JANEIRO;RIO DE JANEIRO;-22,883103;-43,738536;Ativa;21/03/2026 20:28
17911919000130;REP BRASIL INDUSTRIA E COMÉRCIO DE PRODUTOS QUÍMICOS LTDA;15;Indústria Química;1;Produção de substâncias e fabricação de produtos químicos;01/07/2015;;Alto;TRES RIOS;RIO DE JANEIRO;-22,099214;-43,174914;Ativa;21/03/2026 20:28
18459628003300;BAYER S.A.;15;Indústria Química;1;Produção de substâncias e fabricação de produtos químicos;26/12/2006;;Alto;BELFORD ROXO;RIO DE JANEIRO;-22,764778;-43,392028;Ativa;21/03/2026 20:28
20357223000118;FULLPACK MANUFATURA DE EMBALAGENS LTDA;15;Indústria Química;1;Produção de substâncias e fabricação de produtos químicos;30/05/2014;;Alto;BELFORD ROXO;RIO DE JANEIRO;-22,773611;-43,398611;Ativa;21/03/2026 20:28
21347600000109;EXPRESSO POLAR COMERCIO DE GELO SECO LTDA-ME;15;Indústria Química;1;Produção de substâncias e fabricação de produtos químicos;05/11/2014;;Alto;RIO DE JANEIRO;RIO DE JANEIRO;-22,894283;-43,569417;Ativa;21/03/2026 20:28
22369569000161;GREAT SOLUTIONS S.A.;15;Indústria Química;1;Produção de substâncias e fabricação de produtos químicos;17/10/2016;;Alto;RIO DE JANEIRO;RIO DE JANEIRO;-22,989694;-43,358056;Ativa;21/03/2026 20:28
22579541000159;ATCLLOR QUÍMICA DO BRASIL LTDA;15;Indústria Química;1;Produção de substâncias e fabricação de produtos químicos;03/06/2015;;Alto;PARAIBA DO SUL;RIO DE JANEIRO;-22,218731;-43,316372;Ativa;21/03/2026 20:28
23647365000612;BAUMINAS QUÍMICA N/NE LTDA;15;Indústria Química;1;Produção de substâncias e fabricação de produtos químicos;01/01/2001;;Alto;RIO DE JANEIRO;RIO DE JANEIRO;-22,856056;-43,574167;Ativa;21/03/2026 20:28
24436087000102;CRYSTAL COMERCIO E SERVIÇOS EMPRESARIAIS LTDA;15;Indústria Química;1;Produção de substâncias e fabricação de produtos químicos;01/06/2021;;Alto;RIO BONITO;RIO DE JANEIRO;-22,707778;-42,625806;Ativa;21/03/2026 20:28
26399701000210;D ENERGY BRASIL HOLDINGS LTDA;15;Indústria Química;1;Produção de substâncias e fabricação de produtos químicos;12/01/2021;;Alto;NITEROI;RIO DE JANEIRO;-22,881389;-43,021667;Ativa;21/03/2026 20:28
27191121000114;MICROBIOLOGICA QUIMICA E FARMACEUTICA LTDA;15;Indústria Química;1;Produção de substâncias e fabricação de produtos químicos;01/01/2001;;Alto;RIO DE JANEIRO;RIO DE JANEIRO;-22,871389;-43,284417;Ativa;21/03/2026 20:28
27191121000386;MICROBIOLÓGICA QUÍMICA E FARMACÊUTICA LTDA.;15;Indústria Química;1;Produção de substâncias e fabricação de produtos químicos;30/04/1999;;Alto;RIO DE JANEIRO;RIO DE JANEIRO;-22,955;-43,375556;Ativa;21/03/2026 20:28
27215313000113;SELECT INDUSTRIA E COMERCIO DE PRODUTOS QUIMICOS EIRELI;15;Indústria Química;1;Produção de substâncias e fabricação de produtos químicos;27/06/2019;;Alto;DUQUE DE CAXIAS;RIO DE JANEIRO;-22,787167;-43,303633;Ativa;21/03/2026 20:28
27528991000136;AQUALAB QUÍMICA INDUSTRIAL LTDA.;15;Indústria Química;1;Produção de substâncias e fabricação de produtos químicos;01/01/2001;;Alto;RIO DE JANEIRO;RIO DE JANEIRO;-22,869417;-43,2675;Ativa;21/03/2026 20:28
28234708000398;SUEZ TECNOLOGIAS E SOLUÇÕES PARA TRATAMENTO DE ÁGUAS LTDA;15;Indústria Química;1;Produção de substâncias e fabricação de produtos químicos;06/04/2018;;Alto;MACAE;RIO DE JANEIRO;-22,371667;-41,785806;Ativa;21/03/2026 20:28
28305837000168;ALFA RIO QUIMICA LTDA;15;Indústria Química;1;Produção de substâncias e fabricação de produtos químicos;01/01/2001;;Alto;DUQUE DE CAXIAS;RIO DE JANEIRO;-22,658667;-43,249306;Ativa;21/03/2026 20:28
28372613000179;QUIMINVEST IND. E COM. LTDA;15;Indústria Química;1;Produção de substâncias e fabricação de produtos químicos;01/01/2001;;Alto;PORTO REAL;RIO DE JANEIRO;-22,454778;-44,360861;Ativa;21/03/2026 20:28
28656611000101;MASTER QUIMICA INDUSTRIA E COMERCIO LTDA;15;Indústria Química;1;Produção de substâncias e fabricação de produtos químicos;06/07/2023;;Alto;DUQUE DE CAXIAS;RIO DE JANEIRO;-22,668286;-43,270886;Ativa;21/03/2026 20:28
28753796000172;ISOFAR INDUSTRIA E COMERCIO DE PRODUTOS QUIMICOS LTDA;15;Indústria Química;1;Produção de substâncias e fabricação de produtos químicos;01/01/2001;;Alto;RIO DE JANEIRO;RIO DE JANEIRO;-22,847069;-43,483886;Ativa;21/03/2026 20:28
28789998000255;KATRIUM INDÚSTRIAS QUÍMICAS S.A.;15;Indústria Química;1;Produção de substâncias e fabricação de produtos químicos;01/01/2000;;Alto;RIO DE JANEIRO;RIO DE JANEIRO;-22,844278;-43,3595;Ativa;21/03/2026 20:28
28789998000336;KATRIUM INDÚSTRIAS QUÍMICAS SA;15;Indústria Química;1;Produção de substâncias e fabricação de produtos químicos;09/04/2014;;Alto;RIO DE JANEIRO;RIO DE JANEIRO;-22,89;-43,74;Ativa;21/03/2026 20:28
28828956000103;PRIME COMERCIO DE LUBRIFICANTES E INDUSTRIA QUIMICA LTDA;15;Indústria Química;1;Produção de substâncias e fabricação de produtos químicos;09/10/2017;;Alto;RIO DE JANEIRO;RIO DE JANEIRO;-22,872981;-43,275389;Ativa;21/03/2026 20:28
28917169000120;ABC-COMÉRCIO E REPRESENTAÇÕES LTDA;15;Indústria Química;1;Produção de substâncias e fabricação de produtos químicos;26/03/2019;;Alto;ITAPERUNA;RIO DE JANEIRO;-21,205;-41,887778;Ativa;21/03/2026 20:28
28944734000148;FABRICA CARIOCA DE CATALISADORES S.A.;15;Indústria Química;1;Produção de substâncias e fabricação de produtos químicos;01/01/2001;;Alto;RIO DE JANEIRO;RIO DE JANEIRO;-22,888889;-43,73;Ativa;21/03/2026 20:28
29041324000150;QUIMVALE QUIMICA INDUSTRIAL VALE DO PARAIBA LTDA;15;Indústria Química;1;Produção de substâncias e fabricação de produtos químicos;01/01/2005;;Alto;BARRA DO PIRAI;RIO DE JANEIRO;-22,496583;-43,812778;Ativa;21/03/2026 20:28
29126752000185;QUIMITEC PRODUTOS QUIMICOS LTDA;15;Indústria Química;1;Produção de substâncias e fabricação de produtos químicos;25/10/1974;;Alto;DUQUE DE CAXIAS;RIO DE JANEIRO;-22,675014;-43,281075;Ativa;21/03/2026 20:28
29595766000148;PARAPEUNA COMERCIO E INDUSTRIALTDA;15;Indústria Química;1;Produção de substâncias e fabricação de produtos químicos;01/10/2003;04/06/2007;Alto;VALENCA;RIO DE JANEIRO;-22,123889;-43,900556;Ativa;21/03/2026 20:28
29950060000157;NORTEC QUIMICA S.A.;15;Indústria Química;1;Produção de substâncias e fabricação de produtos químicos;01/01/2001;;Alto;DUQUE DE CAXIAS;RIO DE JANEIRO;-22,614306;-43,300278;Ativa;21/03/2026 20:28
30742555000170;CIA DE CANETAS COMPACTOR;15;Indústria Química;1;Produção de substâncias e fabricação de produtos químicos;01/01/2005;16/02/2005;Alto;NOVA IGUACU;RIO DE JANEIRO;-22,74;-43,468611;Ativa;21/03/2026 20:28
30780625000184;INDUSTRIAL WATER TREATMENT COMERCIO E INDUSTRIA LTDA;15;Indústria Química;1;Produção de substâncias e fabricação de produtos químicos;25/06/2018;;Alto;MENDES;RIO DE JANEIRO;-22,529444;-43,731667;Ativa;21/03/2026 20:28
30848279000129;SISTICOL INDUSTRIAS QUIMICAS LTDA;15;Indústria Química;1;Produção de substâncias e fabricação de produtos químicos;01/01/2000;;Alto;RIO DE JANEIRO;RIO DE JANEIRO;-22,871389;-43,282194;Ativa;21/03/2026 20:28
30927990000500;SUMATEX PRODUTOS QUÍMICOS LTDA;15;Indústria Química;1;Produção de substâncias e fabricação de produtos químicos;01/12/2014;;Alto;RIO DE JANEIRO;RIO DE JANEIRO;-22,82765;-43,362628;Ativa;21/03/2026 20:28
31458997000151;ADIBLOCK FABR. E COM. DE PROD. QUIMICOS - LTDA;15;Indústria Química;1;Produção de substâncias e fabricação de produtos químicos;10/09/2018;;Alto;SAO GONCALO;RIO DE JANEIRO;-22,808056;-42,959444;Ativa;21/03/2026 20:28
31865488000143;PERSHY CHEMICAL'S IND E COMÉRCIO DE PRODUTOS QUÍMICOS LTDA;15;Indústria Química;1;Produção de substâncias e fabricação de produtos químicos;23/12/1987;;Alto;SAO GONCALO;RIO DE JANEIRO;-22,827222;-43,094722;Ativa;21/03/2026 20:28
32230203000160;COMENTEX COMPENSADOS E MADEIRAS LTDA ME;15;Indústria Química;1;Produção de substâncias e fabricação de produtos químicos;01/01/2000;;Alto;SAO JOAO DE MERITI;RIO DE JANEIRO;-22,776917;-43,353056;Ativa;21/03/2026 20:28
32319931004300;SCHLUMBERGER SERVIÇOS DE PETRÓLEO LTDA;15;Indústria Química;1;Produção de substâncias e fabricação de produtos químicos;07/01/2019;22/04/2021;Alto;NITEROI;RIO DE JANEIRO;-22,883333;-43,118306;Ativa;21/03/2026 20:28
32319931004483;SCHLUMBERGER SERVIÇOS DE PETRÓLEO LTDA;15;Indústria Química;1;Produção de substâncias e fabricação de produtos químicos;05/08/2019;;Alto;SAO JOAO DA BARRA;RIO DE JANEIRO;-21,866389;-41,018306;Ativa;21/03/2026 20:28
32891454000196;FENIX COMPANY PRODUTOS DE LIMPEZA EIRELI;15;Indústria Química;1;Produção de substâncias e fabricação de produtos químicos;26/02/2019;;Alto;RIO DE JANEIRO;RIO DE JANEIRO;-22,899394;-43,595972;Ativa;21/03/2026 20:28
33000167081942;CENPES/ PETROBRAS;15;Indústria Química;1;Produção de substâncias e fabricação de produtos químicos;24/06/1999;;Alto;RIO DE JANEIRO;RIO DE JANEIRO;-22,854056;-43,233556;Ativa;21/03/2026 20:28
33000167100750;PETROLEO BRASILEIRO S A PETROBRAS;15;Indústria Química;1;Produção de substâncias e fabricação de produtos químicos;01/01/1994;28/06/2019;Alto;MACAE;RIO DE JANEIRO;-22,388528;-41,771167;Ativa;21/03/2026 20:28
33040635000171;BIOMERIEUX BRASIL INDÚSTRIA E COMÉRCIO DE PRODUTOS LABORATORIAIS LTDA;15;Indústria Química;1;Produção de substâncias e fabricação de produtos químicos;01/01/2001;01/04/2016;Alto;RIO DE JANEIRO;RIO DE JANEIRO;-22,916667;-43,4;Ativa;21/03/2026 20:28
33051491000159;LABORATÓRIOS PIERRE FABRE DO BRASIL LTDA;15;Indústria Química;1;Produção de substâncias e fabricação de produtos químicos;10/02/2004;30/07/2014;Alto;AREAL;RIO DE JANEIRO;-22,224167;-43,126306;Ativa;21/03/2026 20:28
33069212000184;MERCK S/A;15;Indústria Química;1;Produção de substâncias e fabricação de produtos químicos;20/07/1989;11/10/2013;Alto;RIO DE JANEIRO;RIO DE JANEIRO;-22,933889;-43,371917;Ativa;21/03/2026 20:28
33121682000301;RIO METALÚRGICA S.A.;15;Indústria Química;1;Produção de substâncias e fabricação de produtos químicos;27/10/1962;;Alto;DUQUE DE CAXIAS;RIO DE JANEIRO;-22,69;-43,287167;Ativa;21/03/2026 20:28
33152885000101;AEROJET QUÍMICA INDUSTRIAL LTDA;15;Indústria Química;1;Produção de substâncias e fabricação de produtos químicos;01/01/2001;;Alto;DUQUE DE CAXIAS;RIO DE JANEIRO;-22,669569;-43,296831;Ativa;21/03/2026 20:28
33197260000158;IND E COM DE SOLVENTES, TINTAS E VERNIZES TEMPO LT;15;Indústria Química;1;Produção de substâncias e fabricação de produtos químicos;24/03/2008;;Alto;RIO DE JANEIRO;RIO DE JANEIRO;-22,902744;-43,214722;Ativa;21/03/2026 20:28
33255787000191;IBF- INDUSTRIA BRASILEIRA DE FILMES S/A;15;Indústria Química;1;Produção de substâncias e fabricação de produtos químicos;01/01/2001;;Alto;DUQUE DE CAXIAS;RIO DE JANEIRO;-22,6;-43,283306;Ativa;21/03/2026 20:28
33258401000448;INSTITUTO BIOCHIMICO INDÚSTRIA FARMACÊUTICA LIMITADA;15;Indústria Química;1;Produção de substâncias e fabricação de produtos químicos;01/01/2001;28/06/2017;Alto;ITATIAIA;RIO DE JANEIRO;-22,465917;-44,496056;Ativa;21/03/2026 20:28
33265968000107;SOMEX PRODUTOS QUÍMICOS LTDA;15;Indústria Química;1;Produção de substâncias e fabricação de produtos químicos;01/01/2001;;Alto;RIO DE JANEIRO;RIO DE JANEIRO;-22,958394;-43,198242;Ativa;21/03/2026 20:28
33379884000196;LABORATÓRIO SIMÕES LTDA;15;Indústria Química;1;Produção de substâncias e fabricação de produtos químicos;01/01/2001;19/08/2002;Alto;RIO DE JANEIRO;RIO DE JANEIRO;-22,912356;-43,213089;Ativa;21/03/2026 20:28
33404708000167;HERGA INDUSTRIAS QUÍMICAS LTDA;15;Indústria Química;1;Produção de substâncias e fabricação de produtos químicos;01/01/2001;;Alto;RIO DE JANEIRO;RIO DE JANEIRO;-22,863056;-43,563611;Ativa;21/03/2026 20:28
33425331000122;VIGODENT S/A INDUSTRIA E COMERCIO;15;Indústria Química;1;Produção de substâncias e fabricação de produtos químicos;01/01/2001;;Alto;RIO DE JANEIRO;RIO DE JANEIRO;-22,871667;-43,253583;Ativa;21/03/2026 20:28
33519386000100;QUANTUN QUIMICA EIRELI;15;Indústria Química;1;Produção de substâncias e fabricação de produtos químicos;03/05/2019;;Alto;DUQUE DE CAXIAS;RIO DE JANEIRO;-22,704722;-43,301111;Ativa;21/03/2026 20:28
33568601000154;TÉCNO QUÍMICA S/A;15;Indústria Química;1;Produção de substâncias e fabricação de produtos químicos;01/01/2001;;Alto;RIO DE JANEIRO;RIO DE JANEIRO;-22,903611;-43,209722;Ativa;21/03/2026 20:28
33591108000155;LABORATÓRIO MUSA LTDA;15;Indústria Química;1;Produção de substâncias e fabricação de produtos químicos;01/01/2001;07/07/2003;Alto;RIO DE JANEIRO;RIO DE JANEIRO;-22,902778;-43,2075;Ativa;21/03/2026 20:28
33632464000170;AGENA RESINAS E COLAS LTDA;15;Indústria Química;1;Produção de substâncias e fabricação de produtos químicos;01/01/2001;28/03/2002;Alto;NOVA IGUACU;RIO DE JANEIRO;-22,690556;-43,470278;Ativa;21/03/2026 20:28
35820448000136;WHITE MARTINS GASES INDUSTRIAIS LTDA;15;Indústria Química;1;Produção de substâncias e fabricação de produtos químicos;30/08/1989;19/04/2018;Alto;RIO DE JANEIRO;RIO DE JANEIRO;-22,878056;-43,271917;Ativa;21/03/2026 20:28
35820448000217;WHITE MARTINS GASES INDUSTRIAIS LTDA;15;Indústria Química;1;Produção de substâncias e fabricação de produtos químicos;01/10/2004;;Alto;VOLTA REDONDA;RIO DE JANEIRO;-22,523806;-44,094167;Ativa;21/03/2026 20:28
35820448000640;WHITE MARTINS GASES INDUSTRIAIS S/A;15;Indústria Química;1;Produção de substâncias e fabricação de produtos químicos;01/01/2004;28/05/2014;Alto;RIO DE JANEIRO;RIO DE JANEIRO;-22,818306;-43,288167;Ativa;21/03/2026 20:28
35820448000721;WHITE MARTINS GASES INDUSTRIAI LTDA;15;Indústria Química;1;Produção de substâncias e fabricação de produtos químicos;01/01/2001;;Alto;DUQUE DE CAXIAS;RIO DE JANEIRO;-22,710806;-43,251667;Ativa;21/03/2026 20:28
35820448001299;WHITE MARTINS GASES INDUSTRIAIS S.A.;15;Indústria Química;1;Produção de substâncias e fabricação de produtos químicos;01/01/2001;;Alto;MACAE;RIO DE JANEIRO;-22,387417;-41,819389;Ativa;21/03/2026 20:28
35820448014005;WHITE MARTINS GASES INDUSTRIAIS LTDA;15;Indústria Química;1;Produção de substâncias e fabricação de produtos químicos;01/04/2005;;Alto;VOLTA REDONDA;RIO DE JANEIRO;-22,507778;-44,091167;Ativa;21/03/2026 20:28
35820448016725;WHITE MARTINS GASES INDUSTRIAS LTDA.;15;Indústria Química;1;Produção de substâncias e fabricação de produtos químicos;01/01/2004;;Alto;DUQUE DE CAXIAS;RIO DE JANEIRO;-22,71;-43,26;Ativa;21/03/2026 20:28
36451284000180;POLINK INDÚSTRIA QUÍMICA COMÉRCIO LTDA;15;Indústria Química;1;Produção de substâncias e fabricação de produtos químicos;01/01/2001;;Alto;DUQUE DE CAXIAS;RIO DE JANEIRO;-22,603597;-43,293897;Ativa;21/03/2026 20:28
36531879000145;GALENA INDUSTRIA E COMERCIO LTDA;15;Indústria Química;1;Produção de substâncias e fabricação de produtos químicos;19/02/1992;;Alto;DUQUE DE CAXIAS;RIO DE JANEIRO;-22,666306;-43,308639;Ativa;21/03/2026 20:28
37918723000184;SULFATO BARRA MANSA COMERCIO E INDUSTRIA LTD;15;Indústria Química;1;Produção de substâncias e fabricação de produtos químicos;01/07/2024;;Alto;BARRA MANSA;RIO DE JANEIRO;-22,540556;-44,179167;Ativa;21/03/2026 20:28
39064084000162;QUIMIFACTOR INDUSTRIA E SERVIÇOS LTDA;15;Indústria Química;1;Produção de substâncias e fabricação de produtos químicos;01/01/2002;;Alto;DUQUE DE CAXIAS;RIO DE JANEIRO;-22,704472;-43,291389;Ativa;21/03/2026 20:28
39896089000151;MABTEK INDUSTRIA E COMERCIO LTDA;15;Indústria Química;1;Produção de substâncias e fabricação de produtos químicos;13/07/1993;;Alto;RIO DE JANEIRO;RIO DE JANEIRO;-22,998853;-43,154297;Ativa;21/03/2026 20:28
40020736000146;INDUSTRIAS QUÍMICAS VASSOURAS LTDA;15;Indústria Química;1;Produção de substâncias e fabricação de produtos químicos;01/02/2021;;Alto;VASSOURAS;RIO DE JANEIRO;-22,408389;-43,65025;Ativa;21/03/2026 20:28
40192759000138;PRODIQ INDÚSTRIA E COMÉRCIO DE ADITIVOS LTDA.;15;Indústria Química;1;Produção de substâncias e fabricação de produtos químicos;01/01/0006;;Alto;RIO DE JANEIRO;RIO DE JANEIRO;-22,826917;-43,279667;Ativa;21/03/2026 20:28
40218612000170;ACUAPURA INDÚSTRIA E COMERCIO LTDA;15;Indústria Química;1;Produção de substâncias e fabricação de produtos químicos;18/07/2014;;Alto;RIO DE JANEIRO;RIO DE JANEIRO;-22,902778;-43,2075;Ativa;21/03/2026 20:28
40367856000114;CCD COSMETICA CIETIF DERM COM E IND LTDA;15;Indústria Química;1;Produção de substâncias e fabricação de produtos químicos;01/01/2001;;Alto;RIO DE JANEIRO;RIO DE JANEIRO;-22,868306;-43,251667;Ativa;21/03/2026 20:28
40370470000161;MAXKLOR DO BRASIL LTDA;15;Indústria Química;1;Produção de substâncias e fabricação de produtos químicos;01/01/2004;;Alto;SEROPEDICA;RIO DE JANEIRO;-22,771389;-43,661667;Ativa;21/03/2026 20:28
40452468000131;ACIQUÍMICA INDUSTRIAL LTDA;15;Indústria Química;1;Produção de substâncias e fabricação de produtos químicos;01/01/2001;28/03/2003;Alto;RIO DE JANEIRO;RIO DE JANEIRO;-22,880056;-43,747;Ativa;21/03/2026 20:28
42087254002182;BAKER HUGHES DO BRASIL LTDA;15;Indústria Química;1;Produção de substâncias e fabricação de produtos químicos;13/06/2018;;Alto;NITEROI;RIO DE JANEIRO;-22,881667;-43,115833;Ativa;21/03/2026 20:28
42150391004753;BRASKEM SA;15;Indústria Química;1;Produção de substâncias e fabricação de produtos químicos;30/10/2014;;Alto;DUQUE DE CAXIAS;RIO DE JANEIRO;-22,714417;-43,243306;Ativa;21/03/2026 20:28
42486076000119;LABORATÓRIO BRAVET LTDA.;15;Indústria Química;1;Produção de substâncias e fabricação de produtos químicos;01/01/2005;;Alto;RIO DE JANEIRO;RIO DE JANEIRO;-22,905556;-43,268056;Ativa;21/03/2026 20:28
42558791000110;ASSESSA INDUSTRIA COMÉRIO E EXPORTAÇÃO LTDA.;15;Indústria Química;1;Produção de substâncias e fabricação de produtos químicos;22/06/1976;;Alto;RIO DE JANEIRO;RIO DE JANEIRO;-22,987722;-43,438639;Ativa;21/03/2026 20:28
42593962000141;LUBRIZOL DO BRASIL ADITIVOS LTDA;15;Indústria Química;1;Produção de substâncias e fabricação de produtos químicos;01/01/2001;;Alto;BELFORD ROXO;RIO DE JANEIRO;-22,761389;-43,382667;Ativa;21/03/2026 20:28
43338797000659;DIATOM MINERAÇÃO LTDA;15;Indústria Química;1;Produção de substâncias e fabricação de produtos químicos;07/02/2002;;Alto;RIO DE JANEIRO;RIO DE JANEIRO;-22,905;-43,717778;Ativa;21/03/2026 20:28
43818418000466;NOURYON PULP AND PERFORMANCE INDÚSTRIA QUÍMICA LTDA;15;Indústria Química;1;Produção de substâncias e fabricação de produtos químicos;01/04/2005;;Alto;RIO DE JANEIRO;RIO DE JANEIRO;-22,89;-43,732778;Ativa;21/03/2026 20:28
43843358000512;AIR PRODUCTS BRASIL LTDA.;15;Indústria Química;1;Produção de substâncias e fabricação de produtos químicos;01/01/2001;;Alto;DUQUE DE CAXIAS;RIO DE JANEIRO;-22,656306;-43,283306;Ativa;21/03/2026 20:28
44614518000190;PHENIX ADITIVOS LTDA;15;Indústria Química;1;Produção de substâncias e fabricação de produtos químicos;16/12/2021;;Alto;DUQUE DE CAXIAS;RIO DE JANEIRO;-22,608139;-43,299028;Ativa;21/03/2026 20:28
46375309000248;TECHNIQUES SURFACES DO BRASIL LTDA;15;Indústria Química;1;Produção de substâncias e fabricação de produtos químicos;12/09/2005;13/09/2005;Alto;CASIMIRO DE ABREU;RIO DE JANEIRO;-22,474389;-42,194528;Ativa;21/03/2026 20:28
48802867000197;JETH ENGENHARIA COMERCIO E SERVIÇO LTDA;15;Indústria Química;1;Produção de substâncias e fabricação de produtos químicos;05/12/2022;;Alto;DUQUE DE CAXIAS;RIO DE JANEIRO;-22,660839;-43,3117;Ativa;21/03/2026 20:28
48958711000108;ECORIO32 COMERCIAL LTDA;15;Indústria Química;1;Produção de substâncias e fabricação de produtos químicos;12/09/2023;;Alto;DUQUE DE CAXIAS;RIO DE JANEIRO;-22,756917;-43,276389;Ativa;21/03/2026 20:28
49332665000191;ADITIBRAS INDUSTRIA E COMERCIO DE ADITIVOS LTDA;15;Indústria Química;1;Produção de substâncias e fabricação de produtos químicos;31/10/2023;;Alto;DUQUE DE CAXIAS;RIO DE JANEIRO;-22,765;-43,284167;Ativa;21/03/2026 20:28
50142223000161;PAN-AMERICANA INDUSTRIAS QUIMICAS LTDA.;15;Indústria Química;1;Produção de substâncias e fabricação de produtos químicos;03/07/2006;28/07/2017;Alto;RIO DE JANEIRO;RIO DE JANEIRO;-22,844417;-43,359667;Ativa;21/03/2026 20:28
51080403000129;ACMA SOLUCOES QUIMICAS LTDA;15;Indústria Química;1;Produção de substâncias e fabricação de produtos químicos;26/12/2023;;Alto;DUQUE DE CAXIAS;RIO DE JANEIRO;-22,687406;-43,295964;Ativa;21/03/2026 20:28
51767676000227;POTABILIS S.A;15;Indústria Química;1;Produção de substâncias e fabricação de produtos químicos;23/12/2024;;Alto;RIO DE JANEIRO;RIO DE JANEIRO;-22,860983;-43,572428;Ativa;21/03/2026 20:28
53912212000101;SOLUTION PRODUTOS QUÍMICOS LTDA;15;Indústria Química;1;Produção de substâncias e fabricação de produtos químicos;14/11/2024;;Alto;ITABORAI;RIO DE JANEIRO;-22,802486;-42,815183;Ativa;21/03/2026 20:28
56998701001279;ABBOTT LABORATÓRIOS DO BRASIL LTDA.;15;Indústria Química;1;Produção de substâncias e fabricação de produtos químicos;01/01/2002;;Alto;RIO DE JANEIRO;RIO DE JANEIRO;-22,945278;-43,373306;Ativa;21/03/2026 20:28
59476770003769;PROCTER & GAMBLE DO BRASIL LTDA;15;Indústria Química;1;Produção de substâncias e fabricação de produtos químicos;30/11/2014;;Alto;SEROPEDICA;RIO DE JANEIRO;-22,743889;-43,7075;Ativa;21/03/2026 20:28
60561719005940;AKZO NOBEL LTDA;15;Indústria Química;1;Produção de substâncias e fabricação de produtos químicos;20/07/1989;27/02/2020;Alto;SAO GONCALO;RIO DE JANEIRO;-22,844417;-43,096917;Ativa;21/03/2026 20:28
60619202000733;MESSER GASES LTDA;15;Indústria Química;1;Produção de substâncias e fabricação de produtos químicos;14/07/2004;;Alto;DUQUE DE CAXIAS;RIO DE JANEIRO;-22,694167;-43,262306;Ativa;21/03/2026 20:28
60619202002353;MESSER GASES LTDA;15;Indústria Química;1;Produção de substâncias e fabricação de produtos químicos;02/01/2012;;Alto;BARRA MANSA;RIO DE JANEIRO;-22,528028;-44,194889;Ativa;21/03/2026 20:28
60619202002949;MESSER GASES LTDA;15;Indústria Química;1;Produção de substâncias e fabricação de produtos químicos;01/11/2010;;Alto;RESENDE;RIO DE JANEIRO;-22,486389;-44,478306;Ativa;21/03/2026 20:28
60619202003406;MESSER GASES LTDA;15;Indústria Química;1;Produção de substâncias e fabricação de produtos químicos;01/01/1980;;Alto;RIO DE JANEIRO;RIO DE JANEIRO;-22,833028;-43,355917;Ativa;21/03/2026 20:28
60619202005450;MESSER GASES LTDA;15;Indústria Química;1;Produção de substâncias e fabricação de produtos químicos;01/01/2001;;Alto;MACAE;RIO DE JANEIRO;-22,380806;-41,771806;Ativa;21/03/2026 20:28
60619202006502;MESSER GASES LTDA;15;Indústria Química;1;Produção de substâncias e fabricação de produtos químicos;01/01/2001;;Alto;RIO DE JANEIRO;RIO DE JANEIRO;-22,919917;-43,686167;Ativa;21/03/2026 20:28
67423152000682;IBG INDUSTRIA BRASILEIRA DE GASES LTDA;15;Indústria Química;1;Produção de substâncias e fabricação de produtos químicos;08/09/2022;;Alto;RIO DE JANEIRO;RIO DE JANEIRO;-22,853306;-43,251389;Ativa;21/03/2026 20:28
68567650000157;S.S.WHITE ARTIGOS DENTÁRIOS LTDA;15;Indústria Química;1;Produção de substâncias e fabricação de produtos químicos;01/01/2001;;Alto;RIO DE JANEIRO;RIO DE JANEIRO;-22,893889;-43,223889;Ativa;21/03/2026 20:28
68654508000147;FITAS FLAX INDUSTRIA E COMERCIO LTDA;15;Indústria Química;1;Produção de substâncias e fabricação de produtos químicos;24/09/2005;;Alto;RIO DE JANEIRO;RIO DE JANEIRO;-22,892194;-43,254694;Ativa;21/03/2026 20:28
73688855000392;ECOGEN RIO SOLUCOES ENERGETICAS S.A.;15;Indústria Química;1;Produção de substâncias e fabricação de produtos químicos;08/10/2013;;Alto;RIO DE JANEIRO;RIO DE JANEIRO;-22,936306;-43,379389;Ativa;21/03/2026 20:28
73735243000141;SERPRO INDUSTRIA DE PRODUTOS QUIMICOS LTDA;15;Indústria Química;1;Produção de substâncias e fabricação de produtos químicos;18/11/1993;;Alto;DUQUE DE CAXIAS;RIO DE JANEIRO;-22,739444;-43,323333;Ativa;21/03/2026 20:28
74259896000679;SOLVEN SOLVENTES E QUÍMICOS LTDA;15;Indústria Química;1;Produção de substâncias e fabricação de produtos químicos;05/08/2020;;Alto;QUEIMADOS;RIO DE JANEIRO;-22,739444;-43,607222;Ativa;21/03/2026 20:28
2216104000163;INDUSTRIAS BECKER LTDA;15;Indústria Química;1;Produção de substâncias e fabricação de produtos químicos;01/04/2002;;Alto;SAO JOSE DE MIPIBU;RIO GRANDE DO NORTE;-6,075;-35,234417;Ativa;21/03/2026 20:28
10531148000106;RICI CHEM PRODUTOS QUIMICOS LTDA ME;15;Indústria Química;1;Produção de substâncias e fabricação de produtos químicos;14/11/2008;;Alto;PARNAMIRIM;RIO GRANDE DO NORTE;-5,913167;-35,266667;Ativa;21/03/2026 20:28
19433470000177;ABIDENE SALUSTIANO DA SILVA JUNIOR ME;15;Indústria Química;1;Produção de substâncias e fabricação de produtos químicos;04/12/2013;;Alto;PARNAMIRIM;RIO GRANDE DO NORTE;-5,938019;-35,264467;Ativa;21/03/2026 20:28
24373276000183;BRASIL QUIMICA E MINERACAO INDUSTRIAL LTDA;15;Indústria Química;1;Produção de substâncias e fabricação de produtos químicos;01/04/2003;27/02/2008;Alto;MOSSORO;RIO GRANDE DO NORTE;-5,132306;-37,208306;Ativa;21/03/2026 20:28
24380578002556;WHITE MARTINS GASES INDUSTRIAIS DO NORDESTE LTDA;15;Indústria Química;1;Produção de substâncias e fabricação de produtos químicos;01/01/2005;;Alto;PARNAMIRIM;RIO GRANDE DO NORTE;-5,850528;-35,209806;Ativa;21/03/2026 20:28
710786000130;NORDESTE REFRIGERACAO IMPORTACAO E EXPORTACAO DE PECAS DE AR-CONDICIONADO LTDA;15;Indústria Química;1;Produção de substâncias e fabricação de produtos químicos;01/06/2018;16/07/2024;Alto;PORTO VELHO;RONDONIA;-8,764917;-63,879556;Ativa;21/03/2026 20:28
4210933000164;WOOD NORTE MADEIRAS EIRELI - ME;15;Indústria Química;1;Produção de substâncias e fabricação de produtos químicos;21/07/2018;;Alto;ARIQUEMES;RONDONIA;-9,920167;-63,062194;Ativa;21/03/2026 20:28
8908392000101;EXCELSA IND E COM E EXP. E IMP. DE MADEIRAS LTDA;15;Indústria Química;1;Produção de substâncias e fabricação de produtos químicos;21/05/2008;;Alto;CUJUBIM;RONDONIA;-9,369367;-62,578158;Ativa;21/03/2026 20:28
12568908000185;A. M. & T. C. LTDA-ME;15;Indústria Química;1;Produção de substâncias e fabricação de produtos químicos;21/02/2015;;Alto;VILHENA;RONDONIA;-12,719722;-60,131944;Ativa;21/03/2026 20:28
34597955001595;WHITE MARTINS GASES INDUSTRIAIS DO NORTE LTDA;15;Indústria Química;1;Produção de substâncias e fabricação de produtos químicos;01/10/2004;;Alto;PORTO VELHO;RONDONIA;-8,735889;-63,880306;Ativa;21/03/2026 20:28
59128553004326;STRATURA ASFALTOS LTDA.;15;Indústria Química;1;Produção de substâncias e fabricação de produtos químicos;01/04/2024;;Alto;PORTO VELHO;RONDONIA;-8,712861;-63,816028;Ativa;21/03/2026 20:28
21604695000190;MADEIREIRA MADERVILAS COMERCIO E INDUSTRIA DE MADEIRA LTDA;15;Indústria Química;1;Produção de substâncias e fabricação de produtos químicos;23/03/2016;15/05/2025;Alto;RORAINOPOLIS;RORAIMA;0,584444;-60,450278;Ativa;21/03/2026 20:28
26572907000119;M M V INDUSTRIA E COMERCIO DE MADEIRAS EIRELI;15;Indústria Química;1;Produção de substâncias e fabricação de produtos químicos;31/10/2017;;Alto;PACARAIMA;RORAIMA;0,597167;-60,621917;Ativa;21/03/2026 20:28
73757000105;GETTI QUÍMICA LTDA;15;Indústria Química;1;Produção de substâncias e fabricação de produtos químicos;24/05/1994;;Alto;NOVO HAMBURGO;RIO GRANDE DO SUL;-29,684667;-51,141917;Ativa;21/03/2026 20:28
73757000458;GETTI QUIMICA LTDA;15;Indústria Química;1;Produção de substâncias e fabricação de produtos químicos;03/09/2018;;Alto;ESTANCIA VELHA;RIO GRANDE DO SUL;-29,674167;-51,196944;Ativa;21/03/2026 20:28
88312000107;CBM INDUSTRIA QUÍMICA LTDA;15;Indústria Química;1;Produção de substâncias e fabricação de produtos químicos;01/01/2002;;Alto;CACHOEIRINHA;RIO GRANDE DO SUL;-29,934369;-51,091972;Ativa;21/03/2026 20:28
113015000166;TECNPIEL IMPORTAÇÃO E EXPORTAÇÃO INDÚSTRIA E COMÉRCIO LTDA.;15;Indústria Química;1;Produção de substâncias e fabricação de produtos químicos;01/01/2001;;Alto;ESTANCIA VELHA;RIO GRANDE DO SUL;-29,663611;-51,199444;Ativa;21/03/2026 20:28
331788002758;AIR LIQUIDE BRASIL LTDA.;15;Indústria Química;1;Produção de substâncias e fabricação de produtos químicos;15/04/2003;;Alto;CANOAS;RIO GRANDE DO SUL;-29,926297;-51,183333;Ativa;21/03/2026 20:28
331788005269;AIR LIQUIDE BRASIL LTDA.;15;Indústria Química;1;Produção de substâncias e fabricação de produtos químicos;17/02/2010;21/12/2023;Alto;PELOTAS;RIO GRANDE DO SUL;-31,821564;-52,316894;Ativa;21/03/2026 20:28
331788005501;AIR LIQUIDE BRASIL LTDA.;15;Indústria Química;1;Produção de substâncias e fabricação de produtos químicos;07/02/2011;;Alto;GARIBALDI;RIO GRANDE DO SUL;-29,272025;-51,512147;Ativa;21/03/2026 20:28
331788006583;AIR LIQUIDE BRASIL LTDA.;15;Indústria Química;1;Produção de substâncias e fabricação de produtos químicos;12/07/2012;;Alto;SANTA MARIA;RIO GRANDE DO SUL;-29,710028;-53,776944;Ativa;21/03/2026 20:28
331788010777;AIR LIQUIDE BRASIL LTDA;15;Indústria Química;1;Produção de substâncias e fabricação de produtos químicos;14/11/2024;;Alto;SAPUCAIA DO SUL;RIO GRANDE DO SUL;-29,826944;-51,165556;Ativa;21/03/2026 20:28
472156000175;SISAL SOLUCOES LTDA;15;Indústria Química;1;Produção de substâncias e fabricação de produtos químicos;07/03/1995;;Alto;NOVO HAMBURGO;RIO GRANDE DO SUL;-29,812028;-51,016833;Ativa;21/03/2026 20:28
596161000190;UP QUÍMICA LTDA;15;Indústria Química;1;Produção de substâncias e fabricação de produtos químicos;14/06/2006;;Alto;IVOTI;RIO GRANDE DO SUL;-29,614417;-51,170806;Ativa;21/03/2026 20:28
961142000115;IDEAL PRODUTOS QUÍMICOS LTDA;15;Indústria Química;1;Produção de substâncias e fabricação de produtos químicos;29/11/1995;;Alto;SAO LEOPOLDO;RIO GRANDE DO SUL;-29,741389;-51,178611;Ativa;21/03/2026 20:28
1077885000190;CAUSTICLOR IND COM IMP EXP LTDA.;15;Indústria Química;1;Produção de substâncias e fabricação de produtos químicos;01/01/2001;;Alto;ALVORADA;RIO GRANDE DO SUL;-29,997528;-51,07475;Ativa;21/03/2026 20:28
1083737000188;RICMAR COMÉRCIO E REPRESENTAÇÕES LTDA;15;Indústria Química;1;Produção de substâncias e fabricação de produtos químicos;07/01/2002;;Alto;SAPUCAIA DO SUL;RIO GRANDE DO SUL;-29,809917;-51,16875;Ativa;21/03/2026 20:28
1414746000104;COMPGRAF COMPUTAÇÃO GRÁFICA LTDA;15;Indústria Química;1;Produção de substâncias e fabricação de produtos químicos;28/08/2013;27/03/2020;Alto;BOM PRINCIPIO;RIO GRANDE DO SUL;-29,461306;-51,353528;Ativa;21/03/2026 20:28
1530501000142;CALIBRE SCIENTIFIC BRASIL LTDA.;15;Indústria Química;1;Produção de substâncias e fabricação de produtos químicos;01/10/2015;15/03/2023;Alto;ALVORADA;RIO GRANDE DO SUL;-30,000139;-51,080917;Ativa;21/03/2026 20:28
1593165000187;CORIUM QUIMICA LTDA;15;Indústria Química;1;Produção de substâncias e fabricação de produtos químicos;01/04/2005;;Alto;NOVO HAMBURGO;RIO GRANDE DO SUL;-29,661667;-51,120556;Ativa;21/03/2026 20:28
1795666000146;GIZ SOL INDUSTRIA E COMERCIO LTDA;15;Indústria Química;1;Produção de substâncias e fabricação de produtos químicos;01/04/1997;;Alto;GARIBALDI;RIO GRANDE DO SUL;-29,212778;-51,505556;Ativa;21/03/2026 20:28
2002627000107;PRÉ QUÍMICA LTDA;15;Indústria Química;1;Produção de substâncias e fabricação de produtos químicos;01/01/2001;;Alto;NOVO HAMBURGO;RIO GRANDE DO SUL;-29,670636;-51,142267;Ativa;21/03/2026 20:28
2086953000140;ADEMAR JUSTIN KONIG 21229481087;15;Indústria Química;1;Produção de substâncias e fabricação de produtos químicos;17/10/2023;;Alto;VIAMAO;RIO GRANDE DO SUL;-30,057122;-51,081403;Ativa;21/03/2026 20:28
2104532000102;SERRAMAR PRODUTOS PARA GALVANOPLASTIA LTDA.;15;Indústria Química;1;Produção de substâncias e fabricação de produtos químicos;01/01/2001;;Alto;CAXIAS DO SUL;RIO GRANDE DO SUL;-29,17975;-51,171667;Ativa;21/03/2026 20:28
2248063000197;ATC DO BRASIL LTDA;15;Indústria Química;1;Produção de substâncias e fabricação de produtos químicos;01/07/2002;;Alto;ESTANCIA VELHA;RIO GRANDE DO SUL;-29,655778;-51,192806;Ativa;21/03/2026 20:28
2368580000108;RODOQUIMICA IND. COM. E TRANSP. PROD. QUIMICOS LTDA;15;Indústria Química;1;Produção de substâncias e fabricação de produtos químicos;01/07/2002;;Alto;TAQUARI;RIO GRANDE DO SUL;-29,767619;-51,840092;Ativa;21/03/2026 20:28
2844315000140;ELECTROGOLDD INDUSTRIA E COMERCIO DE PRODUTOS QUIMICOS LTDA;15;Indústria Química;1;Produção de substâncias e fabricação de produtos químicos;01/01/2001;;Alto;GUAPORE;RIO GRANDE DO SUL;-28,847778;-51,8875;Ativa;21/03/2026 20:28
2925069000151;BRAZILIAN WATTLE EXTRACTS INDÚSTRIAS QUÍMICAS LTDA;15;Indústria Química;1;Produção de substâncias e fabricação de produtos químicos;02/01/2001;;Alto;CANOAS;RIO GRANDE DO SUL;-29,968056;-51,198056;Ativa;21/03/2026 20:28
2987873001056;BOCCHI INDUSTRIA E COMERCIO DE CEREAIS LTDA;15;Indústria Química;1;Produção de substâncias e fabricação de produtos químicos;13/03/2020;;Alto;MUITOS CAPOES;RIO GRANDE DO SUL;-28,295331;-51,387328;Ativa;21/03/2026 20:28
3157268000634;GR INDUSTRIA E COMERCIO DE PRODUTOS QUIMICOS S.A;15;Indústria Química;1;Produção de substâncias e fabricação de produtos químicos;30/10/2024;;Alto;SAPUCAIA DO SUL;RIO GRANDE DO SUL;-29,860219;-51,115764;Ativa;21/03/2026 20:28
3414477000101;SILQUIM IND COMERCIO LTDA;15;Indústria Química;1;Produção de substâncias e fabricação de produtos químicos;23/10/2008;;Alto;NOVO HAMBURGO;RIO GRANDE DO SUL;-29,705694;-51,141861;Ativa;21/03/2026 20:28
3563124000173;GOLDEN CHEMIE INDÚSTRIA QUÍMICA LTDA;15;Indústria Química;1;Produção de substâncias e fabricação de produtos químicos;03/12/1999;;Alto;NOVO HAMBURGO;RIO GRANDE DO SUL;-29,709394;-51,140533;Ativa;21/03/2026 20:28
3968050000155;CARLOS RODRIGO DOS SANTOS & CIA LTDA;15;Indústria Química;1;Produção de substâncias e fabricação de produtos químicos;16/04/2024;;Alto;SOLEDADE;RIO GRANDE DO SUL;-28,818139;-52,487989;Ativa;21/03/2026 20:28
4003410000147;FAROL LABORATORIO, MAQUINAS, EQUIPAMENTOS E PROCESSOS QUIMICOS LTDA - ME;15;Indústria Química;1;Produção de substâncias e fabricação de produtos químicos;01/08/2016;;Alto;GUAPORE;RIO GRANDE DO SUL;-28,844444;-51,862222;Ativa;21/03/2026 20:28
4209529000170;ZSCHIMMER & SCHWARZ DO BRASIL LTDA;15;Indústria Química;1;Produção de substâncias e fabricação de produtos químicos;01/04/2004;;Alto;SAO LEOPOLDO;RIO GRANDE DO SUL;-29,787306;-51,108667;Ativa;21/03/2026 20:28
4229761001142;VIDEOLAR-INNOVA S/A;15;Indústria Química;1;Produção de substâncias e fabricação de produtos químicos;01/10/2015;;Alto;TRIUNFO;RIO GRANDE DO SUL;-29,872917;-51,401917;Ativa;21/03/2026 20:28
4253527000189;LS LEATHER SOLUTIONS INDUSTRIA COMERCIO E REPRESENTAÇÕES LTDA;15;Indústria Química;1;Produção de substâncias e fabricação de produtos químicos;01/03/2002;;Alto;PICADA CAFE;RIO GRANDE DO SUL;-29,419817;-51,131033;Ativa;21/03/2026 20:28
4327273000104;LT QUIMICA LTDA;15;Indústria Química;1;Produção de substâncias e fabricação de produtos químicos;19/07/2012;;Alto;ESTANCIA VELHA;RIO GRANDE DO SUL;-29,639167;-51,169694;Ativa;21/03/2026 20:28
4612952000621;VIA AROMA INDUSTRIA DE AROMATIZADORES DE AMBIENTES LTDA;15;Indústria Química;1;Produção de substâncias e fabricação de produtos químicos;01/09/2023;;Alto;PORTO ALEGRE;RIO GRANDE DO SUL;-29,985444;-51,162306;Ativa;21/03/2026 20:28
4670193000149;TINTAS LIDCOR LTDA;15;Indústria Química;1;Produção de substâncias e fabricação de produtos químicos;14/09/2001;;Alto;NOVO HAMBURGO;RIO GRANDE DO SUL;-29,764333;-51,042444;Ativa;21/03/2026 20:28
4729896000103;WATER QUÍMICA COM.E IND. DE PRODUTOS QUÍMICOS LTDA;15;Indústria Química;1;Produção de substâncias e fabricação de produtos químicos;01/04/2008;;Alto;BOM PRINCIPIO;RIO GRANDE DO SUL;-29,506917;-51,385028;Ativa;21/03/2026 20:28
4857522000165;LICS SUPER AGUA LTDA;15;Indústria Química;1;Produção de substâncias e fabricação de produtos químicos;19/04/2018;05/08/2020;Alto;SELBACH;RIO GRANDE DO SUL;-28,620556;-52,940278;Ativa;21/03/2026 20:28
5013038000112;2R QUÍMICA LTDA;15;Indústria Química;1;Produção de substâncias e fabricação de produtos químicos;18/04/2002;;Alto;ESTANCIA VELHA;RIO GRANDE DO SUL;-29,648306;-51,173889;Ativa;21/03/2026 20:28
5324072000108;DORF KETAL BRASIL LTDA.;15;Indústria Química;1;Produção de substâncias e fabricação de produtos químicos;08/10/2002;;Alto;NOVA SANTA RITA;RIO GRANDE DO SUL;-29,869806;-51,248167;Ativa;21/03/2026 20:28
5357556000153;TRANSPORTES PAI NOSSO LTDA ME;15;Indústria Química;1;Produção de substâncias e fabricação de produtos químicos;01/10/2015;;Alto;MONTENEGRO;RIO GRANDE DO SUL;-29,688583;-51,461083;Ativa;21/03/2026 20:28
5646982000107;MARCHAND CHIMIE SISTEMAS DE TRATAMENTO DE ÁGUA LTDA.;15;Indústria Química;1;Produção de substâncias e fabricação de produtos químicos;08/05/2003;;Alto;CACHOEIRINHA;RIO GRANDE DO SUL;-29,922778;-51,087778;Ativa;21/03/2026 20:28
5658506000106;MATRYX IND E COM DE INSUMOS PARA TRATAMENTO DE AGUAS LTDA;15;Indústria Química;1;Produção de substâncias e fabricação de produtos químicos;09/05/2003;;Alto;PORTAO;RIO GRANDE DO SUL;-29,699667;-51,216389;Ativa;21/03/2026 20:28
5963469000140;MAZZAROLLO INDUSTRIA QUIMICA LTDA;15;Indústria Química;1;Produção de substâncias e fabricação de produtos químicos;02/05/2005;;Alto;GRAVATAI;RIO GRANDE DO SUL;-29,893361;-51,0635;Ativa;21/03/2026 20:28
6105570000122;EVER BRASIL INDÚSTRIA E COMÉRCIO LTDA;15;Indústria Química;1;Produção de substâncias e fabricação de produtos químicos;15/01/2008;;Alto;GARIBALDI;RIO GRANDE DO SUL;-29,209303;-51,529486;Ativa;21/03/2026 20:28
6338392000180;FABIO PEREIRA DOS SANTOS DE CASTRO LTDA;15;Indústria Química;1;Produção de substâncias e fabricação de produtos químicos;13/04/2004;;Alto;PELOTAS;RIO GRANDE DO SUL;-31,708556;-52,402778;Ativa;21/03/2026 20:28
6355038000163;SGS POLÍMEROS LTDA.;15;Indústria Química;1;Produção de substâncias e fabricação de produtos químicos;15/06/2004;;Alto;SAO SEBASTIAO DO CAI;RIO GRANDE DO SUL;-29,574556;-51,359;Ativa;21/03/2026 20:28
6954857000127;LIMIL INDÚSTRIA E COMÉRCIO DE PRODUTOS DE LIMPEZA LTDA;15;Indústria Química;1;Produção de substâncias e fabricação de produtos químicos;10/01/2005;12/02/2019;Alto;SANTA ROSA;RIO GRANDE DO SUL;-27,859306;-54,435056;Ativa;21/03/2026 20:28
7241970000128;BIOTECSUL SOLUCOES INTEGRADAS EM BIOTECNOLOGIA LTDA;15;Indústria Química;1;Produção de substâncias e fabricação de produtos químicos;09/07/2024;;Alto;CAXIAS DO SUL;RIO GRANDE DO SUL;-29,173333;-51,224167;Ativa;21/03/2026 20:28
7312248000137;RLX FLUOROCHEMICAL IMPORTADORA E EXPORTADORA LTDA;15;Indústria Química;1;Produção de substâncias e fabricação de produtos químicos;06/07/2017;02/07/2018;Alto;PORTO ALEGRE;RIO GRANDE DO SUL;-30,027417;-51,181306;Ativa;21/03/2026 20:28
7561042000140;PULTEC IND. COM. DE POLIURETANO;15;Indústria Química;1;Produção de substâncias e fabricação de produtos químicos;01/07/2005;;Alto;PORTO ALEGRE;RIO GRANDE DO SUL;-29,997667;-51,189861;Ativa;21/03/2026 20:28
7920916000613;BSC QUÍMICA LTDA;15;Indústria Química;1;Produção de substâncias e fabricação de produtos químicos;06/01/2025;;Alto;GRAVATAI;RIO GRANDE DO SUL;-29,881389;-51,081917;Ativa;21/03/2026 20:28
7939214000177;ZEUS TRADE CORP IMPORTACAO E EXPORTACAO S/A;15;Indústria Química;1;Produção de substâncias e fabricação de produtos químicos;01/10/2013;;Alto;SANTANA DO LIVRAMENTO;RIO GRANDE DO SUL;-30,889722;-55,532222;Ativa;21/03/2026 20:28
7944100000115;PROC9 INDUSTRIA QUIMICA EIRELI;15;Indústria Química;1;Produção de substâncias e fabricação de produtos químicos;18/04/2006;;Alto;CANOAS;RIO GRANDE DO SUL;-29,949136;-51,179047;Ativa;21/03/2026 20:28
8020120000162;AMAZON GROUP PRODUTOS PARA BEBIDAS LTDA;15;Indústria Química;1;Produção de substâncias e fabricação de produtos químicos;01/06/2006;;Alto;BENTO GONCALVES;RIO GRANDE DO SUL;-29,160556;-51,498889;Ativa;21/03/2026 20:28
8475617000507;NAQ GLOBAL QUIMICA FERTILIZANTES LTDA;15;Indústria Química;1;Produção de substâncias e fabricação de produtos químicos;17/11/2006;;Alto;PORTO ALEGRE;RIO GRANDE DO SUL;-30,146194;-51,136381;Ativa;21/03/2026 20:28
8946415000164;STANDARD CHEMICAL INDÚSTRIA QUÍMICA LTDA;15;Indústria Química;1;Produção de substâncias e fabricação de produtos químicos;18/07/2007;;Alto;CAMPO BOM;RIO GRANDE DO SUL;-29,648889;-51,054722;Ativa;21/03/2026 20:28
8947700000108;SILICA SUL INDUSTRIA E COMÉRCIO LTDA;15;Indústria Química;1;Produção de substâncias e fabricação de produtos químicos;15/07/2007;;Alto;NOVO HAMBURGO;RIO GRANDE DO SUL;-29,668611;-51,121111;Ativa;21/03/2026 20:28
9122850000137;JPB INDUSTRIA QUIMICA LTDA;15;Indústria Química;1;Produção de substâncias e fabricação de produtos químicos;31/07/2019;;Alto;LAJEADO;RIO GRANDE DO SUL;-29,436556;-52,003917;Ativa;21/03/2026 20:28
10329501000170;KEMI BRASIL IND E COM DE PRODUTOS QUIMICOS S/A;15;Indústria Química;1;Produção de substâncias e fabricação de produtos químicos;01/01/2009;;Alto;NOVO HAMBURGO;RIO GRANDE DO SUL;-29,670556;-51,097778;Ativa;21/03/2026 20:28
10595727000112;TRR KANINHA COMBUSTIVEIS LTDA.;15;Indústria Química;1;Produção de substâncias e fabricação de produtos químicos;20/12/2023;29/09/2025;Alto;TAPEJARA;RIO GRANDE DO SUL;-28,069306;-52,015806;Ativa;21/03/2026 20:28
11234954000185;CMPC CELULOSE RIOGRANDENSE LTDA;15;Indústria Química;1;Produção de substâncias e fabricação de produtos químicos;29/05/2012;;Alto;GUAIBA;RIO GRANDE DO SUL;-30,227167;-51,532778;Ativa;21/03/2026 20:28
11302495000120;MONDIAL INDUSTRIA DE FERTILIZANTES LTDA;15;Indústria Química;1;Produção de substâncias e fabricação de produtos químicos;03/11/2009;;Alto;CRUZ ALTA;RIO GRANDE DO SUL;-28,666822;-53,609289;Ativa;21/03/2026 20:28
11589720000231;AQUARENNE ENGENHARIA AMBIENTAL LTDA;15;Indústria Química;1;Produção de substâncias e fabricação de produtos químicos;01/03/2023;;Alto;SAPUCAIA DO SUL;RIO GRANDE DO SUL;-29,831556;-51,154583;Ativa;21/03/2026 20:28
12989978000107;RBT CHEMICAL SPECIALTIES COMERCIO DE PRODUTOS QUIMICOS LTDA;15;Indústria Química;1;Produção de substâncias e fabricação de produtos químicos;09/12/2010;;Alto;SAO LEOPOLDO;RIO GRANDE DO SUL;-29,710083;-51,184917;Ativa;21/03/2026 20:28
14698067000156;DILLON BIOTECNOLOGIA LTDA.;15;Indústria Química;1;Produção de substâncias e fabricação de produtos químicos;15/01/2016;;Alto;CAXIAS DO SUL;RIO GRANDE DO SUL;-29,077694;-51,0815;Ativa;21/03/2026 20:28
14725074000280;VERONESE INDÚSTRIA DE PRODUTOS QUÍMICOS LTDA.;15;Indústria Química;1;Produção de substâncias e fabricação de produtos químicos;05/12/2011;;Alto;SAO MARCOS;RIO GRANDE DO SUL;-29,006028;-51,066667;Ativa;21/03/2026 20:28
14725074000361;VERONESE INDÚSTRIA DE PRODUTOS QUÍMICOS LTDA.;15;Indústria Química;1;Produção de substâncias e fabricação de produtos químicos;08/03/2021;;Alto;SAO FRANCISCO DE PAULA;RIO GRANDE DO SUL;-29,085806;-50,751417;Ativa;21/03/2026 20:28
15614889000174;SUL BRASIL INDUSTRIA E COMERCIO DE INGREDIENTES ALIMENTICIOS LTDA.;15;Indústria Química;1;Produção de substâncias e fabricação de produtos químicos;19/07/2023;;Alto;BENTO GONCALVES;RIO GRANDE DO SUL;-29,1418;-51,490197;Ativa;21/03/2026 20:28
22169504000172;JEAN CARLOS ZIBELL;15;Indústria Química;1;Produção de substâncias e fabricação de produtos químicos;27/07/2024;;Alto;PEJUCARA;RIO GRANDE DO SUL;-28,423472;-53,655056;Ativa;21/03/2026 20:28
22524857000143;GRUPO TERRA COMERCIAL DE FERRAMENTAS E FIXAÇÃO LTDA;15;Indústria Química;1;Produção de substâncias e fabricação de produtos químicos;24/02/2025;;Alto;GRAVATAI;RIO GRANDE DO SUL;-29,931944;-51,068056;Ativa;21/03/2026 20:28
23735860000179;CLEAN INDUSTRIA E COMERCIO DE PRODUTOS DE LIMPEZA LTDA;15;Indústria Química;1;Produção de substâncias e fabricação de produtos químicos;25/11/2015;;Alto;BROCHIER;RIO GRANDE DO SUL;-29,550417;-51,612139;Ativa;21/03/2026 20:28
24456338000110;INDUSTRIA QUIMICA GAUCHA LTDA ME;15;Indústria Química;1;Produção de substâncias e fabricação de produtos químicos;24/03/2016;;Alto;PARAI;RIO GRANDE DO SUL;-28,624172;-51,804167;Ativa;21/03/2026 20:28
24957152000145;PARAFLU DO BRASIL INDUSTRIA DE PRODUTOS QUIMICOS LTDA;15;Indústria Química;1;Produção de substâncias e fabricação de produtos químicos;22/07/2020;;Alto;SAO SEBASTIAO DO CAI;RIO GRANDE DO SUL;-29,582778;-51,352778;Ativa;21/03/2026 20:28
26600131000101;BARAO INDUSTRIA DE TINTAS LTDA.;15;Indústria Química;1;Produção de substâncias e fabricação de produtos químicos;30/03/2017;03/05/2017;Alto;BARAO DE COTEGIPE;RIO GRANDE DO SUL;-27,6265;-52,378639;Ativa;21/03/2026 20:28
27863102000197;EMC EQUIPAMENTOS DE COMBATE A INCENDIO LTDA;15;Indústria Química;1;Produção de substâncias e fabricação de produtos químicos;01/09/2018;;Alto;IPE;RIO GRANDE DO SUL;-28,787778;-51,28;Ativa;21/03/2026 20:28
29323376000119;UNICLOR QUIMICA DO BRASIL LTDA;15;Indústria Química;1;Produção de substâncias e fabricação de produtos químicos;07/05/2020;;Alto;GRAVATAI;RIO GRANDE DO SUL;-29,956111;-50,976111;Ativa;21/03/2026 20:28
29581789000101;AUDAZ SERVICOS AMBIENTAIS LTDA.;15;Indústria Química;1;Produção de substâncias e fabricação de produtos químicos;11/11/2025;;Alto;CAPELA DE SANTANA;RIO GRANDE DO SUL;-29,642394;-51,373519;Ativa;21/03/2026 20:28
30739511000190;APROX BRASIL LTDA;15;Indústria Química;1;Produção de substâncias e fabricação de produtos químicos;01/10/2023;;Alto;NOVA BASSANO;RIO GRANDE DO SUL;-28,718056;-51,706944;Ativa;21/03/2026 20:28
31281962000190;CROMO INDÚSTRIA QUÍMICA S.A.;15;Indústria Química;1;Produção de substâncias e fabricação de produtos químicos;23/05/2023;;Alto;ESTRELA;RIO GRANDE DO SUL;-29,52725;-51,933806;Ativa;21/03/2026 20:28
32670016000106;INDÚSTRIA E COMÉRCIO DE ADITIVOS ADISUL LTDA;15;Indústria Química;1;Produção de substâncias e fabricação de produtos químicos;01/07/2020;;Alto;TAPEJARA;RIO GRANDE DO SUL;-28,066842;-51,990247;Ativa;21/03/2026 20:28
33081704002309;SIKA S.A;15;Indústria Química;1;Produção de substâncias e fabricação de produtos químicos;06/05/2014;;Alto;CACHOEIRINHA;RIO GRANDE DO SUL;-29,937806;-51,102167;Ativa;21/03/2026 20:28
33198847000181;PIRISA PIRETRO INDUSTRIAL LTDA;15;Indústria Química;1;Produção de substâncias e fabricação de produtos químicos;01/04/2002;;Alto;TAQUARA;RIO GRANDE DO SUL;-29,623272;-50,802531;Ativa;21/03/2026 20:28
33391434001603;BRENNTAG QUIMICA BRASIL LTDA;15;Indústria Química;1;Produção de substâncias e fabricação de produtos químicos;01/01/2001;;Alto;ESTEIO;RIO GRANDE DO SUL;-29,842167;-51,177167;Ativa;21/03/2026 20:28
34562478000127;RJ COMÉRCIO E EXTRAÇÃO DE RESINAS LTDA;15;Indústria Química;1;Produção de substâncias e fabricação de produtos químicos;14/09/2020;;Alto;TAVARES;RIO GRANDE DO SUL;-31,27455;-51,069089;Ativa;21/03/2026 20:28
34562478000550;RJ COMERCIO E EXTRACAO DE RESINAS LTDA;15;Indústria Química;1;Produção de substâncias e fabricação de produtos químicos;31/10/2023;;Alto;CAPIVARI DO SUL;RIO GRANDE DO SUL;-30,140881;-50,505961;Ativa;21/03/2026 20:28
35820448005952;WHITE MARTINS GASES INDUSTRIAIS LTDA;15;Indústria Química;1;Produção de substâncias e fabricação de produtos químicos;01/10/2003;;Alto;CRUZ ALTA;RIO GRANDE DO SUL;-28,645417;-53,613556;Ativa;21/03/2026 20:28
35820448006177;WHITE MARTINS GASES INDUSTRIAIS LTDA;15;Indústria Química;1;Produção de substâncias e fabricação de produtos químicos;01/01/2001;;Alto;CAXIAS DO SUL;RIO GRANDE DO SUL;-29,192194;-51,238583;Ativa;21/03/2026 20:28
35820448006339;WHITE MARTINS GASES INDUSTRIAIS LTDA;15;Indústria Química;1;Produção de substâncias e fabricação de produtos químicos;01/07/2003;;Alto;SAPUCAIA DO SUL;RIO GRANDE DO SUL;-29,804667;-51,167417;Ativa;21/03/2026 20:28
35820448006410;WHITE MARTINS GASES INDUSTRIAIS LTDA;15;Indústria Química;1;Produção de substâncias e fabricação de produtos químicos;01/01/2001;;Alto;TRIUNFO;RIO GRANDE DO SUL;-29,867917;-51,38875;Ativa;21/03/2026 20:28
35820448011766;WHITE MARTINS GASES INDUSTRIAIS LTDA;15;Indústria Química;1;Produção de substâncias e fabricação de produtos químicos;28/02/2007;;Alto;CANOAS;RIO GRANDE DO SUL;-29,872528;-51,186556;Ativa;21/03/2026 20:28
35820448019074;WHITE MARTINS GASES INDUSTRIAIS LTDA;15;Indústria Química;1;Produção de substâncias e fabricação de produtos químicos;17/01/2008;23/02/2023;Alto;CHARQUEADAS;RIO GRANDE DO SUL;-29,949556;-51,622667;Ativa;21/03/2026 20:28
35820448022458;WHITE MARTINS GASES INDUSTRIAIS LTDA;15;Indústria Química;1;Produção de substâncias e fabricação de produtos químicos;03/04/2025;;Alto;CAMPO BOM;RIO GRANDE DO SUL;-29,690278;-51,065278;Ativa;21/03/2026 20:28
35823155000102;ECCO INDUSTRIA QUIMICA LTDA;15;Indústria Química;1;Produção de substâncias e fabricação de produtos químicos;11/03/2025;;Alto;FAGUNDES VARELA;RIO GRANDE DO SUL;-28,887342;-51,698408;Ativa;21/03/2026 20:28
37496623000107;W-AMP ESPECIALIDADES QUÍMICAS E BIOTECNOLOGIAS LTDA;15;Indústria Química;1;Produção de substâncias e fabricação de produtos químicos;23/06/2020;;Alto;PORTO ALEGRE;RIO GRANDE DO SUL;-29,979469;-51,175389;Ativa;21/03/2026 20:28
43282374000150;CHLORUM GUAIBA INDUSTRIA E COMERCIO DE CLORO E ALCALIS LTDA;15;Indústria Química;1;Produção de substâncias e fabricação de produtos químicos;15/05/2023;;Alto;GUAIBA;RIO GRANDE DO SUL;-30,136917;-51,371389;Ativa;21/03/2026 20:28
43623727000723;METALGAMICA PRODUTOS GRÁFICOS LTDA;15;Indústria Química;1;Produção de substâncias e fabricação de produtos químicos;01/01/2002;16/04/2012;Alto;PORTO ALEGRE;RIO GRANDE DO SUL;-30,013492;-51,205586;Ativa;21/03/2026 20:28
43708996000105;GZ QUÍMICA LTDA;15;Indústria Química;1;Produção de substâncias e fabricação de produtos químicos;01/07/2025;;Alto;VERANOPOLIS;RIO GRANDE DO SUL;-28,993889;-51,564722;Ativa;21/03/2026 20:28
43843358000865;AIR PRODUCTS BRASIL LTDA;15;Indústria Química;1;Produção de substâncias e fabricação de produtos químicos;01/01/2001;;Alto;GUAIBA;RIO GRANDE DO SUL;-30,130944;-51,31975;Ativa;21/03/2026 20:28
44699346000103;ARTECOLA QUÍMICA SA;15;Indústria Química;1;Produção de substâncias e fabricação de produtos químicos;01/01/2001;;Alto;CAMPO BOM;RIO GRANDE DO SUL;-29,660806;-51,088556;Ativa;21/03/2026 20:28
46289959000513;ABASTECEDORA 2022 LTDA;15;Indústria Química;1;Produção de substâncias e fabricação de produtos químicos;02/05/2023;;Alto;TRES COROAS;RIO GRANDE DO SUL;-29,530044;-50,780928;Ativa;21/03/2026 20:28
46471243000290;DFK INDUSTRIA QUIMICA LTDA;15;Indústria Química;1;Produção de substâncias e fabricação de produtos químicos;05/12/2025;;Alto;CANOAS;RIO GRANDE DO SUL;-29,879444;-51,141667;Ativa;21/03/2026 20:28
46481156000213;HIDROMAR INDUSTRIA QUIMICA LTDA;15;Indústria Química;1;Produção de substâncias e fabricação de produtos químicos;01/01/2001;;Alto;NOVA SANTA RITA;RIO GRANDE DO SUL;-29,856917;-51,273889;Ativa;21/03/2026 20:28
50105999000101;ECOBLUE INDÚSTRIA E COMÉRCIO DE ARLA LTDA;15;Indústria Química;1;Produção de substâncias e fabricação de produtos químicos;08/12/2023;;Alto;VILA MARIA;RIO GRANDE DO SUL;-28,524556;-52,184806;Ativa;21/03/2026 20:28
51424468000144;SUPPLAYTECH INDUSTRIA E COMERCIO LTDA;15;Indústria Química;1;Produção de substâncias e fabricação de produtos químicos;16/09/2024;;Alto;CAXIAS DO SUL;RIO GRANDE DO SUL;-29,173583;-51,226667;Ativa;21/03/2026 20:28
51650482000166;ACQUATEC INDÚSTRIA, COMÉRCIO E TRANSPORTES DE PRODUTOS QUÍMICOS LTDA;15;Indústria Química;1;Produção de substâncias e fabricação de produtos químicos;01/02/2024;;Alto;SAO SEBASTIAO DO CAI;RIO GRANDE DO SUL;-29,582378;-51,352789;Ativa;21/03/2026 20:28
52648498000105;GRUPO TERRA BRASIL INDUSTRIA E COMERCIO LTDA;15;Indústria Química;1;Produção de substâncias e fabricação de produtos químicos;24/10/2023;;Alto;GRAVATAI;RIO GRANDE DO SUL;-29,939167;-51,075;Ativa;21/03/2026 20:28
52788344000100;ARLA GAUCHA IND COM DE ARLA LTDA;15;Indústria Química;1;Produção de substâncias e fabricação de produtos químicos;01/12/2025;;Alto;PARAI;RIO GRANDE DO SUL;-28,595956;-51,787203;Ativa;21/03/2026 20:28
53606806000194;OX INDÚSTRIA E COMÉRCIO DE PRODUTOS QUÍMICOS LTDA;15;Indústria Química;1;Produção de substâncias e fabricação de produtos químicos;22/01/2024;;Alto;ESTANCIA VELHA;RIO GRANDE DO SUL;-29,654722;-51,190833;Ativa;21/03/2026 20:28
54111737000291;MICROSAL INDUSTRIA E COMERCIO LTDA;15;Indústria Química;1;Produção de substâncias e fabricação de produtos químicos;01/01/2001;;Alto;CAXIAS DO SUL;RIO GRANDE DO SUL;-29,120778;-51,137389;Ativa;21/03/2026 20:28
60619202005964;MESSER GASES LTDA;15;Indústria Química;1;Produção de substâncias e fabricação de produtos químicos;01/01/2005;;Alto;CANOAS;RIO GRANDE DO SUL;-29,876917;-51,166806;Ativa;21/03/2026 20:28
61460150001306;HEXION QUÍMICA DO BRASIL LTDA;15;Indústria Química;1;Produção de substâncias e fabricação de produtos químicos;10/06/2008;;Alto;MONTENEGRO;RIO GRANDE DO SUL;-29,827778;-51,417167;Ativa;21/03/2026 20:28
62545686001800;OXITENO S.A. INDÚSTRIA E COMÉRCIO;15;Indústria Química;1;Produção de substâncias e fabricação de produtos químicos;02/12/2019;;Alto;TRIUNFO;RIO GRANDE DO SUL;-29,876056;-51,399417;Ativa;21/03/2026 20:28
62728993000412;RESIMAPI PRODUTOS QUIMICOS LTDA;15;Indústria Química;1;Produção de substâncias e fabricação de produtos químicos;08/02/2011;;Alto;CAXIAS DO SUL;RIO GRANDE DO SUL;-29,148461;-51,183636;Ativa;21/03/2026 20:28
62752374000200;ARLA AZUL INDUSTRIA LTDA;15;Indústria Química;1;Produção de substâncias e fabricação de produtos químicos;01/11/2025;;Alto;ALVORADA;RIO GRANDE DO SUL;-29,975931;-51,004361;Ativa;21/03/2026 20:28
62752374000382;ARLA AZUL INDUSTRIA LTDA;15;Indústria Química;1;Produção de substâncias e fabricação de produtos químicos;01/11/2025;;Alto;SANTO ANGELO;RIO GRANDE DO SUL;-28,315456;-54,266286;Ativa;21/03/2026 20:28
69031953001004;MINERALS TECHNOLOGIES DO BRASIL COMÉRCIO E INDÚSTRIA DE MINERAIS LTDA;15;Indústria Química;1;Produção de substâncias e fabricação de produtos químicos;10/12/2007;;Alto;GUAIBA;RIO GRANDE DO SUL;-30,133869;-51,312903;Ativa;21/03/2026 20:28
72064801000121;MULTISOLV QUIMICA LTDA;15;Indústria Química;1;Produção de substâncias e fabricação de produtos químicos;01/01/2001;08/03/2004;Alto;GRAVATAI;RIO GRANDE DO SUL;-29,9425;-50,945278;Ativa;21/03/2026 20:28
72282015000281;ANABE IND E COM DE PROTEÍNAS LTDA;15;Indústria Química;1;Produção de substâncias e fabricação de produtos químicos;01/01/2005;;Alto;ESTANCIA VELHA;RIO GRANDE DO SUL;-29,644111;-51,171083;Ativa;21/03/2026 20:28
73234254000148;I K G QUIMICA E METALURGIA LTDA;15;Indústria Química;1;Produção de substâncias e fabricação de produtos químicos;16/01/1995;;Alto;CAXIAS DO SUL;RIO GRANDE DO SUL;-29,138333;-51,219167;Ativa;21/03/2026 20:28
73709958000120;AMBIENTALY INDÚSTRIA E COMÉRCIO DE PRODUTOS QUÍMICOS LTDA;15;Indústria Química;1;Produção de substâncias e fabricação de produtos químicos;01/12/2014;;Alto;GUAIBA;RIO GRANDE DO SUL;-30,13425;-51,3725;Ativa;21/03/2026 20:28
74481011000843;IBG CRYO INDUSTRIA DE GASES LTDA;15;Indústria Química;1;Produção de substâncias e fabricação de produtos químicos;09/09/2022;;Alto;CANOAS;RIO GRANDE DO SUL;-29,873889;-51,178056;Ativa;21/03/2026 20:28
78937158000260;FERTILIZANTES PIRATINI LTDA;15;Indústria Química;1;Produção de substâncias e fabricação de produtos químicos;01/04/2003;08/05/2003;Alto;PORTO ALEGRE;RIO GRANDE DO SUL;-29,969667;-51,180528;Ativa;21/03/2026 20:28
84684471001713;BUSCHLE & LEPPER S.A.;15;Indústria Química;1;Produção de substâncias e fabricação de produtos químicos;10/06/2015;;Alto;CANOAS;RIO GRANDE DO SUL;-29,954667;-51,157778;Ativa;21/03/2026 20:28
87124384000132;QUIMICA CENIT DO BRASIL LTDA.;15;Indústria Química;1;Produção de substâncias e fabricação de produtos químicos;01/01/2001;;Alto;PORTO ALEGRE;RIO GRANDE DO SUL;-30,004453;-51,194444;Ativa;21/03/2026 20:28
87174991000107;PROQUILL PRODUTOS QUÍMICOS DE LIMPEZA LTDA;15;Indústria Química;1;Produção de substâncias e fabricação de produtos químicos;01/01/2001;;Alto;ALVORADA;RIO GRANDE DO SUL;-29,996667;-51,019167;Ativa;21/03/2026 20:28
87546685000154;CFA INDÚSTRIA QUÍMICA LTDA;15;Indústria Química;1;Produção de substâncias e fabricação de produtos químicos;01/01/2018;;Alto;BENTO GONCALVES;RIO GRANDE DO SUL;-29,188056;-51,517639;Ativa;21/03/2026 20:28
87759668000103;MOSAR INDUSTRIA QUIMICA LTDA;15;Indústria Química;1;Produção de substâncias e fabricação de produtos químicos;03/11/2005;;Alto;CAXIAS DO SUL;RIO GRANDE DO SUL;-29,186389;-51,239167;Ativa;21/03/2026 20:28
87822110000117;INDUSTRIA QUIMICA MASCIA LTDA;15;Indústria Química;1;Produção de substâncias e fabricação de produtos químicos;01/01/2005;;Alto;CAXIAS DO SUL;RIO GRANDE DO SUL;-29,176028;-51,236944;Ativa;21/03/2026 20:28
87870952002430;BORRACHAS VIPAL S/A;15;Indústria Química;1;Produção de substâncias e fabricação de produtos químicos;12/10/2022;01/10/2024;Alto;NOVA PRATA;RIO GRANDE DO SUL;-28,807806;-51,611806;Ativa;21/03/2026 20:28
88065321000115;FCC CIENCIA DOS MATERIAIS LTDA.;15;Indústria Química;1;Produção de substâncias e fabricação de produtos químicos;01/04/2002;25/04/2015;Alto;CAMPO BOM;RIO GRANDE DO SUL;-29,695;-51,076389;Ativa;21/03/2026 20:28
88891981000155;FOTOGRAVURA ZEYANA LTDA;15;Indústria Química;1;Produção de substâncias e fabricação de produtos químicos;01/01/2001;01/01/2001;Alto;CAXIAS DO SUL;RIO GRANDE DO SUL;-29,184444;-51,203333;Ativa;21/03/2026 20:28
89142103000108;MULTICOLOR - INDÚSTRIA E COMÉRCIO DE PIGMENTOS LTDA.;15;Indústria Química;1;Produção de substâncias e fabricação de produtos químicos;01/01/2001;;Alto;FARROUPILHA;RIO GRANDE DO SUL;-29,229667;-51,324861;Ativa;21/03/2026 20:28
89279152000189;KELMACK INDUSTRIA QUIMICA LTDA;15;Indústria Química;1;Produção de substâncias e fabricação de produtos químicos;01/01/2001;;Alto;CAXIAS DO SUL;RIO GRANDE DO SUL;-29,189444;-51,245556;Ativa;21/03/2026 20:28
89717268000152;SETA SA EXTRATIVA TANINO DE ACACIA;15;Indústria Química;1;Produção de substâncias e fabricação de produtos químicos;01/01/2001;;Alto;ESTANCIA VELHA;RIO GRANDE DO SUL;-29,642306;-51,173167;Ativa;21/03/2026 20:28
90045865000167;FÓRMULA QUÍMICA LTDA;15;Indústria Química;1;Produção de substâncias e fabricação de produtos químicos;01/08/1984;;Alto;NOVO HAMBURGO;RIO GRANDE DO SUL;-29,669778;-51,102667;Ativa;21/03/2026 20:28
90456609000162;HIDROCHEN IND. COM. PRODUTOS QUÍMICOS LTDA;15;Indústria Química;1;Produção de substâncias e fabricação de produtos químicos;03/10/1985;;Alto;ALVORADA;RIO GRANDE DO SUL;-30,019583;-51,065139;Ativa;21/03/2026 20:28
90536269000180;MULTISPUMA IND. E COM.LTDA;15;Indústria Química;1;Produção de substâncias e fabricação de produtos químicos;01/01/2018;28/09/2018;Alto;CAXIAS DO SUL;RIO GRANDE DO SUL;-29,109917;-51,103944;Ativa;21/03/2026 20:28
90547274000198;HYPLASS INDUSTRIA QUIMICA LTDA;15;Indústria Química;1;Produção de substâncias e fabricação de produtos químicos;01/01/2001;;Alto;PORTAO;RIO GRANDE DO SUL;-29,701667;-51,241917;Ativa;21/03/2026 20:28
90954108000106;TECNOQUIMICA IND. DE ADITIVOS LTDA;15;Indústria Química;1;Produção de substâncias e fabricação de produtos químicos;28/12/2002;;Alto;ALVORADA;RIO GRANDE DO SUL;-29,975;-51,003056;Ativa;21/03/2026 20:28
90972324000184;SÍLEX - TECNOLOGIAS AMBIENTAIS LTDA.;15;Indústria Química;1;Produção de substâncias e fabricação de produtos químicos;01/01/2001;;Alto;GRAVATAI;RIO GRANDE DO SUL;-29,938567;-50,949294;Ativa;21/03/2026 20:28
91359711000102;TANAC S A;15;Indústria Química;1;Produção de substâncias e fabricação de produtos químicos;01/01/2001;;Alto;MONTENEGRO;RIO GRANDE DO SUL;-29,701528;-51,482444;Ativa;21/03/2026 20:28
91389452000162;CRUZADO INDÚSTRIA DE PRODUTOS DE LIMPEZA LTDA;15;Indústria Química;1;Produção de substâncias e fabricação de produtos químicos;01/01/2001;;Alto;SANTA MARIA;RIO GRANDE DO SUL;-29,685906;-53,868994;Ativa;21/03/2026 20:28
91557439000175;AQUASAN IND COM DE PROD QUIMICOS LTDA;15;Indústria Química;1;Produção de substâncias e fabricação de produtos químicos;18/05/1988;;Alto;PELOTAS;RIO GRANDE DO SUL;-31,7695;-52,336306;Ativa;21/03/2026 20:28
91693929000107;QUIMOPREN INDUSTRIA QUIMICA LTDA.;15;Indústria Química;1;Produção de substâncias e fabricação de produtos químicos;25/11/2015;;Alto;CAMPO BOM;RIO GRANDE DO SUL;-29,648306;-51,058306;Ativa;21/03/2026 20:28
91806729000105;KIN MASTER PRODUTOS QUÍMICOS LTDA.;15;Indústria Química;1;Produção de substâncias e fabricação de produtos químicos;01/01/2001;28/03/2002;Alto;PASSO FUNDO;RIO GRANDE DO SUL;-28,245972;-52,400294;Ativa;21/03/2026 20:28
91839837000184;LIKO IND. E COM. DE PRODUTOS QUÍMICOS LTDA;15;Indústria Química;1;Produção de substâncias e fabricação de produtos químicos;01/01/2001;;Alto;NOVO HAMBURGO;RIO GRANDE DO SUL;-29,677528;-51,099028;Ativa;21/03/2026 20:28
91889600000108;QUIMICA MADATER INDUSTRIA E COMERCIO LTDA;15;Indústria Química;1;Produção de substâncias e fabricação de produtos químicos;03/11/2004;;Alto;ESTANCIA VELHA;RIO GRANDE DO SUL;-29,660983;-51,176586;Ativa;21/03/2026 20:28
92315332000183;M K QUIMICA DO BRASIL LTDA;15;Indústria Química;1;Produção de substâncias e fabricação de produtos químicos;01/01/2001;;Alto;PORTAO;RIO GRANDE DO SUL;-29,716539;-51,261247;Ativa;21/03/2026 20:28
92660406002839;FRIGELAR COMERCIO E INDUSTRIA LTDA;15;Indústria Química;1;Produção de substâncias e fabricação de produtos químicos;10/04/2018;05/04/2019;Alto;CACHOEIRINHA;RIO GRANDE DO SUL;-29,947778;-51,1025;Ativa;21/03/2026 20:28
92660604000263;YARA BRASIL FERTILIZANTES S.A;15;Indústria Química;1;Produção de substâncias e fabricação de produtos químicos;01/04/2002;;Alto;PORTO ALEGRE;RIO GRANDE DO SUL;-29,9875;-51,184667;Ativa;21/03/2026 20:28
92661453000187;RAUTER QUIMICA LTDA;15;Indústria Química;1;Produção de substâncias e fabricação de produtos químicos;29/07/2008;;Alto;GRAVATAI;RIO GRANDE DO SUL;-29,954694;-51,025667;Ativa;21/03/2026 20:28
92662501000151;HIPRA SAUDE ANIMAL LTDA;15;Indústria Química;1;Produção de substâncias e fabricação de produtos químicos;01/01/2001;06/10/2005;Alto;PORTO ALEGRE;RIO GRANDE DO SUL;-30,200194;-51,166222;Ativa;21/03/2026 20:28
92678432000174;AIVA LUBRIFICANTES E SOLUCOES AMBIENTAIS LTDA;15;Indústria Química;1;Produção de substâncias e fabricação de produtos químicos;01/01/2001;;Alto;ALVORADA;RIO GRANDE DO SUL;-29,980639;-51,001806;Ativa;21/03/2026 20:28
92678432000760;AIVA LUBRIFICANTES E SOLUCOES AMBIENTAIS LTDA;15;Indústria Química;1;Produção de substâncias e fabricação de produtos químicos;02/06/2023;;Alto;IJUI;RIO GRANDE DO SUL;-28,387778;-53,914667;Ativa;21/03/2026 20:28
92678432000840;AIVA LUBRIFICANTES E SOLUCOES AMBIENTAIS LTDA;15;Indústria Química;1;Produção de substâncias e fabricação de produtos químicos;07/07/2023;;Alto;ALVORADA;RIO GRANDE DO SUL;-29,974444;-51,006111;Ativa;21/03/2026 20:28
92762277000170;VIDORA FARMACEUTICA LTDA;15;Indústria Química;1;Produção de substâncias e fabricação de produtos químicos;01/07/2002;;Alto;PORTO ALEGRE;RIO GRANDE DO SUL;-30,005833;-51,0975;Ativa;21/03/2026 20:28
92783687000105;JIMO QUÍMICA INDUSTRIAL LTDA;15;Indústria Química;1;Produção de substâncias e fabricação de produtos químicos;01/01/2001;;Alto;CACHOEIRINHA;RIO GRANDE DO SUL;-29,947667;-51,095389;Ativa;21/03/2026 20:28
92802784022916;COMPANHIA RIOGRANDENSE DE SANEAMENTO - CORSAN;15;Indústria Química;1;Produção de substâncias e fabricação de produtos químicos;29/10/2010;;Alto;ESTEIO;RIO GRANDE DO SUL;-29,833389;-51,170639;Ativa;21/03/2026 20:28
92847755000144;SOLFERTI INDUSTRIA DE FERTILIZANTES LTDA;15;Indústria Química;1;Produção de substâncias e fabricação de produtos químicos;01/01/2001;;Alto;CAXIAS DO SUL;RIO GRANDE DO SUL;-29,1492;-51,082669;Ativa;21/03/2026 20:28
93034528000162;MORQUIMICA- INDUSTRIA E COMERCIO LTDA;15;Indústria Química;1;Produção de substâncias e fabricação de produtos químicos;01/10/2003;;Alto;CAXIAS DO SUL;RIO GRANDE DO SUL;-29,150611;-51,221889;Ativa;21/03/2026 20:28
93085231000126;ELETRO POWER PINTURAS LTDA;15;Indústria Química;1;Produção de substâncias e fabricação de produtos químicos;01/01/2002;27/03/2002;Alto;CAXIAS DO SUL;RIO GRANDE DO SUL;-29,195231;-51,202928;Ativa;21/03/2026 20:28
93153179000106;ALLCHEM QUÍMICA INDÚSTRIA E COMÉRCIO LTDA;15;Indústria Química;1;Produção de substâncias e fabricação de produtos químicos;30/10/1989;;Alto;RIO GRANDE;RIO GRANDE DO SUL;-32,111944;-52,125556;Ativa;21/03/2026 20:28
93176238000153;TECNOIL ADITIVOS E ÓLEOS INDUSTRIAIS LTDA;15;Indústria Química;1;Produção de substâncias e fabricação de produtos químicos;01/01/2000;;Alto;CACHOEIRINHA;RIO GRANDE DO SUL;-29,933056;-51,106944;Ativa;21/03/2026 20:28
93293736000186;TECBRIL IND. E COM. DE TINTAS LTDA.;15;Indústria Química;1;Produção de substâncias e fabricação de produtos químicos;01/01/2001;11/12/2013;Alto;CAXIAS DO SUL;RIO GRANDE DO SUL;-29,139389;-51,151306;Ativa;21/03/2026 20:28
93360162000111;KLINTEX INSUMOS INDUSTRIAIS LTDA;15;Indústria Química;1;Produção de substâncias e fabricação de produtos químicos;01/07/2002;;Alto;CACHOEIRINHA;RIO GRANDE DO SUL;-29,932778;-51,107778;Ativa;21/03/2026 20:28
93366748000193;NOKO QUIMICA LTDA.;15;Indústria Química;1;Produção de substâncias e fabricação de produtos químicos;01/01/2001;;Alto;PORTAO;RIO GRANDE DO SUL;-29,701167;-51,239528;Ativa;21/03/2026 20:28
93366748000274;NOKO QUIMICA LTDA;15;Indústria Química;1;Produção de substâncias e fabricação de produtos químicos;31/01/1991;;Alto;PORTAO;RIO GRANDE DO SUL;-29,765278;-51,224167;Ativa;21/03/2026 20:28
93523314000150;POLIVINYL INDUSTRIA DE PRODUTOS QUIMICOS LTDA;15;Indústria Química;1;Produção de substâncias e fabricação de produtos químicos;02/08/1990;;Alto;PORTAO;RIO GRANDE DO SUL;-29,658306;-51,253944;Ativa;21/03/2026 20:28
93616464000108;ELETRICA BATERIAS FERRARI LTDA;15;Indústria Química;1;Produção de substâncias e fabricação de produtos químicos;01/01/2003;26/05/2009;Alto;CARLOS BARBOSA;RIO GRANDE DO SUL;;;Ativa;21/03/2026 20:28
93706828000140;PERI QUIMICA DO BRASIL LTDA;15;Indústria Química;1;Produção de substâncias e fabricação de produtos químicos;22/08/2009;;Alto;SAO LEOPOLDO;RIO GRANDE DO SUL;-29,740461;-51,09025;Ativa;21/03/2026 20:28
93763555000680;ALPHA QUÍMICA LTDA;15;Indústria Química;1;Produção de substâncias e fabricação de produtos químicos;01/01/2022;;Alto;CACHOEIRINHA;RIO GRANDE DO SUL;-29,8875;-51,108611;Ativa;21/03/2026 20:28
93827533000122;QUIMINORT INDÚSTRIA E COMÉRCIO LTDA EPP;15;Indústria Química;1;Produção de substâncias e fabricação de produtos químicos;10/11/2008;;Alto;CAXIAS DO SUL;RIO GRANDE DO SUL;-29,1425;-51,129444;Ativa;21/03/2026 20:28
93885564000130;ECOVITA INDÚSTRIAS QUÍMICAS LTDA;15;Indústria Química;1;Produção de substâncias e fabricação de produtos químicos;01/01/2001;;Alto;NOVO HAMBURGO;RIO GRANDE DO SUL;-29,72;-51,133333;Ativa;21/03/2026 20:28
94066370000175;VERLAG COM. DE EQUIPAMENTOS INDUSTRIAIS LTDA;15;Indústria Química;1;Produção de substâncias e fabricação de produtos químicos;01/01/2001;08/09/2022;Alto;VERANOPOLIS;RIO GRANDE DO SUL;-28,955778;-51,563625;Ativa;21/03/2026 20:28
94148947000198;PPA QUIMICA LTDA.,;15;Indústria Química;1;Produção de substâncias e fabricação de produtos químicos;19/09/1991;;Alto;IGREJINHA;RIO GRANDE DO SUL;-29,606056;-50,796575;Ativa;21/03/2026 20:28
94247293000150;SAPIRANGA INDUSTRIAS QUIMICAS LTDA;15;Indústria Química;1;Produção de substâncias e fabricação de produtos químicos;19/09/1991;;Alto;SAPIRANGA;RIO GRANDE DO SUL;-29,638417;-50,965722;Ativa;21/03/2026 20:28
94273745000178;QUISVI IND. E COM. DE PRODUTOS QUIMICOS LTDA;15;Indústria Química;1;Produção de substâncias e fabricação de produtos químicos;09/10/1991;;Alto;ROCA SALES;RIO GRANDE DO SUL;-29,289944;-51,872278;Ativa;21/03/2026 20:28
94464914000157;QUIMICAMAR IND E COM DE PRODUTOS QUÍMICOS LTDA;15;Indústria Química;1;Produção de substâncias e fabricação de produtos químicos;01/01/2001;;Alto;CACHOEIRINHA;RIO GRANDE DO SUL;-29,918556;-51,104167;Ativa;21/03/2026 20:28
94661428000129;PETER CHEMICAL INDUSTRIAL E COMERCIAL EIRELI;15;Indústria Química;1;Produção de substâncias e fabricação de produtos químicos;01/01/2001;;Alto;NOVO HAMBURGO;RIO GRANDE DO SUL;-29,678456;-51,138261;Ativa;21/03/2026 20:28
94665114000102;LRB INDÚSTRIA E COMÉRCIO DE PRODUTOS QUÍMICOS LTDA.;15;Indústria Química;1;Produção de substâncias e fabricação de produtos químicos;01/01/2001;;Alto;ESTANCIA VELHA;RIO GRANDE DO SUL;-29,664139;-51,208389;Ativa;21/03/2026 20:28
94739984000170;KROMÁTICA INDÚSTRIA E COMÉRCIO DE PRODUTOS QUÍMICOS LTDA.;15;Indústria Química;1;Produção de substâncias e fabricação de produtos químicos;01/01/2001;;Alto;PORTAO;RIO GRANDE DO SUL;-29,674694;-51,247778;Ativa;21/03/2026 20:28
94837598000111;FAXON QUIMICA LTDA;15;Indústria Química;1;Produção de substâncias e fabricação de produtos químicos;11/05/2022;;Alto;CAMPO BOM;RIO GRANDE DO SUL;-29,6475;-51,056389;Ativa;21/03/2026 20:28
96396288000215;MOGIANA INDÚSTRIA DE PRODUTOS QUÍMICOS LTDA;15;Indústria Química;1;Produção de substâncias e fabricação de produtos químicos;31/01/2023;;Alto;MORRO REUTER;RIO GRANDE DO SUL;-29,534667;-51,014667;Ativa;21/03/2026 20:28
96734892000123;TFL DO BRASIL INDÚSTRIA QUÍMICA LTDA;15;Indústria Química;1;Produção de substâncias e fabricação de produtos químicos;01/01/2001;;Alto;SAO LEOPOLDO;RIO GRANDE DO SUL;-29,766944;-51,155;Ativa;21/03/2026 20:28
97441232000117;NOKO PIELCOLOR IND.QUIM.LTDA.;15;Indústria Química;1;Produção de substâncias e fabricação de produtos químicos;01/01/2001;;Alto;PORTAO;RIO GRANDE DO SUL;-29,711911;-51,238861;Ativa;21/03/2026 20:28
331788005005;AIR LIQUIDE BRASIL LTDA;15;Indústria Química;1;Produção de substâncias e fabricação de produtos químicos;11/01/2010;;Alto;CHAPECO;SANTA CATARINA;-27,095806;-52,617778;Ativa;21/03/2026 20:28
331788006079;AIR LIQUIDE BRASIL LTDA;15;Indústria Química;1;Produção de substâncias e fabricação de produtos químicos;07/05/2012;;Alto;SAO JOSE;SANTA CATARINA;-27,618417;-48,65125;Ativa;21/03/2026 20:28
425457000148;EKONOVA QUIMICA DO BRASIL LTDA;15;Indústria Química;1;Produção de substâncias e fabricação de produtos químicos;01/01/2001;;Alto;POMERODE;SANTA CATARINA;-26,783639;-49,167306;Ativa;21/03/2026 20:28
849796000151;SANITEX TECNOLOGIA EM PRODUTOS SERVICOS LTDA ME;15;Indústria Química;1;Produção de substâncias e fabricação de produtos químicos;14/08/2012;;Alto;BRUSQUE;SANTA CATARINA;-27,080806;-48,928306;Ativa;21/03/2026 20:28
981451000742;GCP BRASIL INDUSTRIA E COMERCIO DE PRODUTOS QUIMICOS;15;Indústria Química;1;Produção de substâncias e fabricação de produtos químicos;01/10/2024;;Alto;ILHOTA;SANTA CATARINA;-26,904444;-48,823333;Ativa;21/03/2026 20:28
1038321000148;RESITOL INDUSTRIA QUIMICA LTDA;15;Indústria Química;1;Produção de substâncias e fabricação de produtos químicos;09/01/1996;;Alto;PALMEIRA;SANTA CATARINA;-27,512778;-50,140278;Ativa;21/03/2026 20:28
1574068000147;SUPREME LUBRIFICANTES LTDA EPP;15;Indústria Química;1;Produção de substâncias e fabricação de produtos químicos;16/12/2014;;Alto;BLUMENAU;SANTA CATARINA;-26,852778;-49,115556;Ativa;21/03/2026 20:28
1631626001483;SUN CHEMICAL DO BRASIL LTDA;15;Indústria Química;1;Produção de substâncias e fabricação de produtos químicos;24/11/2008;;Alto;LAGES;SANTA CATARINA;-27,806667;-50,364833;Ativa;21/03/2026 20:28
1666621000171;CRIOBRÁS AR GÁS LTDA;15;Indústria Química;1;Produção de substâncias e fabricação de produtos químicos;03/01/2011;;Alto;TUBARAO;SANTA CATARINA;-28,502417;-49,035194;Ativa;21/03/2026 20:28
1838016000130;RESIMINAS INDÚSTRIA QUÍMICA LTDA;15;Indústria Química;1;Produção de substâncias e fabricação de produtos químicos;05/05/1997;;Alto;SIDEROPOLIS;SANTA CATARINA;-28,590806;-49,441667;Ativa;21/03/2026 20:28
1858973000129;AIRELA INDÚSTRIA FARMACÊUTICA LTDA;15;Indústria Química;1;Produção de substâncias e fabricação de produtos químicos;22/05/2002;;Alto;PEDRAS GRANDES;SANTA CATARINA;-28,436167;-49,175806;Ativa;21/03/2026 20:28
2391755000190;ISMAR INDÚSTRIA DE CARVÃO LTDA ME;15;Indústria Química;1;Produção de substâncias e fabricação de produtos químicos;01/01/2001;;Alto;GRAVATAL;SANTA CATARINA;-28,314092;-49,017258;Ativa;21/03/2026 20:28
2416215000202;TMX REPRESENTAÇÃO, COMÉRCIO, IMPORTAÇÃO E EXPORTAÇÃO LTDA;15;Indústria Química;1;Produção de substâncias e fabricação de produtos químicos;05/07/2019;29/06/2021;Alto;BLUMENAU;SANTA CATARINA;-26,8085;-49,107028;Ativa;21/03/2026 20:28
2732930000165;WALTRICK QUÍMICA SUL LTDA - EPP;15;Indústria Química;1;Produção de substâncias e fabricação de produtos químicos;14/09/1998;;Alto;MARACAJA;SANTA CATARINA;-28,828925;-49,409308;Ativa;21/03/2026 20:28
2750009000145;SMALTICERAM UNICER DO BRASIL LTDA;15;Indústria Química;1;Produção de substâncias e fabricação de produtos químicos;01/01/2001;19/04/2002;Alto;ICARA;SANTA CATARINA;-28,734528;-49,245194;Ativa;21/03/2026 20:28
3076832000180;FLEXÍVEL IND. COM LTDA;15;Indústria Química;1;Produção de substâncias e fabricação de produtos químicos;24/09/2020;;Alto;JARAGUA DO SUL;SANTA CATARINA;-26,53;-49,133556;Ativa;21/03/2026 20:28
3334979000122;IMDEX DO BRASIL INDUSTRIA E COMERCIO LTDA;15;Indústria Química;1;Produção de substâncias e fabricação de produtos químicos;10/08/1999;28/05/2024;Alto;ITAJAI;SANTA CATARINA;-26,93875;-48,690667;Ativa;21/03/2026 20:28
3337080000163;CSM PRODUTOS QUIMICOS LTDA.;15;Indústria Química;1;Produção de substâncias e fabricação de produtos químicos;01/01/2001;;Alto;CHAPECO;SANTA CATARINA;-27,188889;-52,651056;Ativa;21/03/2026 20:28
3346298000346;DALQUIM INDÚSTRIA E COMÉRCIO LTDA;15;Indústria Química;1;Produção de substâncias e fabricação de produtos químicos;01/01/2001;;Alto;TRES BARRAS;SANTA CATARINA;-26,188389;-50,264167;Ativa;21/03/2026 20:28
3364618000129;AG INDUSTRIA QUIMICA DO BRASIL LTDA ME;15;Indústria Química;1;Produção de substâncias e fabricação de produtos químicos;03/11/2005;;Alto;CRICIUMA;SANTA CATARINA;-28,819469;-49,395267;Ativa;21/03/2026 20:28
3842703000155;CYAN QUIMICA LTDA;15;Indústria Química;1;Produção de substâncias e fabricação de produtos químicos;18/05/2000;;Alto;COCAL DO SUL;SANTA CATARINA;-28,615639;-49,340986;Ativa;21/03/2026 20:28
4066501000121;ACN QUIMICA INDUSTRIA E COMERCIO DE PRODUTOS QUIMICOS LTDA;15;Indústria Química;1;Produção de substâncias e fabricação de produtos químicos;21/09/2000;;Alto;POMERODE;SANTA CATARINA;-26,824278;-49,169056;Ativa;21/03/2026 20:28
4075469000140;SUL ÓXIDOS INDÚSTRIA E COMÉRCIO LTDA.;15;Indústria Química;1;Produção de substâncias e fabricação de produtos químicos;01/01/2024;;Alto;FORQUILHINHA;SANTA CATARINA;-28,747778;-49,446667;Ativa;21/03/2026 20:28
4110845000190;DOUGLAS LOUIS CIPRIANI LTDA EPP;15;Indústria Química;1;Produção de substâncias e fabricação de produtos químicos;22/11/2000;;Alto;GASPAR;SANTA CATARINA;-26,921533;-48,975764;Ativa;21/03/2026 20:28
4340141000104;MASTERCOL S.A;15;Indústria Química;1;Produção de substâncias e fabricação de produtos químicos;15/03/2001;;Alto;NOVA TRENTO;SANTA CATARINA;-27,247833;-48,921556;Ativa;21/03/2026 20:28
4381961000144;CRISTALFLEX IND DE ESPUMAS E COLCHÕES LTDA;15;Indústria Química;1;Produção de substâncias e fabricação de produtos químicos;04/04/2001;15/09/2014;Alto;CHAPECO;SANTA CATARINA;-27,109256;-52,628631;Ativa;21/03/2026 20:28
4767955000120;DESTAQUE JEANS PRODUTOS QUÍMICOS LTDA;15;Indústria Química;1;Produção de substâncias e fabricação de produtos químicos;20/04/2023;;Alto;CRICIUMA;SANTA CATARINA;-28,748333;-49,410833;Ativa;21/03/2026 20:28
4874959000107;LABORACQUA PRODUTOS QUIMICOS LTDA - ME;15;Indústria Química;1;Produção de substâncias e fabricação de produtos químicos;01/01/2016;;Alto;JOINVILLE;SANTA CATARINA;-26,348036;-48,858697;Ativa;21/03/2026 20:28
4886934000123;INTERQUIM INDUSTRIA QUIMICA LTDA;15;Indústria Química;1;Produção de substâncias e fabricação de produtos químicos;02/02/2002;;Alto;BLUMENAU;SANTA CATARINA;-26,885833;-49,111111;Ativa;21/03/2026 20:28
4973218000183;GREEN TEX QUIMICA LTDA;15;Indústria Química;1;Produção de substâncias e fabricação de produtos químicos;01/04/2002;;Alto;GASPAR;SANTA CATARINA;-26,895667;-49,006417;Ativa;21/03/2026 20:28
5106945000106;DENTSCARE LTDA;15;Indústria Química;1;Produção de substâncias e fabricação de produtos químicos;01/01/2014;;Alto;JOINVILLE;SANTA CATARINA;-26,251833;-48,866639;Ativa;21/03/2026 20:28
5282985000109;MULTCLORO INDUSTRIA QUIMICA LTDA;15;Indústria Química;1;Produção de substâncias e fabricação de produtos químicos;12/06/2003;;Alto;ARARANGUA;SANTA CATARINA;-28,955806;-49,479667;Ativa;21/03/2026 20:28
5464223000123;QUIMICER INDÚSTRIA E COMÉRCIO LTDA;15;Indústria Química;1;Produção de substâncias e fabricação de produtos químicos;10/01/2003;;Alto;SIDEROPOLIS;SANTA CATARINA;-28,614167;-49,417306;Ativa;21/03/2026 20:28
5658506000378;MATRYX INDÚSTRIA E COMÉRCIO DE INSUMOS PARA TRATAMENTO DE ÁGUAS LTDA;15;Indústria Química;1;Produção de substâncias e fabricação de produtos químicos;07/02/2020;;Alto;ARAQUARI;SANTA CATARINA;-26,408556;-48,7475;Ativa;21/03/2026 20:28
5930500000146;NOVTEC TECNOLOGIA AMBIENTAL LTDA;15;Indústria Química;1;Produção de substâncias e fabricação de produtos químicos;07/08/2004;;Alto;BIGUACU;SANTA CATARINA;-27,528094;-48,630442;Ativa;21/03/2026 20:28
5963469000220;MAZZAROLLO INDÚSTRIA QUÍMICA LTDA;15;Indústria Química;1;Produção de substâncias e fabricação de produtos químicos;02/05/2005;;Alto;GARUVA;SANTA CATARINA;-26,0475;-48,86025;Ativa;21/03/2026 20:28
5999182000170;TECNOMOR INDUSTRIA E COMERCIO LTDA ME;15;Indústria Química;1;Produção de substâncias e fabricação de produtos químicos;12/11/2003;;Alto;PALHOCA;SANTA CATARINA;-27,672056;-48,689528;Ativa;21/03/2026 20:28
6082519000142;AKMEY BRASIL COM REPR PRODUTOS QUIMICOS LTDA ME;15;Indústria Química;1;Produção de substâncias e fabricação de produtos químicos;02/01/2006;;Alto;INDAIAL;SANTA CATARINA;-26,929306;-49,286528;Ativa;21/03/2026 20:28
6277466000115;COMERCIAL FABIO NASCIMENTO LTDA;15;Indústria Química;1;Produção de substâncias e fabricação de produtos químicos;08/12/2023;11/12/2023;Alto;GAROPABA;SANTA CATARINA;-28,033611;-48,623028;Ativa;21/03/2026 20:28
6959959000135;BLUQUIMI INDUSTRIA QUIMICA LTDA;15;Indústria Química;1;Produção de substâncias e fabricação de produtos químicos;01/07/2004;;Alto;INDAIAL;SANTA CATARINA;-26,878056;-49,194667;Ativa;21/03/2026 20:28
6984790000173;JOAO FRANCISCO FAVARETTO ME;15;Indústria Química;1;Produção de substâncias e fabricação de produtos químicos;04/04/2016;;Alto;CORONEL FREITAS;SANTA CATARINA;-26,907336;-52,703139;Ativa;21/03/2026 20:28
7049845000382;CONDOR NORDESTE INDUSTRIA E COMERCIO LTDA;15;Indústria Química;1;Produção de substâncias e fabricação de produtos químicos;21/01/2009;06/09/2011;Alto;SAO BENTO DO SUL;SANTA CATARINA;-26,254556;-49,38075;Ativa;21/03/2026 20:28
7056011000132;METAQUIMICA PRODUTOS LTDA;15;Indústria Química;1;Produção de substâncias e fabricação de produtos químicos;12/12/2011;;Alto;JARAGUA DO SUL;SANTA CATARINA;-26,490006;-49,062025;Ativa;21/03/2026 20:28
7178644000113;DAV QUIMICA DO BRASIL LTDA;15;Indústria Química;1;Produção de substâncias e fabricação de produtos químicos;19/01/2005;;Alto;ICARA;SANTA CATARINA;-28,715556;-49,318056;Ativa;21/03/2026 20:28
7225651000129;EKOTEXQUIMICA LTDA;15;Indústria Química;1;Produção de substâncias e fabricação de produtos químicos;07/04/2008;;Alto;POMERODE;SANTA CATARINA;-26,819342;-49,160606;Ativa;21/03/2026 20:28
7232837000105;FOX INDUSTRIA QUÍMICA LTDA;15;Indústria Química;1;Produção de substâncias e fabricação de produtos químicos;01/09/2008;;Alto;SANGAO;SANTA CATARINA;-28,638611;-49,115;Ativa;21/03/2026 20:28
7357799000206;KALIUM CHEMICAL, COMÉRCIO, IMPORTAÇÃO E EXPORTAÇÃO LTDA;15;Indústria Química;1;Produção de substâncias e fabricação de produtos químicos;31/01/2011;;Alto;ITAJAI;SANTA CATARINA;-26,909722;-48,660861;Ativa;21/03/2026 20:28
7391925000150;QUIMICOLLA INDÚSTRIA QUÍMICA LIMITADA;15;Indústria Química;1;Produção de substâncias e fabricação de produtos químicos;01/11/2011;;Alto;SAO JOAO BATISTA;SANTA CATARINA;-27,26285;-48,826547;Ativa;21/03/2026 20:28
7441734000155;SERTEC 20 DO BRASIL COMERCIO , IMPORTAÇÃO E EXPORTAÇÃO LTDA;15;Indústria Química;1;Produção de substâncias e fabricação de produtos químicos;10/09/2019;;Alto;LUIZ ALVES;SANTA CATARINA;-26,713889;-48,912278;Ativa;21/03/2026 20:28
7699054000136;GENÉTICA TECNOLOGIAS AMBIENTAIS LTDA;15;Indústria Química;1;Produção de substâncias e fabricação de produtos químicos;14/06/2006;;Alto;CHAPECO;SANTA CATARINA;-27,02975;-52,723389;Ativa;21/03/2026 20:28
7790648000409;ELKEM SILICONES BRASIL LTDA;15;Indústria Química;1;Produção de substâncias e fabricação de produtos químicos;19/02/2016;;Alto;JOINVILLE;SANTA CATARINA;-26,240806;-48,882167;Ativa;21/03/2026 20:28
7920916000109;BSC QUÍMICA LTDA;15;Indústria Química;1;Produção de substâncias e fabricação de produtos químicos;06/01/2025;;Alto;ITAJAI;SANTA CATARINA;-26,888056;-48,735806;Ativa;21/03/2026 20:28
8178059000186;AMILTON EUCLIDES DO CANTO FILHO;15;Indústria Química;1;Produção de substâncias e fabricação de produtos químicos;08/07/2024;;Alto;CRICIUMA;SANTA CATARINA;-28,718167;-49,352583;Ativa;21/03/2026 20:28
8505736001367;FLORA PRODUTOS DE HIGIENE E LIMPEZA S/A;15;Indústria Química;1;Produção de substâncias e fabricação de produtos químicos;14/06/2013;15/06/2015;Alto;ITAJAI;SANTA CATARINA;-26,848417;-48,723917;Ativa;21/03/2026 20:28
8720846000108;CARBO SUL INDUSTRIA QUIMICA LTDA;15;Indústria Química;1;Produção de substâncias e fabricação de produtos químicos;05/01/2022;;Alto;SAO JOSE;SANTA CATARINA;-27,611389;-48,657778;Ativa;21/03/2026 20:28
8853949000146;IGUA CONTROL BRASIL LTDA - EPP;15;Indústria Química;1;Produção de substâncias e fabricação de produtos químicos;04/10/2022;;Alto;GASPAR;SANTA CATARINA;-26,909417;-48,945556;Ativa;21/03/2026 20:28
9099536000261;DIPROQUIM DISTRIBUIDORA E IMPORTADORA DE PRODUTOS QUIMICOS LTDA.;15;Indústria Química;1;Produção de substâncias e fabricação de produtos químicos;05/01/2009;;Alto;ITAJAI;SANTA CATARINA;-26,921167;-48,650806;Ativa;21/03/2026 20:28
9201077000102;WALTERMAX QUIMICA LTDA;15;Indústria Química;1;Produção de substâncias e fabricação de produtos químicos;09/11/2007;06/02/2013;Alto;PALMEIRA;SANTA CATARINA;-27,581722;-50,163167;Ativa;21/03/2026 20:28
9470294000190;DENIM SOLUCOES TEXTEIS LTDA;15;Indústria Química;1;Produção de substâncias e fabricação de produtos químicos;07/04/2008;15/08/2017;Alto;CRICIUMA;SANTA CATARINA;-28,683556;-49,416167;Ativa;21/03/2026 20:28
9480033000231;ARARAS QUIMICA DO BRASIL EIRELI;15;Indústria Química;1;Produção de substâncias e fabricação de produtos químicos;02/01/2017;;Alto;COCAL DO SUL;SANTA CATARINA;-28,601806;-49,316667;Ativa;21/03/2026 20:28
10221623000148;METCO DO BRASIL IND. E COM. DE ADIT. PARA CERAMICA;15;Indústria Química;1;Produção de substâncias e fabricação de produtos químicos;01/07/2009;;Alto;CRICIUMA;SANTA CATARINA;-28,645833;-49,321944;Ativa;21/03/2026 20:28
10266327000163;SPS TEC.AMB.IND.E COM. E RECUPR. DE PROD. QUIMICOS ORG.LTDA;15;Indústria Química;1;Produção de substâncias e fabricação de produtos químicos;01/07/2013;;Alto;PORTO UNIAO;SANTA CATARINA;-26,415444;-51,126417;Ativa;21/03/2026 20:28
10489658000162;WERKEN QUÍMICA BRASIL LTDA;15;Indústria Química;1;Produção de substâncias e fabricação de produtos químicos;21/11/2008;;Alto;INDAIAL;SANTA CATARINA;-26,929056;-49,28625;Ativa;21/03/2026 20:28
10923509000160;GDTECH INDUSTRIA QUIMICA LTDA;15;Indústria Química;1;Produção de substâncias e fabricação de produtos químicos;15/06/2009;;Alto;CANOINHAS;SANTA CATARINA;-26,191111;-50,406389;Ativa;21/03/2026 20:28
11369219000189;DMK QUÍMICA LTDA;15;Indústria Química;1;Produção de substâncias e fabricação de produtos químicos;01/02/2010;;Alto;BLUMENAU;SANTA CATARINA;-26,840875;-49,047958;Ativa;21/03/2026 20:28
11424246000107;INDUCOLOR COMERCIO DE PIGMENTOS E RESINAS LTDA;15;Indústria Química;1;Produção de substâncias e fabricação de produtos químicos;10/03/2012;;Alto;COCAL DO SUL;SANTA CATARINA;-28,617681;-49,299519;Ativa;21/03/2026 20:28
12012809000112;LABOASE INDUSTRIA E COMERCIO LTDA - EPP;15;Indústria Química;1;Produção de substâncias e fabricação de produtos químicos;28/05/2010;;Alto;CANOINHAS;SANTA CATARINA;-26,177778;-50,359417;Ativa;21/03/2026 20:28
12092330000133;BTC DO BRASIL ADITIVOS INDUSTRIAIS LTDA;15;Indústria Química;1;Produção de substâncias e fabricação de produtos químicos;16/06/2010;;Alto;BRUSQUE;SANTA CATARINA;-27,098639;-48,902417;Ativa;21/03/2026 20:28
12344954000109;AXCHEM BRASIL INDUSTRIA QUIMICA LTDA;15;Indústria Química;1;Produção de substâncias e fabricação de produtos químicos;06/08/2010;;Alto;BLUMENAU;SANTA CATARINA;-26,837778;-49,090806;Ativa;21/03/2026 20:28
12699262000175;UNNICOLA ADESIVOS E SELANTES LTDA.;15;Indústria Química;1;Produção de substâncias e fabricação de produtos químicos;20/10/2010;;Alto;CRICIUMA;SANTA CATARINA;-28,684222;-49,336667;Ativa;21/03/2026 20:28
13377370000194;COSMOLIFE IND E COM DE COSMETICOS LTDA ME;15;Indústria Química;1;Produção de substâncias e fabricação de produtos químicos;10/10/2011;;Alto;BRUSQUE;SANTA CATARINA;-27,0675;-48,896389;Ativa;21/03/2026 20:28
14103516000176;INNOSPEC DO BRASIL IMP E COM DE PROD QUIM LTDA;15;Indústria Química;1;Produção de substâncias e fabricação de produtos químicos;04/08/2011;28/02/2012;Alto;ITAJAI;SANTA CATARINA;-27,586333;-48,578778;Ativa;21/03/2026 20:28
14326412000120;SUL & LIMP PRODUTOS QUIMICOS DO BRASIL LTDA ME;15;Indústria Química;1;Produção de substâncias e fabricação de produtos químicos;02/01/2013;;Alto;TURVO;SANTA CATARINA;-28,926056;-49,679167;Ativa;21/03/2026 20:28
14693937000102;PROX DO BRASIL PRODUTOS QUIMICOS S.A.;15;Indústria Química;1;Produção de substâncias e fabricação de produtos químicos;15/05/2012;;Alto;GASPAR;SANTA CATARINA;-26,882667;-48,995389;Ativa;21/03/2026 20:28
14741824000208;QUIMICA CARIOCA LTDA;15;Indústria Química;1;Produção de substâncias e fabricação de produtos químicos;01/02/2021;27/11/2023;Alto;GARUVA;SANTA CATARINA;-26,064694;-48,854694;Ativa;21/03/2026 20:28
14992260000103;PRODAUX ESPECIALIDADES QUIMICAS LTDA ME;15;Indústria Química;1;Produção de substâncias e fabricação de produtos químicos;01/11/2012;;Alto;POMERODE;SANTA CATARINA;-26,795278;-49,165278;Ativa;21/03/2026 20:28
15181688001607;UNIMETAL INDUSTRIA COMERCIO E EMPREENDIMENTOS LTDA;15;Indústria Química;1;Produção de substâncias e fabricação de produtos químicos;25/09/2023;;Alto;URUSSANGA;SANTA CATARINA;-28,547167;-49,374667;Ativa;21/03/2026 20:28
15265287000159;PISAFIX ADESIVOS E SELANTES LTDA;15;Indústria Química;1;Produção de substâncias e fabricação de produtos químicos;26/03/2012;;Alto;BALNEARIO RINCAO;SANTA CATARINA;-28,806528;-49,233278;Ativa;21/03/2026 20:28
15576679000139;OREGON QUÍMICA DO BRASIL LTDA ME;15;Indústria Química;1;Produção de substâncias e fabricação de produtos químicos;22/05/2012;;Alto;ICARA;SANTA CATARINA;-28,670556;-49,340278;Ativa;21/03/2026 20:28
15641991000169;MEDEIROS E WILSON INDÚSTRIA E COMÉRCIO DE LUBRIFICANTES LTDA;15;Indústria Química;1;Produção de substâncias e fabricação de produtos químicos;01/06/2012;;Alto;CRICIUMA;SANTA CATARINA;-28,691944;-49,404722;Ativa;21/03/2026 20:28
16803266000102;QUIMICA NOVA BRASIL LTDA;15;Indústria Química;1;Produção de substâncias e fabricação de produtos químicos;31/08/2012;;Alto;ITAJAI;SANTA CATARINA;-26,940278;-48,7275;Ativa;21/03/2026 20:28
17571591000150;QUIMITEX INDUSTRIA E COMERCIO DE PRODUTOS QUIMICOS LTDA;15;Indústria Química;1;Produção de substâncias e fabricação de produtos químicos;31/01/2013;;Alto;NOVA VENEZA;SANTA CATARINA;-28,663611;-49,499167;Ativa;21/03/2026 20:28
18403656000110;MR QUIMICA LTDA - EPP;15;Indústria Química;1;Produção de substâncias e fabricação de produtos químicos;28/08/2019;;Alto;BLUMENAU;SANTA CATARINA;-26,843778;-49,085417;Ativa;21/03/2026 20:28
18487144000180;IGI INDÚSTRIA DE GASES ITAJAÍ LTDA;15;Indústria Química;1;Produção de substâncias e fabricação de produtos químicos;02/09/2013;;Alto;ITAJAI;SANTA CATARINA;-26,864864;-48,729128;Ativa;21/03/2026 20:28
19259496000140;AIRMIX GASES LTDA - ME;15;Indústria Química;1;Produção de substâncias e fabricação de produtos químicos;11/04/2016;;Alto;CAMPOS NOVOS;SANTA CATARINA;-27,385675;-51,246575;Ativa;21/03/2026 20:28
21114099000122;TOUS QUIMICA LTDA;15;Indústria Química;1;Produção de substâncias e fabricação de produtos químicos;01/01/2018;;Alto;ICARA;SANTA CATARINA;-28,678417;-49,299444;Ativa;21/03/2026 20:28
21348290000139;BIOSERRA AGROINDUSTRIA LTDA - ME;15;Indústria Química;1;Produção de substâncias e fabricação de produtos químicos;05/01/2015;;Alto;PALMEIRA;SANTA CATARINA;-27,504167;-50,155278;Ativa;21/03/2026 20:28
21348455000172;WOLF INDUSTRIA E COMERCIO DE PRODUTOS QUIMICOS LTDA;15;Indústria Química;1;Produção de substâncias e fabricação de produtos químicos;02/03/2023;;Alto;CRICIUMA;SANTA CATARINA;-28,681056;-49,423389;Ativa;21/03/2026 20:28
24483147000229;ALFHA QUIMICA COMERCIO DE PRODUTOS GALVANICOS LTDA;15;Indústria Química;1;Produção de substâncias e fabricação de produtos químicos;11/02/2019;;Alto;ITAJAI;SANTA CATARINA;-26,9055;-48,661306;Ativa;21/03/2026 20:28
24586822000164;ECO LAGES QUIMICA LTDA EPP;15;Indústria Química;1;Produção de substâncias e fabricação de produtos químicos;13/04/2016;27/10/2023;Alto;LAGES;SANTA CATARINA;-27,784997;-50,309158;Ativa;21/03/2026 20:28
24779893000183;SCIENCO BIOTECH LTDA ME;15;Indústria Química;1;Produção de substâncias e fabricação de produtos químicos;23/11/2017;;Alto;LAGES;SANTA CATARINA;-27,804167;-50,336389;Ativa;21/03/2026 20:28
24924251000120;REVELLA TECNOLOGIA LTDA;15;Indústria Química;1;Produção de substâncias e fabricação de produtos químicos;08/10/2024;;Alto;FLORIANOPOLIS;SANTA CATARINA;-27,571111;-48,508333;Ativa;21/03/2026 20:28
24965423000104;SUL AMERICANA INDUSTRIA COMÉRCIO IMPORTAÇÃO E EXPORTAÇÃO LTDA;15;Indústria Química;1;Produção de substâncias e fabricação de produtos químicos;07/08/2017;;Alto;INDAIAL;SANTA CATARINA;-26,9035;-49,270639;Ativa;21/03/2026 20:28
28541319000143;BOHR QUIMICA LTDA;15;Indústria Química;1;Produção de substâncias e fabricação de produtos químicos;25/08/2017;;Alto;COCAL DO SUL;SANTA CATARINA;-28,603528;-49,297694;Ativa;21/03/2026 20:28
28596922000122;MASTER CATARINA LTDA EPP;15;Indústria Química;1;Produção de substâncias e fabricação de produtos químicos;01/03/2008;;Alto;POMERODE;SANTA CATARINA;-26,819589;-49,159419;Ativa;21/03/2026 20:28
30187372000130;SERGIO FERNANDO CHICALSKI GAIA;15;Indústria Química;1;Produção de substâncias e fabricação de produtos químicos;01/01/2021;;Alto;MONTE CASTELO;SANTA CATARINA;-26,463722;-50,233767;Ativa;21/03/2026 20:28
31561761000146;APOLO COMÉRCIO, IMPORTAÇÃO E EXPORTAÇÃO LTDA;15;Indústria Química;1;Produção de substâncias e fabricação de produtos químicos;25/03/2019;;Alto;BLUMENAU;SANTA CATARINA;-26,798417;-49,100806;Ativa;21/03/2026 20:28
33391434000895;BRENNTAG QUIMICA BRASIL LTDA;15;Indústria Química;1;Produção de substâncias e fabricação de produtos químicos;20/05/2022;;Alto;BRUSQUE;SANTA CATARINA;-27,072417;-48,898667;Ativa;21/03/2026 20:28
33812969000116;MQB CHEMICAL INDUSTRIA QUIMICA S/A;15;Indústria Química;1;Produção de substâncias e fabricação de produtos químicos;14/02/2019;;Alto;CRICIUMA;SANTA CATARINA;-28,668889;-49,301389;Ativa;21/03/2026 20:28
34897193000147;S3CHEM LTDA;15;Indústria Química;1;Produção de substâncias e fabricação de produtos químicos;27/12/2024;;Alto;FLORIANOPOLIS;SANTA CATARINA;-27,4429;-48,463594;Ativa;21/03/2026 20:28
35820448010794;WHITE MARTINS GASES INDUSTRIAIS LTDA;15;Indústria Química;1;Produção de substâncias e fabricação de produtos químicos;01/10/2003;;Alto;JOINVILLE;SANTA CATARINA;-26,291667;-49,0;Ativa;21/03/2026 20:28
35820448018345;WHITE MARTINS GASES INDUSTRIAIS LTDA.;15;Indústria Química;1;Produção de substâncias e fabricação de produtos químicos;03/11/2005;;Alto;BARRA VELHA;SANTA CATARINA;-26,6325;-48,685278;Ativa;21/03/2026 20:28
37533287000125;VASISQUE NOVUS INDUSTRIA E COMERCIO ATACADISTA DE PRODUTOS QUÍMICOS LTDA;15;Indústria Química;1;Produção de substâncias e fabricação de produtos químicos;26/10/2023;;Alto;ICARA;SANTA CATARINA;-28,744444;-49,261944;Ativa;21/03/2026 20:28
42065464000126;FMGD LTDA;15;Indústria Química;1;Produção de substâncias e fabricação de produtos químicos;24/05/2021;;Alto;GASPAR;SANTA CATARINA;-26,947222;-48,953611;Ativa;21/03/2026 20:28
42840498000140;LGM INDUSTRIA E COMERCIO DE PRODUTOS QUIMICOS LTDA;15;Indústria Química;1;Produção de substâncias e fabricação de produtos químicos;04/10/2021;;Alto;ICARA;SANTA CATARINA;-28,789167;-49,271917;Ativa;21/03/2026 20:28
42936316000130;BERNER ESPECIALIDADES QUÍMICAS INDÚSTRIA E COMÉRCIO LTDA;15;Indústria Química;1;Produção de substâncias e fabricação de produtos químicos;01/12/2023;;Alto;INDAIAL;SANTA CATARINA;-26,870278;-49,194694;Ativa;21/03/2026 20:28
43475030000167;NIONE LTDA;15;Indústria Química;1;Produção de substâncias e fabricação de produtos químicos;03/11/2021;;Alto;ICARA;SANTA CATARINA;-28,678439;-49,300292;Ativa;21/03/2026 20:28
43679858000137;CHLORUM PALMEIRA INDUSTRIA E COMERCIO DE CLORO E ALCALIS LTDA.;15;Indústria Química;1;Produção de substâncias e fabricação de produtos químicos;26/01/2026;;Alto;PALMEIRA;SANTA CATARINA;-27,510833;-50,141667;Ativa;21/03/2026 20:28
43843358001322;AIR PRODUCTS BRASIL LTDA;15;Indústria Química;1;Produção de substâncias e fabricação de produtos químicos;01/01/2001;13/03/2025;Alto;CORREIA PINTO;SANTA CATARINA;-27,546417;-50,377111;Ativa;21/03/2026 20:28
43843358002132;AIR PRODUTS BRASIL LTDA;15;Indústria Química;1;Produção de substâncias e fabricação de produtos químicos;01/11/2004;;Alto;SAO FRANCISCO DO SUL;SANTA CATARINA;-26,293444;-48,631;Ativa;21/03/2026 20:28
43843358003538;AIR PRODUCTS BRASIL LTDA.;15;Indústria Química;1;Produção de substâncias e fabricação de produtos químicos;14/07/2015;;Alto;MORRO DA FUMACA;SANTA CATARINA;-28,639861;-49,339031;Ativa;21/03/2026 20:28
44170258000101;ELPI QUIMICA INDÚSTRIA E COMERCIO LTDA;15;Indústria Química;1;Produção de substâncias e fabricação de produtos químicos;20/12/2024;;Alto;GARUVA;SANTA CATARINA;-26,031667;-48,8375;Ativa;21/03/2026 20:28
44801377000115;POLIBLEND COMPOUND INDÚSTRIA E COMÉRCIO LTDA;15;Indústria Química;1;Produção de substâncias e fabricação de produtos químicos;22/04/2024;;Alto;JOINVILLE;SANTA CATARINA;-26,265556;-48,863611;Ativa;21/03/2026 20:28
48648869000920;DYSTAR IND. E COM. DE PRODUTOS QUÍMICOS LTDA.;15;Indústria Química;1;Produção de substâncias e fabricação de produtos químicos;08/12/2010;;Alto;APIUNA;SANTA CATARINA;-27,012258;-49,372831;Ativa;21/03/2026 20:28
48648869001145;DYSTAR INDUSTRIA E COMERCIO DE PRODUTOS QUIMICOS LTDA;15;Indústria Química;1;Produção de substâncias e fabricação de produtos químicos;07/05/2018;01/10/2019;Alto;NAVEGANTES;SANTA CATARINA;-26,856844;-48,696314;Ativa;21/03/2026 20:28
50184488000122;PAVI INDUSTRIA E COMERCIO DE PRODUTOS QUIMICOS LTDA;15;Indústria Química;1;Produção de substâncias e fabricação de produtos químicos;05/04/2024;;Alto;BLUMENAU;SANTA CATARINA;-26,864167;-49,152167;Ativa;21/03/2026 20:28
58547259000137;QUIMERA - INDUSTRIA E COMERCIO DE PRODUTOS QUIMICOS LTDA;15;Indústria Química;1;Produção de substâncias e fabricação de produtos químicos;23/12/2024;;Alto;ICARA;SANTA CATARINA;-28,759722;-49,288889;Ativa;21/03/2026 20:28
60619202002191;MESSER GASES LTDA;15;Indústria Química;1;Produção de substâncias e fabricação de produtos químicos;05/02/2007;;Alto;CHAPECO;SANTA CATARINA;-27,07225;-52,642639;Ativa;21/03/2026 20:28
60619202005107;MESSER GASES LTDA;15;Indústria Química;1;Produção de substâncias e fabricação de produtos químicos;01/01/2001;;Alto;BLUMENAU;SANTA CATARINA;-26,901806;-49,037056;Ativa;21/03/2026 20:28
73343659000114;DISAMTEX INDUSTRIA E COMERCIO LTDA;15;Indústria Química;1;Produção de substâncias e fabricação de produtos químicos;01/01/2001;;Alto;BLUMENAU;SANTA CATARINA;-26,808583;-49,108889;Ativa;21/03/2026 20:28
73702771000102;PRONUTRA DO BRASIL COM. E IND. LTDA;15;Indústria Química;1;Produção de substâncias e fabricação de produtos químicos;17/11/1993;;Alto;PALHOCA;SANTA CATARINA;-27,621972;-48,66225;Ativa;21/03/2026 20:28
73709958000987;AMBIENTALY INDUSTRIA E COMERCIO DE PRODUTOS QUÍMICOS LTDA;15;Indústria Química;1;Produção de substâncias e fabricação de produtos químicos;27/05/2020;;Alto;LAGES;SANTA CATARINA;-27,770556;-50,188889;Ativa;21/03/2026 20:28
74481011000410;IBG CRYO INDUSTRIA DE GASES LTDA;15;Indústria Química;1;Produção de substâncias e fabricação de produtos químicos;02/02/2017;;Alto;FORQUILHINHA;SANTA CATARINA;-28,736917;-49,450556;Ativa;21/03/2026 20:28
74481011000762;IBG CRYO INDUSTRIA DE GASES LTDA;15;Indústria Química;1;Produção de substâncias e fabricação de produtos químicos;11/11/2021;;Alto;BARRA VELHA;SANTA CATARINA;-26,630136;-48,708228;Ativa;21/03/2026 20:28
76551720000107;MACLER PRODUTOS QUÍMICOS LTDA;15;Indústria Química;1;Produção de substâncias e fabricação de produtos químicos;01/10/2020;;Alto;TIMBO;SANTA CATARINA;-26,846944;-49,268056;Ativa;21/03/2026 20:28
78175189000140;INDUSTRIA QUIMICA DIPIL LTDA;15;Indústria Química;1;Produção de substâncias e fabricação de produtos químicos;01/01/2001;;Alto;MASSARANDUBA;SANTA CATARINA;-26,583333;-48,984239;Ativa;21/03/2026 20:28
78668969000122;AVANEX INDUSTRIA E COMERCIO LTDA;15;Indústria Química;1;Produção de substâncias e fabricação de produtos químicos;24/09/2005;;Alto;PALMEIRA;SANTA CATARINA;-27,582778;-50,159417;Ativa;21/03/2026 20:28
78835956000109;BERNER INDÚSTRIA QUÍMICA LTDA;15;Indústria Química;1;Produção de substâncias e fabricação de produtos químicos;01/01/2001;;Alto;BLUMENAU;SANTA CATARINA;-26,900278;-49,076389;Ativa;21/03/2026 20:28
80135726000170;QUEVEKS DO BRASIL IND. COM. DE PRODUTOS QUÍMICOS LTDA;15;Indústria Química;1;Produção de substâncias e fabricação de produtos químicos;01/01/2001;07/02/2012;Alto;ARARANGUA;SANTA CATARINA;-28,941036;-49,475781;Ativa;21/03/2026 20:28
80415771000189;SANTHINNER INDUSTRIA COMERCIO E LOGISTICA LTDA;15;Indústria Química;1;Produção de substâncias e fabricação de produtos químicos;20/10/2010;;Alto;MORRO DA FUMACA;SANTA CATARINA;-28,637167;-49,190806;Ativa;21/03/2026 20:28
80696479000181;PROJESAN SANEAMENTO AMBIENTAL LTDA.;15;Indústria Química;1;Produção de substâncias e fabricação de produtos químicos;01/01/2001;;Alto;GASPAR;SANTA CATARINA;-26,890778;-49,0015;Ativa;21/03/2026 20:28
81027328000101;LIGA QUIMICA INDUSTRIAL LTDA;15;Indústria Química;1;Produção de substâncias e fabricação de produtos químicos;24/09/2018;;Alto;ARARANGUA;SANTA CATARINA;-29,018056;-49,584722;Ativa;21/03/2026 20:28
81362295000148;AROMA & MAGIA MANUFATURA DE PRODUTOS COSMECEUTICOS LTDA - EPP;15;Indústria Química;1;Produção de substâncias e fabricação de produtos químicos;04/02/2010;;Alto;ARAQUARI;SANTA CATARINA;-26,376694;-48,719722;Ativa;21/03/2026 20:28
81372070000172;ACQUAPLANT QUIMICA DO BRASIL LTDA;15;Indústria Química;1;Produção de substâncias e fabricação de produtos químicos;03/07/1989;;Alto;JOINVILLE;SANTA CATARINA;-26,348917;-48,858889;Ativa;21/03/2026 20:28
81632093001655;AGRICOPEL COMERCIO DE DERIVADOS DE PETRÓLEO LTDA;15;Indústria Química;1;Produção de substâncias e fabricação de produtos químicos;15/01/2025;;Alto;JARAGUA DO SUL;SANTA CATARINA;-26,578306;-49,139167;Ativa;21/03/2026 20:28
81781734000157;PROPEQ-PRODUTOS QUIMICOS LTDA;15;Indústria Química;1;Produção de substâncias e fabricação de produtos químicos;03/11/2005;;Alto;COCAL DO SUL;SANTA CATARINA;-28,618611;-49,339778;Ativa;21/03/2026 20:28
81871261000189;QUIMATRA INDUSTRIA E COMÉRCIO DE PRODUTOS QUIMICOS;15;Indústria Química;1;Produção de substâncias e fabricação de produtos químicos;10/06/1990;;Alto;SAO BENTO DO SUL;SANTA CATARINA;-26,195278;-49,403056;Ativa;21/03/2026 20:28
83137273000100;CACHOEIRA PRODUÇÃO E COMERCIO DE CARVAO LTDA;15;Indústria Química;1;Produção de substâncias e fabricação de produtos químicos;02/01/2007;30/06/2015;Alto;JOINVILLE;SANTA CATARINA;-26,290667;-49,87;Ativa;21/03/2026 20:28
83514216000100;BTA ADITIVOS LTDA;15;Indústria Química;1;Produção de substâncias e fabricação de produtos químicos;04/07/2011;;Alto;XANXERE;SANTA CATARINA;-26,878556;-52,353944;Ativa;21/03/2026 20:28
83951236000211;NS IMPORTAÇÃO E COMERCIO LTDA;15;Indústria Química;1;Produção de substâncias e fabricação de produtos químicos;21/01/1997;;Alto;BLUMENAU;SANTA CATARINA;-26,904167;-49,131917;Ativa;21/03/2026 20:28
84430149000109;DUAS RODAS INDUSTRIAL SA;15;Indústria Química;1;Produção de substâncias e fabricação de produtos químicos;01/01/2002;12/03/2002;Alto;JARAGUA DO SUL;SANTA CATARINA;-26,488056;-49,067028;Ativa;21/03/2026 20:28
84684471000822;BUSCHLE & LEPPER S/A;15;Indústria Química;1;Produção de substâncias e fabricação de produtos químicos;01/01/2001;;Alto;BALNEARIO BARRA DO SUL;SANTA CATARINA;-26,420806;-48,623306;Ativa;21/03/2026 20:28
84684471001128;BUSCHLE & LEPPER S.A.;15;Indústria Química;1;Produção de substâncias e fabricação de produtos químicos;01/01/2015;;Alto;JOINVILLE;SANTA CATARINA;-26,306667;-48,835806;Ativa;21/03/2026 20:28
84689090000240;INCASA S.A.;15;Indústria Química;1;Produção de substâncias e fabricação de produtos químicos;01/01/2001;;Alto;JOINVILLE;SANTA CATARINA;-26,227806;-48,900306;Ativa;21/03/2026 20:28
84704683000158;QUIMIDROL COMERCIO INDUSTRIA IMPORTAÇÃO LTDA;15;Indústria Química;1;Produção de substâncias e fabricação de produtos químicos;01/01/2001;;Alto;JOINVILLE;SANTA CATARINA;-26,253333;-48,892247;Ativa;21/03/2026 20:28
85201143000114;WECO DO BRASIL QUÍMICA LTDA;15;Indústria Química;1;Produção de substâncias e fabricação de produtos químicos;01/01/2001;;Alto;BLUMENAU;SANTA CATARINA;-26,919417;-49,066083;Ativa;21/03/2026 20:28
85319317000148;FERTILIZANTES SANTA CATARINA LTDA;15;Indústria Química;1;Produção de substâncias e fabricação de produtos químicos;01/01/2003;;Alto;IMBITUBA;SANTA CATARINA;-28,232778;-48,655556;Ativa;21/03/2026 20:28
85342780000100;COLOR QUIMICA DO BRASIL IMPORTAÇÃO E EXPORTAÇÃO S.A;15;Indústria Química;1;Produção de substâncias e fabricação de produtos químicos;01/01/2001;;Alto;GASPAR;SANTA CATARINA;-26,873056;-49,025833;Ativa;21/03/2026 20:28
90528530000108;HARD POLIMEROS PARA INDUSTRIA LTDA;15;Indústria Química;1;Produção de substâncias e fabricação de produtos químicos;01/09/2005;20/06/2016;Alto;JOINVILLE;SANTA CATARINA;-26,255308;-48,8847;Ativa;21/03/2026 20:28
90810706002589;FERTIPAR FERTILIZANTES DO PARANA LTDA;15;Indústria Química;1;Produção de substâncias e fabricação de produtos químicos;17/01/2011;12/11/2020;Alto;MAFRA;SANTA CATARINA;-26,120278;-49,804;Ativa;21/03/2026 20:28
95778668000170;RECICLO QUIMICA LTDA.;15;Indústria Química;1;Produção de substâncias e fabricação de produtos químicos;01/06/1993;;Alto;MORRO DA FUMACA;SANTA CATARINA;-28,682556;-49,209056;Ativa;21/03/2026 20:28
1590948000107;SERGIPE QUIMICA E SERVIÇOS LTDA;15;Indústria Química;1;Produção de substâncias e fabricação de produtos químicos;17/12/1996;;Alto;ARACAJU;SERGIPE;-10,955181;-37,0689;Ativa;21/03/2026 20:28
24380578004176;WHITE MARTINS GASES INDUSTRIAIS DO NORDESTE LTDA;15;Indústria Química;1;Produção de substâncias e fabricação de produtos químicos;01/01/2001;;Alto;LARANJEIRAS;SERGIPE;-10,777167;-37,142167;Ativa;21/03/2026 20:28
33000167112333;FAFEN-SE/PETROBRAS;15;Indústria Química;1;Produção de substâncias e fabricação de produtos químicos;10/09/2025;;Alto;LARANJEIRAS;SERGIPE;-10,766667;-37,133417;Ativa;21/03/2026 20:28
2263000130;BIOCLORO INDUSTRIA E COMERCIO LTDA-ME.;15;Indústria Química;1;Produção de substâncias e fabricação de produtos químicos;01/04/2002;;Alto;MORUNGABA;SAO PAULO;-22,88;-46,791667;Ativa;21/03/2026 20:28
3516000190;MC BAUCHEMIE BRASIL INDÚSTRIA E COMÉRCIO LTDA.;15;Indústria Química;1;Produção de substâncias e fabricação de produtos químicos;01/01/2002;;Alto;VARGEM GRANDE PAULISTA;SAO PAULO;-23,649417;-46,993306;Ativa;21/03/2026 20:28
4938000180;CQN COLINA QUIMICA NACIONAL LTDA;15;Indústria Química;1;Produção de substâncias e fabricação de produtos químicos;01/07/2002;;Alto;PIRACICABA;SAO PAULO;-22,707789;-47,650453;Ativa;21/03/2026 20:28
6027000191;SERQUIMICA IND., COM., IMP. E EXP. DE PROD QUI LTDA;15;Indústria Química;1;Produção de substâncias e fabricação de produtos químicos;02/05/1994;;Alto;SERTAOZINHO;SAO PAULO;-21,134417;-48,018306;Ativa;21/03/2026 20:28
12847000196;TRANSCOR IND PIG.E CORANTES LTDA;15;Indústria Química;1;Produção de substâncias e fabricação de produtos químicos;01/01/2001;;Alto;SAO BERNARDO DO CAMPO;SAO PAULO;-23,720544;-46,595186;Ativa;21/03/2026 20:28
14393000192;TECHMETAL INDUSTRIA, COMERCIO, IMPORTACAO E EXPORTACAO DE PRODUTOS QUIMICOS LTDA;15;Indústria Química;1;Produção de substâncias e fabricação de produtos químicos;01/01/2001;;Alto;SAO PAULO;SAO PAULO;-23,5475;-46,636056;Ativa;21/03/2026 20:28
17952000118;MOLYGRAFIT INDÚSTRIA E COMÉRCIO LTDA;15;Indústria Química;1;Produção de substâncias e fabricação de produtos químicos;01/01/2001;;Alto;DIADEMA;SAO PAULO;-23,719972;-46,625972;Ativa;21/03/2026 20:28
166364000146;DESTAQUE PRODUTOS QUIMICOS EIRELI ME;15;Indústria Química;1;Produção de substâncias e fabricação de produtos químicos;14/11/2017;;Alto;BOITUVA;SAO PAULO;-23,306944;-47,712222;Ativa;21/03/2026 20:28
191202000168;FERTIBOM INDÚSTRIAS LTDA;15;Indústria Química;1;Produção de substâncias e fabricação de produtos químicos;05/01/2015;;Alto;CATANDUVA;SAO PAULO;-21,109222;-48,964472;Ativa;21/03/2026 20:28
216766000108;HTS LUBRIFICANTES DO BRASIL LTDA;15;Indústria Química;1;Produção de substâncias e fabricação de produtos químicos;01/01/2001;;Alto;COTIA;SAO PAULO;-23,594556;-46,886889;Ativa;21/03/2026 20:28
245992000117;CADIUM COMERCIO IMPORTACAO E EXPORTACAO LTDA;15;Indústria Química;1;Produção de substâncias e fabricação de produtos químicos;13/10/1994;;Alto;DIADEMA;SAO PAULO;-23,676028;-46,620917;Ativa;21/03/2026 20:28
248414000304;G. C. INDUSTRIAL, IMPORTADORA E EXPORTADORA DE LUBRIFICANTES LTDA;15;Indústria Química;1;Produção de substâncias e fabricação de produtos químicos;25/05/2022;;Alto;RIBEIRAO PRETO;SAO PAULO;-21,096528;-47,799278;Ativa;21/03/2026 20:28
305613000137;FRIGELAV DISTR E COM DE PÇS ELETRO LTDA ME;15;Indústria Química;1;Produção de substâncias e fabricação de produtos químicos;01/07/2004;10/06/2005;Alto;PIRACICABA;SAO PAULO;-22,755917;-47,647667;Ativa;21/03/2026 20:28
310651000188;ROHM AND HAAS QUIMICA LTDA;15;Indústria Química;1;Produção de substâncias e fabricação de produtos químicos;21/11/1994;;Alto;SAO PAULO;SAO PAULO;-23,624694;-46,703583;Ativa;21/03/2026 20:28
310651000340;ROHM AND HAAS QUIMICA LTDA;15;Indústria Química;1;Produção de substâncias e fabricação de produtos químicos;01/01/2001;;Alto;JACAREI;SAO PAULO;-23,279806;-45,977528;Ativa;21/03/2026 20:28
322352000163;DPC BRASIL INDUSTRIA E COMÉRCIO LTDA - EPP;15;Indústria Química;1;Produção de substâncias e fabricação de produtos químicos;06/04/2021;;Alto;FRANCO DA ROCHA;SAO PAULO;-23,295833;-46,756389;Ativa;21/03/2026 20:28
327149000180;NEON COMERCIAL REAGENTES ANALITICOS LTDA.;15;Indústria Química;1;Produção de substâncias e fabricação de produtos químicos;16/08/2010;30/05/2018;Alto;SUZANO;SAO PAULO;-23,5815;-46,299417;Ativa;21/03/2026 20:28
331788000380;AIR LIQUIDE BRASIL LTDA;15;Indústria Química;1;Produção de substâncias e fabricação de produtos químicos;01/01/2001;;Alto;SUZANO;SAO PAULO;-23,534417;-46,2875;Ativa;21/03/2026 20:28
331788000704;AIR LIQUIDE BRASIL LTDA;15;Indústria Química;1;Produção de substâncias e fabricação de produtos químicos;01/01/2002;;Alto;JUNDIAI;SAO PAULO;-23,173417;-46,950639;Ativa;21/03/2026 20:28
331788001271;AIR LIQUIDE BRASIL LTDA;15;Indústria Química;1;Produção de substâncias e fabricação de produtos químicos;01/10/2003;;Alto;SERTAOZINHO;SAO PAULO;-21,156167;-47,988278;Ativa;21/03/2026 20:28
331788001603;AIR LIQUIDE BRASIL LTDA;15;Indústria Química;1;Produção de substâncias e fabricação de produtos químicos;01/07/2003;;Alto;CAMPINAS;SAO PAULO;-22,927778;-47,037778;Ativa;21/03/2026 20:28
331788001786;AIR LIQUIDE BRASIL LTDA;15;Indústria Química;1;Produção de substâncias e fabricação de produtos químicos;01/10/2003;;Alto;PAULINIA;SAO PAULO;-22,755556;-47,106944;Ativa;21/03/2026 20:28
331788001867;AIR LIQUIDE BRASIL LTDA;15;Indústria Química;1;Produção de substâncias e fabricação de produtos químicos;01/10/2003;;Alto;PAULINIA;SAO PAULO;-22,761944;-47,113611;Ativa;21/03/2026 20:28
331788001948;AIR LIQUIDE BRASIL LTDA;15;Indústria Química;1;Produção de substâncias e fabricação de produtos químicos;20/07/1966;;Alto;GUARULHOS;SAO PAULO;-23,471083;-46,465667;Ativa;21/03/2026 20:28
331788002243;AIR LIQUIDE BRASIL LTDA;15;Indústria Química;1;Produção de substâncias e fabricação de produtos químicos;01/07/2003;;Alto;SAO JOSE DOS CAMPOS;SAO PAULO;-23,140333;-45,878889;Ativa;21/03/2026 20:28
331788002324;AIR LIQUIDE BRASIL LTDA;15;Indústria Química;1;Produção de substâncias e fabricação de produtos químicos;01/07/2003;;Alto;SAO PAULO;SAO PAULO;-23,600781;-46,584456;Ativa;21/03/2026 20:28
331788004297;AIR LIQUIDE BRASIL LTDA;15;Indústria Química;1;Produção de substâncias e fabricação de produtos químicos;07/11/2007;;Alto;SANTO ANDRE;SAO PAULO;-23,769444;-46,379722;Ativa;21/03/2026 20:28
331788004882;AIR LIQUIDE BRASIL LTDA;15;Indústria Química;1;Produção de substâncias e fabricação de produtos químicos;13/07/2010;;Alto;SANTO ANDRE;SAO PAULO;-23,653556;-46,527139;Ativa;21/03/2026 20:28
331788004963;AIR LIQUIDE BRASIL LTDA;15;Indústria Química;1;Produção de substâncias e fabricação de produtos químicos;16/04/2008;;Alto;SAO JOSE DOS CAMPOS;SAO PAULO;-23,237;-45,93875;Ativa;21/03/2026 20:28
331788005692;AIR LIQUIDE BRASIL LTDA;15;Indústria Química;1;Produção de substâncias e fabricação de produtos químicos;12/09/2012;;Alto;CUBATAO;SAO PAULO;-23,831917;-46,369417;Ativa;21/03/2026 20:28
331788006150;AIR LIQUIDE BRASIL LTDA;15;Indústria Química;1;Produção de substâncias e fabricação de produtos químicos;09/12/2012;;Alto;SAO JOSE DO RIO PRETO;SAO PAULO;-20,735556;-49,328583;Ativa;21/03/2026 20:28
331788006230;AIR LIQUIDE BRASIL LTDA;15;Indústria Química;1;Produção de substâncias e fabricação de produtos químicos;19/12/2012;;Alto;BAURU;SAO PAULO;-22,339889;-49,086889;Ativa;21/03/2026 20:28
372496000124;CENTRAL ENERGÉTICA VALE DO SAPUCAÍ LTDA.;15;Indústria Química;1;Produção de substâncias e fabricação de produtos químicos;20/11/2010;;Alto;PATROCINIO PAULISTA;SAO PAULO;-20,752167;-47,433306;Ativa;21/03/2026 20:28
444232000309;IMBEL - FÁBRICA PRESIDENTE VARGAS;15;Indústria Química;1;Produção de substâncias e fabricação de produtos químicos;01/01/2001;;Alto;PIQUETE;SAO PAULO;-22,614722;-45,205;Ativa;21/03/2026 20:28
510873000144;EMERSON QUÍMICA LTDA-EPP;15;Indústria Química;1;Produção de substâncias e fabricação de produtos químicos;01/05/2009;;Alto;GUARULHOS;SAO PAULO;-23,462778;-46,533333;Ativa;21/03/2026 20:28
519134000113;MARCELU´S INDUSTRIA E COMERCIO COSMETICOS LTDA;15;Indústria Química;1;Produção de substâncias e fabricação de produtos químicos;01/01/2001;;Alto;SAO PAULO;SAO PAULO;-23,512439;-46,4933;Ativa;21/03/2026 20:28
536772003249;ECOLAB QUIMICA LTDA;15;Indústria Química;1;Produção de substâncias e fabricação de produtos químicos;02/07/2012;;Alto;SUZANO;SAO PAULO;-23,612778;-46,314167;Ativa;21/03/2026 20:28
541539000158;RESIZAM INDUSTRIA DE TINTAS LTDA;15;Indústria Química;1;Produção de substâncias e fabricação de produtos químicos;27/06/2011;;Alto;GUARULHOS;SAO PAULO;-23,463556;-46,533556;Ativa;21/03/2026 20:28
548973000160;VELA ESTRELAR LTDA;15;Indústria Química;1;Produção de substâncias e fabricação de produtos químicos;10/05/1996;;Alto;CAJAMAR;SAO PAULO;-23,413878;-46,846381;Ativa;21/03/2026 20:28
579106000191;CAMPINUS DO MONTE ALEGRE INDUSTRIAL LTDA;15;Indústria Química;1;Produção de substâncias e fabricação de produtos químicos;24/04/1995;;Alto;CAMPINA DO MONTE ALEGRE;SAO PAULO;-23,589853;-48,476528;Ativa;21/03/2026 20:28
591598000211;HALLSTAR BRASIL INDUSTRIA E COMERCIO LTDA.;15;Indústria Química;1;Produção de substâncias e fabricação de produtos químicos;01/07/2015;;Alto;SANTO ANTONIO DE POSSE;SAO PAULO;-22,606056;-46,919417;Ativa;21/03/2026 20:28
623909000104;MASTERTREAT PRODUTOS QUIMICOS LTDA;15;Indústria Química;1;Produção de substâncias e fabricação de produtos químicos;01/04/2014;;Alto;SAO PAULO;SAO PAULO;-23,627194;-46,643889;Ativa;21/03/2026 20:28
627303000309;QUARKS COMERCIAL IMPORTADORA LTDA;15;Indústria Química;1;Produção de substâncias e fabricação de produtos químicos;10/11/2011;;Alto;SAO PAULO;SAO PAULO;-23,6;-46,588014;Ativa;21/03/2026 20:28
644000000124;CCI QUIMICA IMPORTAÇÃO, EXPORTAÇÃO E REPRESENTAÇÕES LTDA.;15;Indústria Química;1;Produção de substâncias e fabricação de produtos químicos;01/05/1999;;Alto;SAO PAULO;SAO PAULO;-23,646389;-46,718056;Ativa;21/03/2026 20:28
645494000161;WEKMAG BENEFICIADORA DE PRODUTOS QUIMICOS LTDA;15;Indústria Química;1;Produção de substâncias e fabricação de produtos químicos;18/05/2010;;Alto;GUARULHOS;SAO PAULO;-23,464667;-46,479417;Ativa;21/03/2026 20:28
674649000198;JAND QUIMICA IND. E COM. DE PRODUTOS QUIMICOS LTDA;15;Indústria Química;1;Produção de substâncias e fabricação de produtos químicos;26/06/1995;;Alto;JANDIRA;SAO PAULO;-23,520025;-46,924519;Ativa;21/03/2026 20:28
738437000127;CDB IND E COM DE PRODUTOS QUIMICOS LTDA;15;Indústria Química;1;Produção de substâncias e fabricação de produtos químicos;28/07/1995;;Alto;DIADEMA;SAO PAULO;-23,691111;-46,611667;Ativa;21/03/2026 20:28
757805000184;ACQUASOFT TECNOLOGIAS E SOLUÇÕES EM TRATAMENTO DE ÁGUA LTDA;15;Indústria Química;1;Produção de substâncias e fabricação de produtos químicos;10/08/1995;;Alto;HORTOLANDIA;SAO PAULO;-22,908639;-47,20875;Ativa;21/03/2026 20:28
783239000185;SANRISIL S/A INDÚSTRIA E COMÉRCIO;15;Indústria Química;1;Produção de substâncias e fabricação de produtos químicos;05/03/2001;22/11/2023;Alto;ITAQUAQUECETUBA;SAO PAULO;-23,468772;-46,341931;Ativa;21/03/2026 20:28
877486000140;NATALY COMÉRCIO DE GELO SECO LTDA;15;Indústria Química;1;Produção de substâncias e fabricação de produtos químicos;23/10/1995;23/10/1995;Alto;SAO PAULO;SAO PAULO;-23,5475;-46,636111;Ativa;21/03/2026 20:28
912027000150;ITUPEVA INDUSTRIA DE PRODUTOS QUIMICOS LTDA;15;Indústria Química;1;Produção de substâncias e fabricação de produtos químicos;10/01/2022;;Alto;ITUPEVA;SAO PAULO;-23,135278;-47,078889;Ativa;21/03/2026 20:28
934286000182;SNF BRASIL COMERCIAL QUIMICA LTDA;15;Indústria Química;1;Produção de substâncias e fabricação de produtos químicos;01/01/2001;;Alto;GUARULHOS;SAO PAULO;-23,455556;-46,513306;Ativa;21/03/2026 20:28
936935000184;QUIMIART INDUSTRIA, COMERCIO, IMPORTAÇÃO E EXPORTAÇÃO DE PRODUTOS QUIMICOS EIRELI;15;Indústria Química;1;Produção de substâncias e fabricação de produtos químicos;12/08/2010;;Alto;IBIUNA;SAO PAULO;-23,656944;-47,225833;Ativa;21/03/2026 20:28
980360000288;ECO3 DO BRASIL LTDA;15;Indústria Química;1;Produção de substâncias e fabricação de produtos químicos;01/01/2001;;Alto;SUZANO;SAO PAULO;-23,543306;-46,285806;Ativa;21/03/2026 20:28
981451000157;GCP BRASIL INDUSTRIA E COMERCIO DE PRODUTOS QUIMICOS;15;Indústria Química;1;Produção de substâncias e fabricação de produtos químicos;01/07/2002;;Alto;SOROCABA;SAO PAULO;-23,399778;-47,376056;Ativa;21/03/2026 20:28
997332000192;FAV 105 FRAGRANCES LTDA.;15;Indústria Química;1;Produção de substâncias e fabricação de produtos químicos;23/08/2018;;Alto;DIADEMA;SAO PAULO;-23,673461;-46,619742;Ativa;21/03/2026 20:28
999042000773;QUAKER CHEMICAL INDUSTRIA E COMERCIO LTDA;15;Indústria Química;1;Produção de substâncias e fabricação de produtos químicos;01/02/2020;;Alto;MAUA;SAO PAULO;-23,656389;-46,494444;Ativa;21/03/2026 20:28
1002364000173;AEROLUB INDUSTRIA E COMERCIO DE AEROSOIS LTDA;15;Indústria Química;1;Produção de substâncias e fabricação de produtos químicos;01/08/2011;;Alto;GUARULHOS;SAO PAULO;-23,477167;-46,556944;Ativa;21/03/2026 20:28
1026895000104;DAG QUÍMICA INDUSTRIA COMÉRCIO E REPRESENTAÇÕES LTDA;15;Indústria Química;1;Produção de substâncias e fabricação de produtos químicos;01/01/2001;;Alto;SUZANO;SAO PAULO;-23,584556;-46,310389;Ativa;21/03/2026 20:28
1026917000128;CHEMICAL BRASILEIRA MODERNA LTDA.;15;Indústria Química;1;Produção de substâncias e fabricação de produtos químicos;23/01/1996;17/09/2007;Alto;ARARAQUARA;SAO PAULO;-21,833306;-48,152111;Ativa;21/03/2026 20:28
1047581000180;PMAN SERVIÇOS REPRESENTAÇÕES COMÉRCIO E INDÚSTRIA LTDA;15;Indústria Química;1;Produção de substâncias e fabricação de produtos químicos;01/01/2021;;Alto;GUARULHOS;SAO PAULO;-23,476667;-46,524417;Ativa;21/03/2026 20:28
1070576000198;MARCELO MOREIRA LICIO -ME;15;Indústria Química;1;Produção de substâncias e fabricação de produtos químicos;20/09/2018;;Alto;SAO PAULO;SAO PAULO;-23,5475;-46,636111;Ativa;21/03/2026 20:28
1124851000702;METALLOYS & CHEMICALS LTDA;15;Indústria Química;1;Produção de substâncias e fabricação de produtos químicos;01/01/2012;;Alto;MOGI GUACU;SAO PAULO;-22,309694;-46,970806;Ativa;21/03/2026 20:28
1133298000170;ALCOLINA QUIMICA E DERIVADOS S.A.;15;Indústria Química;1;Produção de substâncias e fabricação de produtos químicos;11/03/1996;;Alto;CRAVINHOS;SAO PAULO;-21,41725;-47,688889;Ativa;21/03/2026 20:28
1140700000144;PROLINK INDÚSTRIA QUÍMICA LTDA.;15;Indústria Química;1;Produção de substâncias e fabricação de produtos químicos;01/01/2001;;Alto;GUAPIACU;SAO PAULO;-20,772667;-49,220306;Ativa;21/03/2026 20:28
1142107000137;AQIA QUIMICA INOVATIVA LTDA;15;Indústria Química;1;Produção de substâncias e fabricação de produtos químicos;01/01/2001;;Alto;GUARULHOS;SAO PAULO;-23,417778;-46,399417;Ativa;21/03/2026 20:28
1149282000156;UNION AGRO LTDA;15;Indústria Química;1;Produção de substâncias e fabricação de produtos químicos;01/01/2001;28/02/2024;Alto;PEDERNEIRAS;SAO PAULO;-22,334667;-48,768056;Ativa;21/03/2026 20:28
1167693000174;NOVOIL PROTETIVOS E AMACIANTES LTDA;15;Indústria Química;1;Produção de substâncias e fabricação de produtos químicos;03/02/2016;;Alto;PIRACICABA;SAO PAULO;-22,725278;-47,649167;Ativa;21/03/2026 20:28
1197462000103;R3 QUÍMICA LTDA;15;Indústria Química;1;Produção de substâncias e fabricação de produtos químicos;22/10/2014;;Alto;VARGEM GRANDE PAULISTA;SAO PAULO;-23,601917;-47,010278;Ativa;21/03/2026 20:28
1221461000157;TQA INDÚSTRIA E COMÉRCIO LTDA - EPP;15;Indústria Química;1;Produção de substâncias e fabricação de produtos químicos;01/01/2001;;Alto;BRAGANCA PAULISTA;SAO PAULO;-22,897778;-46,598889;Ativa;21/03/2026 20:28
1236358000180;SICAR INDUSTRIA E COMERCIO DE PRODUTOS PARA PISCINAS LTDA;15;Indústria Química;1;Produção de substâncias e fabricação de produtos químicos;01/07/2002;;Alto;JARDINOPOLIS;SAO PAULO;-21,016667;-47,8;Ativa;21/03/2026 20:28
1245930000500;EUROAMERICAN DO BRASIL IMPORTAÇÃO INDUSTRIA E COMERCIO LTDA;15;Indústria Química;1;Produção de substâncias e fabricação de produtos químicos;12/08/2019;;Alto;JANDIRA;SAO PAULO;-23,525806;-46,900278;Ativa;21/03/2026 20:28
1272356000147;QGP QUÍMICA GERAL LTDA;15;Indústria Química;1;Produção de substâncias e fabricação de produtos químicos;01/01/2001;;Alto;LARANJAL PAULISTA;SAO PAULO;-22,998306;-47,839417;Ativa;21/03/2026 20:28
1299649000118;CHEMITEC AGRO-VETERINÁRIA LTDA;15;Indústria Química;1;Produção de substâncias e fabricação de produtos químicos;03/07/1996;;Alto;SAO PAULO;SAO PAULO;-23,582167;-46,597861;Ativa;21/03/2026 20:28
1320711000106;CHEMIPOL PIGMENTOS E CORANTES LTDA;15;Indústria Química;1;Produção de substâncias e fabricação de produtos químicos;01/01/2001;;Alto;ITAQUAQUECETUBA;SAO PAULO;-23,441917;-46,336611;Ativa;21/03/2026 20:28
1337758000182;RUBBERFRAN COM. IND. IMPORTAÇAO E EXPORTAÇAO DE PROD QUIMICOS LTDA ME;15;Indústria Química;1;Produção de substâncias e fabricação de produtos químicos;03/11/2005;;Alto;FRANCA;SAO PAULO;-20,547028;-47,429094;Ativa;21/03/2026 20:28
1351596000137;DOHLER BRAZIL LTDA;15;Indústria Química;1;Produção de substâncias e fabricação de produtos químicos;17/03/2023;;Alto;LIMEIRA;SAO PAULO;-22,540806;-47,380056;Ativa;21/03/2026 20:28
1359916000448;CHEMETALL DO BRASIL LTDA;15;Indústria Química;1;Produção de substâncias e fabricação de produtos químicos;17/08/2010;;Alto;JUNDIAI;SAO PAULO;-23,188889;-46,976944;Ativa;21/03/2026 20:28
1370252000175;WALTER INDUSTRIA E COMERCIO LTDA.;15;Indústria Química;1;Produção de substâncias e fabricação de produtos químicos;19/12/2001;;Alto;COTIA;SAO PAULO;-23,619639;-46,888306;Ativa;21/03/2026 20:28
1380464000133;HANIER ESPECIALIDADES QUIMICAS LTDA;15;Indústria Química;1;Produção de substâncias e fabricação de produtos químicos;07/07/2010;;Alto;NOVA ODESSA;SAO PAULO;-22,7775;-47,295806;Ativa;21/03/2026 20:28
1383712000108;G L G A - PRODUTOS E SERVICOS PARA GALVANOPLASTIA LTDA;15;Indústria Química;1;Produção de substâncias e fabricação de produtos químicos;01/01/2002;;Alto;LIMEIRA;SAO PAULO;-22,565;-47,407167;Ativa;21/03/2026 20:28
1388053000194;FLUIR LUB COMERCIAL LTDA;15;Indústria Química;1;Produção de substâncias e fabricação de produtos químicos;01/01/2016;;Alto;BARUERI;SAO PAULO;-23,493333;-46,895556;Ativa;21/03/2026 20:28
1393316000153;TECNA INDUSTRIA, COMERCIO E SERVIÇOS LTDA;15;Indústria Química;1;Produção de substâncias e fabricação de produtos químicos;01/08/1996;;Alto;HORTOLANDIA;SAO PAULO;-22,908056;-47,209694;Ativa;21/03/2026 20:28
1437603000118;GALTRON QUIMICA INDUSTRIA E COMERCIO LTDA;15;Indústria Química;1;Produção de substâncias e fabricação de produtos químicos;01/01/2001;;Alto;CAMPINAS;SAO PAULO;-22,905556;-47,060806;Ativa;21/03/2026 20:28
1525162000378;VIBRANTZ MATERIAIS E CORES LTDA;15;Indústria Química;1;Produção de substâncias e fabricação de produtos químicos;01/01/2023;;Alto;AMERICANA;SAO PAULO;-22,6975;-47,360278;Ativa;21/03/2026 20:28
1560653000198;MULTI-GLUE SERRANO INDUSTRIA E COM DE COLAS LTDA;15;Indústria Química;1;Produção de substâncias e fabricação de produtos químicos;29/11/1996;;Alto;JUNDIAI;SAO PAULO;-23,146306;-46,929194;Ativa;21/03/2026 20:28
1584385000144;POLI RESINAS INDÚSTRIA E COMÉRCIO DE RESINAS LTDA;15;Indústria Química;1;Produção de substâncias e fabricação de produtos químicos;01/09/2011;;Alto;MOJI MIRIM;SAO PAULO;-22,446667;-46,966111;Ativa;21/03/2026 20:28
1593699000103;SOCER RB INDUSTRIA E COMERCIO LTDA;15;Indústria Química;1;Produção de substâncias e fabricação de produtos químicos;08/01/1997;07/06/2024;Alto;SALTO;SAO PAULO;-23,197167;-47,263306;Ativa;21/03/2026 20:28
1593699000537;SOCER RB INDÚSTRIA E COMÉRCIO LTDA;15;Indústria Química;1;Produção de substâncias e fabricação de produtos químicos;13/02/2017;07/06/2024;Alto;MANDURI;SAO PAULO;-23,044278;-49,257278;Ativa;21/03/2026 20:28
1593699000707;SOCER RB INDUSTRIA E COMERCIO LTDA;15;Indústria Química;1;Produção de substâncias e fabricação de produtos químicos;17/04/2018;03/03/2026;Alto;ITAPETININGA;SAO PAULO;-23,592639;-48,080778;Ativa;21/03/2026 20:28
1597958000174;TARGET INDUSTRIA QUIMICA LTDA;15;Indústria Química;1;Produção de substâncias e fabricação de produtos químicos;06/12/2010;;Alto;SAO PAULO;SAO PAULO;-23,597083;-46,584083;Ativa;21/03/2026 20:28
1615814002813;UNILEVER BRASIL INDUSTRIAL LTDA;15;Indústria Química;1;Produção de substâncias e fabricação de produtos químicos;10/04/2000;;Alto;INDAIATUBA;SAO PAULO;-23,113583;-47,212194;Ativa;21/03/2026 20:28
1631626000169;SUN CHEMICAL DO BRASIL LTDA;15;Indústria Química;1;Produção de substâncias e fabricação de produtos químicos;15/12/2019;;Alto;GUARULHOS;SAO PAULO;-23,464139;-46,477278;Ativa;21/03/2026 20:28
1651189000145;PASSADORI TRANSPORTES LTDA ME;15;Indústria Química;1;Produção de substâncias e fabricação de produtos químicos;01/04/2003;07/05/2007;Alto;JAU;SAO PAULO;-22,275667;-48,561194;Ativa;21/03/2026 20:28
1678475000102;ETHANOL QUIMICOS BRASIL EIRELI;15;Indústria Química;1;Produção de substâncias e fabricação de produtos químicos;01/06/2016;;Alto;JARDINOPOLIS;SAO PAULO;-21,044417;-47,826917;Ativa;21/03/2026 20:28
1722256000175;UNIVAR SOLUTIONS BRASIL LTDA;15;Indústria Química;1;Produção de substâncias e fabricação de produtos químicos;26/02/2013;;Alto;OSASCO;SAO PAULO;-23,487444;-46,779194;Ativa;21/03/2026 20:28
1759236000179;HORIBA INSTRUMENTS BRASIL LTDA;15;Indústria Química;1;Produção de substâncias e fabricação de produtos químicos;01/01/2001;;Alto;JUNDIAI;SAO PAULO;-23,183917;-46,897917;Ativa;21/03/2026 20:28
1808103000226;TICONA POLYMERS LTDA;15;Indústria Química;1;Produção de substâncias e fabricação de produtos químicos;01/01/2001;22/01/2021;Alto;SUZANO;SAO PAULO;-23,522778;-46,293306;Ativa;21/03/2026 20:28
1814778000105;COMPFERTIL INDUSTRIA E COMERCIO DE COMPOSTO ORGÂNICO LTDA;15;Indústria Química;1;Produção de substâncias e fabricação de produtos químicos;01/01/2001;02/04/2014;Alto;PIRACICABA;SAO PAULO;-22,683556;-47,653556;Ativa;21/03/2026 20:28
1815686000131;BIOCHEMICAL PRODUTOS QUIMICOS LTDA;15;Indústria Química;1;Produção de substâncias e fabricação de produtos químicos;01/10/2003;;Alto;SUMARE;SAO PAULO;-22,821917;-47,266917;Ativa;21/03/2026 20:28
1824763000209;PQ SILICAS BRAZIL LTDA;15;Indústria Química;1;Produção de substâncias e fabricação de produtos químicos;01/01/2001;;Alto;RIO CLARO;SAO PAULO;-22,419278;-47,550056;Ativa;21/03/2026 20:28
1824763000381;PQ SILICAS BRAZIL LTDA;15;Indústria Química;1;Produção de substâncias e fabricação de produtos químicos;01/01/2001;;Alto;SAO PAULO;SAO PAULO;-23,469278;-46,575139;Ativa;21/03/2026 20:28
1834157000185;TANATUS INDÚSTRIA E COMÉRCIO LTDA EPP;15;Indústria Química;1;Produção de substâncias e fabricação de produtos químicos;28/04/1997;;Alto;BOTUCATU;SAO PAULO;-22,900833;-48,451667;Ativa;21/03/2026 20:28
1841604000123;BIO CONTROLE - MÉTODOS DE CONTROLE DE PRAGAS LTDA.;15;Indústria Química;1;Produção de substâncias e fabricação de produtos químicos;14/09/2011;;Alto;INDAIATUBA;SAO PAULO;-23,140833;-47,236944;Ativa;21/03/2026 20:28
1860614000106;LAPIENDRIUS INDUSTRIA E COMERCIO LTDA;15;Indústria Química;1;Produção de substâncias e fabricação de produtos químicos;09/08/2011;;Alto;ITAQUAQUECETUBA;SAO PAULO;-23,438389;-46,341028;Ativa;21/03/2026 20:28
1868797000106;KALIPEA INDUSTRIA E COMERCIO IIMP E EXP. LTDA;15;Indústria Química;1;Produção de substâncias e fabricação de produtos químicos;02/01/2013;;Alto;GUARULHOS;SAO PAULO;-23,458083;-46,475;Ativa;21/03/2026 20:28
1874108000176;QUALISOL INDUSTRIA E COMERCIO DE PRODUTOS QUIMICOS LIMITADA;15;Indústria Química;1;Produção de substâncias e fabricação de produtos químicos;27/10/2005;;Alto;SAO JOSE DO RIO PRETO;SAO PAULO;-20,730806;-49,339417;Ativa;21/03/2026 20:28
1898598000493;STEPAN QUIMICA LTDA.;15;Indústria Química;1;Produção de substâncias e fabricação de produtos químicos;21/11/2019;;Alto;SALTO;SAO PAULO;-23,179417;-47,2825;Ativa;21/03/2026 20:28
1927842000156;DURIPLAST REVESTIMENTO INDUSTRIA E COMERCIO EIRELI;15;Indústria Química;1;Produção de substâncias e fabricação de produtos químicos;24/06/1997;;Alto;SAO PAULO;SAO PAULO;-23,548889;-46,638889;Ativa;21/03/2026 20:28
2071071000100;TRISPRAY AEROSSOIS TECNICOS LTDA;15;Indústria Química;1;Produção de substâncias e fabricação de produtos químicos;07/10/2005;;Alto;VARGEM GRANDE PAULISTA;SAO PAULO;-23,616917;-47,045;Ativa;21/03/2026 20:28
2074259000102;SENSIENT COSMETIC TECHNOLOGIES E CORANTES, IMPORTACAO E EXPORTACAO DO BRASIL LTDA.;15;Indústria Química;1;Produção de substâncias e fabricação de produtos químicos;29/10/2014;;Alto;SANTANA DE PARNAIBA;SAO PAULO;-23,444167;-46,917778;Ativa;21/03/2026 20:28
2112616000180;ULTRABOR INDUSTRIA E COMERCIO LTDA;15;Indústria Química;1;Produção de substâncias e fabricação de produtos químicos;25/08/1997;17/10/2019;Alto;SANTO ANDRE;SAO PAULO;-23,674417;-46,512194;Ativa;21/03/2026 20:28
2115291000199;HEMISFERIO PRODUTOS TECNICOS E ENGENHARIA LTDA;15;Indústria Química;1;Produção de substâncias e fabricação de produtos químicos;02/01/2015;;Alto;SAO PAULO;SAO PAULO;-23,526164;-46,583997;Ativa;21/03/2026 20:28
2123753000110;REATEX INDÚSTRIA COMÉRCIO E REPRESENTAÇÕES LTDA.;15;Indústria Química;1;Produção de substâncias e fabricação de produtos químicos;01/01/2001;;Alto;MONTE MOR;SAO PAULO;-22,91475;-47,2486;Ativa;21/03/2026 20:28
2138460000106;RODZA SU SOLUÇÕES URETANICAS LTDA;15;Indústria Química;1;Produção de substâncias e fabricação de produtos químicos;01/06/2011;;Alto;JUNDIAI;SAO PAULO;-23,152731;-46,937586;Ativa;21/03/2026 20:28
2142913000178;INTENSE CARE INDUSTRIA E COMERCIO DE COSMÉTICOS LTDA;15;Indústria Química;1;Produção de substâncias e fabricação de produtos químicos;23/02/2011;;Alto;SAO PAULO;SAO PAULO;-23,674492;-46,643686;Ativa;21/03/2026 20:28
2167712000125;F.S. GUARU INDUSTRIA DE TINTAS SERIGRAFICAS LTDA;15;Indústria Química;1;Produção de substâncias e fabricação de produtos químicos;03/10/1997;;Alto;GUARULHOS;SAO PAULO;-23,433889;-46,413583;Ativa;21/03/2026 20:28
2236210000109;LABORATÓRIOS QUÍMICOS E METROLÓGICOS QUIMLAB LTDA.;15;Indústria Química;1;Produção de substâncias e fabricação de produtos químicos;01/08/1997;;Alto;JACAREI;SAO PAULO;-23,296917;-45,969167;Ativa;21/03/2026 20:28
2261180000190;RESIPIM COMÉRCIO E EXPOTAÇÃO LTDA;15;Indústria Química;1;Produção de substâncias e fabricação de produtos químicos;20/01/2013;;Alto;AVARE;SAO PAULO;-23,098611;-48,925833;Ativa;21/03/2026 20:28
2271463000113;CROMEX S.A.;15;Indústria Química;1;Produção de substâncias e fabricação de produtos químicos;01/01/2003;10/02/2003;Alto;SAO PAULO;SAO PAULO;-23,447047;-46,723994;Ativa;21/03/2026 20:28
2325315000134;UTECH TECNOLOGIA DE POLIURETANOS LTDA;15;Indústria Química;1;Produção de substâncias e fabricação de produtos químicos;01/01/2001;22/03/2019;Alto;BARIRI;SAO PAULO;-22,106;-48,724364;Ativa;21/03/2026 20:28
2340752000127;PETROM - PETROQUÍMICA MOGI DAS CRUZES S/A;15;Indústria Química;1;Produção de substâncias e fabricação de produtos químicos;01/01/2001;;Alto;MOGI DAS CRUZES;SAO PAULO;-23,581667;-46,178889;Ativa;21/03/2026 20:28
2349832000143;MARIA A. A.SECUNDIM CARVÃO- ME;15;Indústria Química;1;Produção de substâncias e fabricação de produtos químicos;09/11/2009;;Alto;JUQUIA;SAO PAULO;-24,166778;-47,757222;Ativa;21/03/2026 20:28
2438569000169;GREEN PROCESS PRODUTOS QUIMICOS LTDA;15;Indústria Química;1;Produção de substâncias e fabricação de produtos químicos;01/01/2001;;Alto;MAUA;SAO PAULO;-23,690556;-46,47;Ativa;21/03/2026 20:28
2485346000152;SICAD DO BRASIL FITAS AUTOADESIVAS LTDA;15;Indústria Química;1;Produção de substâncias e fabricação de produtos químicos;08/02/2011;;Alto;CAPIVARI;SAO PAULO;-23,003142;-47,518681;Ativa;21/03/2026 20:28
2527507000123;R. SANT ANA TOP QUIMICA;15;Indústria Química;1;Produção de substâncias e fabricação de produtos químicos;03/11/2005;;Alto;ALVARES MACHADO;SAO PAULO;-22,098944;-51,4625;Ativa;21/03/2026 20:28
2529494000121;TECHNICAL QUÍMICA LTDA;15;Indústria Química;1;Produção de substâncias e fabricação de produtos químicos;01/01/2001;;Alto;GUARULHOS;SAO PAULO;-23,452694;-46,536111;Ativa;21/03/2026 20:28
2535505000186;ECOPER QUIMICA LTDA;15;Indústria Química;1;Produção de substâncias e fabricação de produtos químicos;20/02/2013;;Alto;FRANCO DA ROCHA;SAO PAULO;-23,309056;-46,756667;Ativa;21/03/2026 20:28
2605266000274;MESSER INDÚSTRIA DE GASES LTDA;15;Indústria Química;1;Produção de substâncias e fabricação de produtos químicos;08/12/1999;;Alto;CUBATAO;SAO PAULO;-23,840056;-46,38325;Ativa;21/03/2026 20:28
2634915000265;BIRLA CARBON BRASIL LTDA;15;Indústria Química;1;Produção de substâncias e fabricação de produtos químicos;01/01/2001;;Alto;CUBATAO;SAO PAULO;-23,83975;-46,393306;Ativa;21/03/2026 20:28
2663810000153;RADICIFIBRAS INDUSTRIA E COMERCIO LTDA;15;Indústria Química;1;Produção de substâncias e fabricação de produtos químicos;01/04/2004;05/04/2004;Alto;SAO JOSE DOS CAMPOS;SAO PAULO;-23,167167;-45,902778;Ativa;21/03/2026 20:28
2668664000159;FORTNITRO INDUSTRIA E COMERCIO DE PRODUTOS QUIMICOS LTDA - ME;15;Indústria Química;1;Produção de substâncias e fabricação de produtos químicos;17/01/2017;;Alto;ITAQUAQUECETUBA;SAO PAULO;-23,440917;-46,337111;Ativa;21/03/2026 20:28
2701281000135;UNIPLASTIC INDUSTRIA E COMERCIO LTDA.;15;Indústria Química;1;Produção de substâncias e fabricação de produtos químicos;24/07/1998;;Alto;LIMEIRA;SAO PAULO;-22,634511;-47,308608;Ativa;21/03/2026 20:28
2724015000128;RDL DISTRIBUICAO DE PRODUTOS PARA INDUSTRIAS LTDA;15;Indústria Química;1;Produção de substâncias e fabricação de produtos químicos;28/12/2016;17/12/2019;Alto;CAMPINAS;SAO PAULO;-22,884417;-47,11375;Ativa;21/03/2026 20:28
2777131000105;HENKEL LTDA;15;Indústria Química;1;Produção de substâncias e fabricação de produtos químicos;01/10/2002;;Alto;ITAPEVI;SAO PAULO;-23,524417;-46,938556;Ativa;21/03/2026 20:28
2777131002906;HENKEL LTDA.;15;Indústria Química;1;Produção de substâncias e fabricação de produtos químicos;08/08/2008;;Alto;JUNDIAI;SAO PAULO;-23,161917;-47,014667;Ativa;21/03/2026 20:28
2846115000127;ENVAX PRODUTOS AUTOMOTIVOS LTDA ME;15;Indústria Química;1;Produção de substâncias e fabricação de produtos químicos;07/10/1998;;Alto;SAO PAULO;SAO PAULO;-23,509436;-46,498061;Ativa;21/03/2026 20:28
2848419000123;QUIMELETRO INDUSTRIA E COMERCIO LTDA;15;Indústria Química;1;Produção de substâncias e fabricação de produtos químicos;01/01/2020;;Alto;SUMARE;SAO PAULO;-22,84625;-47,250028;Ativa;21/03/2026 20:28
2890990000106;P.H. RIO PRETO INDUSTRIA E COMERCIO DE PRODUTOS AGRICOLAS E QUIMICOS LTDA;15;Indústria Química;1;Produção de substâncias e fabricação de produtos químicos;22/11/2011;;Alto;SAO JOSE DO RIO PRETO;SAO PAULO;-20,724667;-49,340667;Ativa;21/03/2026 20:28
2891071000157;PRION TECHNO LTDA;15;Indústria Química;1;Produção de substâncias e fabricação de produtos químicos;27/11/1998;;Alto;SAO PAULO;SAO PAULO;-23,602528;-46,586056;Ativa;21/03/2026 20:28
2891446000189;PENTAROMA CRIACOES AROMATICAS LTDA;15;Indústria Química;1;Produção de substâncias e fabricação de produtos químicos;02/01/2001;;Alto;JANDIRA;SAO PAULO;-23,599028;-46,855167;Ativa;21/03/2026 20:28
2898202000128;PU - POLYMERS DO BRASIL LTDA;15;Indústria Química;1;Produção de substâncias e fabricação de produtos químicos;01/01/2001;25/06/2020;Alto;BOITUVA;SAO PAULO;-23,283306;-47,672194;Ativa;21/03/2026 20:28
2903207000100;BIOSINTESE COMERCIAL DE PRODUTOS TENSOATIVOS LTDA.;15;Indústria Química;1;Produção de substâncias e fabricação de produtos químicos;01/01/2001;25/10/2002;Alto;GUARULHOS;SAO PAULO;-23,462778;-46,533306;Ativa;21/03/2026 20:28
2916265013300;JBS S/A;15;Indústria Química;1;Produção de substâncias e fabricação de produtos químicos;14/03/2025;;Alto;LINS;SAO PAULO;-21,668056;-49,789417;Ativa;21/03/2026 20:28
2916265017305;JBS S/A;15;Indústria Química;1;Produção de substâncias e fabricação de produtos químicos;09/01/2026;;Alto;LINS;SAO PAULO;-21,668306;-49,789417;Ativa;21/03/2026 20:28
2916265037756;JBS S/A;15;Indústria Química;1;Produção de substâncias e fabricação de produtos químicos;01/10/2021;15/10/2021;Alto;PRESIDENTE EPITACIO;SAO PAULO;-21,763306;-52,115556;Ativa;21/03/2026 20:28
2922374000190;AKSELL NUTRITION LTDA;15;Indústria Química;1;Produção de substâncias e fabricação de produtos químicos;01/07/2002;;Alto;INDAIATUBA;SAO PAULO;-23,090278;-47,218056;Ativa;21/03/2026 20:28
2925523000174;P.Q.A. QUÍMICA LTDA;15;Indústria Química;1;Produção de substâncias e fabricação de produtos químicos;10/11/2003;;Alto;AMERICANA;SAO PAULO;-22,7565;-47,318069;Ativa;21/03/2026 20:28
2931515000211;EFTEC BRASIL LTDA;15;Indústria Química;1;Produção de substâncias e fabricação de produtos químicos;19/03/2010;;Alto;SANTANA DE PARNAIBA;SAO PAULO;-23,481917;-46,998917;Ativa;21/03/2026 20:28
2974733000314;UPL DO BRASIL INDÚSTRIA E COMÉRCIO DE INSUMOS AGROPECUÁRIOS S.A.;15;Indústria Química;1;Produção de substâncias e fabricação de produtos químicos;01/04/2008;;Alto;ITUVERAVA;SAO PAULO;-20,33;-47,808333;Ativa;21/03/2026 20:28
2975705000150;FIXAROMA PRODUTOS TECNICOS LTDA EPP;15;Indústria Química;1;Produção de substâncias e fabricação de produtos químicos;01/01/2001;;Alto;DIADEMA;SAO PAULO;-23,706786;-46,605189;Ativa;21/03/2026 20:28
2978811000197;PROTECH DO BRASIL LTDA;15;Indústria Química;1;Produção de substâncias e fabricação de produtos químicos;30/04/1999;;Alto;GUARULHOS;SAO PAULO;-23,439894;-46,503894;Ativa;21/03/2026 20:28
2986167000107;AMBRA QUIMICA LTDA;15;Indústria Química;1;Produção de substâncias e fabricação de produtos químicos;01/01/2001;30/11/2012;Alto;RESTINGA;SAO PAULO;-20,55625;-47,440583;Ativa;21/03/2026 20:28
3024664000189;REMGOLD INDUSTRIA QUIMICA LIMITADA;15;Indústria Química;1;Produção de substâncias e fabricação de produtos químicos;01/01/2001;20/03/2003;Alto;SAO PAULO;SAO PAULO;-23,5475;-46,636056;Ativa;21/03/2026 20:28
3030609000100;MAJUFRAN INDUSTRIA E COMERCIO LTDA;15;Indústria Química;1;Produção de substâncias e fabricação de produtos químicos;05/03/1999;;Alto;PARAPUA;SAO PAULO;-21,779417;-50,791056;Ativa;21/03/2026 20:28
3049181000139;DIVERSEY BRASIL INDÚSTRIA QUÍMICA LTDA;15;Indústria Química;1;Produção de substâncias e fabricação de produtos químicos;01/04/2002;;Alto;SAO PAULO;SAO PAULO;-23,670278;-46,713056;Ativa;21/03/2026 20:28
3050406000177;INCOTEC AMERICA DO SUL TECNOLOGIA EM SEMENTES LTDA.;15;Indústria Química;1;Produção de substâncias e fabricação de produtos químicos;23/12/1999;;Alto;HOLAMBRA;SAO PAULO;-22,618167;-47,072917;Ativa;21/03/2026 20:28
3056653000180;PRO IND PRODUSTOSINDUSTRIAIS LTDA;15;Indústria Química;1;Produção de substâncias e fabricação de produtos químicos;15/03/1999;;Alto;SANTO ANDRE;SAO PAULO;-23,634497;-46,514383;Ativa;21/03/2026 20:28
3060893000159;CHEMICALS NOXXE LTDA;15;Indústria Química;1;Produção de substâncias e fabricação de produtos químicos;03/02/2011;;Alto;BOM JESUS DOS PERDOES;SAO PAULO;-23,122544;-46,469069;Ativa;21/03/2026 20:28
3085541000239;PQVIRK INDUSTRIA E COMERCIO DE PRODUTOS QUIMICOS LTDA;15;Indústria Química;1;Produção de substâncias e fabricação de produtos químicos;24/08/2016;;Alto;NOVA ODESSA;SAO PAULO;-22,773306;-47,294889;Ativa;21/03/2026 20:28
3093486000300;CLARUS TECHNOLOGY DO BRASIL LTDA;15;Indústria Química;1;Produção de substâncias e fabricação de produtos químicos;02/01/2006;;Alto;AMERICANA;SAO PAULO;-22,735278;-47,282778;Ativa;21/03/2026 20:28
3099254000105;SPARK LUBRIFICANTES LTDA.;15;Indústria Química;1;Produção de substâncias e fabricação de produtos químicos;22/02/2011;;Alto;ARUJA;SAO PAULO;-23,396056;-46,320806;Ativa;21/03/2026 20:28
3102205000176;ITW CHEMICAL PRODUCTS LTDA;15;Indústria Química;1;Produção de substâncias e fabricação de produtos químicos;01/01/2001;;Alto;EMBU;SAO PAULO;-23,646917;-46,834417;Ativa;21/03/2026 20:28
3102205000338;ITW CHEMICAL PRODUCTS LTDA;15;Indústria Química;1;Produção de substâncias e fabricação de produtos químicos;01/07/2014;;Alto;ARARAS;SAO PAULO;-22,403417;-47,388306;Ativa;21/03/2026 20:28
3108098000193;BLISFARMA INDÚSTRIA FARMACÊUTICA LTDA;15;Indústria Química;1;Produção de substâncias e fabricação de produtos químicos;01/01/2001;15/04/2002;Alto;DIADEMA;SAO PAULO;-23,698583;-46,606667;Ativa;21/03/2026 20:28
3117903000307;SURTEC DO BRASIL LTDA.;15;Indústria Química;1;Produção de substâncias e fabricação de produtos químicos;10/02/2016;;Alto;VALINHOS;SAO PAULO;-22,993278;-47,04275;Ativa;21/03/2026 20:28
3138288000153;CAPE AGUAS SUDESTE INDUSTRIA E COMERCIO LTDA;15;Indústria Química;1;Produção de substâncias e fabricação de produtos químicos;01/07/2003;;Alto;SUZANO;SAO PAULO;-23,534889;-46,289556;Ativa;21/03/2026 20:28
3157268000120;GR INDUSTRIA E COMERCIO DE PRODUTOS QUIMICOS S.A.;15;Indústria Química;1;Produção de substâncias e fabricação de produtos químicos;04/05/1999;;Alto;CRUZEIRO;SAO PAULO;-22,576056;-44,962778;Ativa;21/03/2026 20:28
3157268000472;GR INDUSTRIA E COMERCIO DE PRODUTOS QUIMICOS S.A;15;Indústria Química;1;Produção de substâncias e fabricação de produtos químicos;10/07/2023;;Alto;CACHOEIRA PAULISTA;SAO PAULO;-22,662958;-45,007072;Ativa;21/03/2026 20:28
3188226000156;NUTRICOM TECNOLOGIA LTDA.;15;Indústria Química;1;Produção de substâncias e fabricação de produtos químicos;23/10/2014;;Alto;DIADEMA;SAO PAULO;-23,699056;-46,609639;Ativa;21/03/2026 20:28
3194437000100;NICEPEL PRODUTOS QUÍMICOS LTDA;15;Indústria Química;1;Produção de substâncias e fabricação de produtos químicos;01/04/2005;;Alto;PIRACAIA;SAO PAULO;-23,065667;-46,358528;Ativa;21/03/2026 20:28
3198606000171;GLOBE QUIMICA LTDA;15;Indústria Química;1;Produção de substâncias e fabricação de produtos químicos;01/01/2001;;Alto;COSMOPOLIS;SAO PAULO;-22,686417;-47,153028;Ativa;21/03/2026 20:28
3204281000192;ALUMÍNIO NACIONAL INDUSTRIA E COMÉRCIO LTDA;15;Indústria Química;1;Produção de substâncias e fabricação de produtos químicos;28/03/2019;;Alto;FERRAZ DE VASCONCELOS;SAO PAULO;-23,533778;-46,384917;Ativa;21/03/2026 20:28
3220952000109;BLISFARMA INDUSTRIA DE MEDICAMENTOS LTDA RECUPERACAO JUDICIA;15;Indústria Química;1;Produção de substâncias e fabricação de produtos químicos;01/01/2001;;Alto;DIADEMA;SAO PAULO;-23,698306;-46,606917;Ativa;21/03/2026 20:28
3223651000139;ROCKET-CHEMICAL INDUSTRIA E COMERCIO DE PRODUTOS QUIMICOS LTDA - EPP;15;Indústria Química;1;Produção de substâncias e fabricação de produtos químicos;17/06/1999;;Alto;DIADEMA;SAO PAULO;-23,685053;-46,593511;Ativa;21/03/2026 20:28
3239716000134;NT PLASTICOS DE ENGENHARIA LTDA;15;Indústria Química;1;Produção de substâncias e fabricação de produtos químicos;22/06/1999;;Alto;SAO BERNARDO DO CAMPO;SAO PAULO;-23,714667;-46,582778;Ativa;21/03/2026 20:28
3292248000161;MASTERPOL TECNOLOGIA EM ADESIVOS LTDA;15;Indústria Química;1;Produção de substâncias e fabricação de produtos químicos;16/08/2018;;Alto;MOGI DAS CRUZES;SAO PAULO;-23,531306;-46,234417;Ativa;21/03/2026 20:28
3391001000798;P.Q.A. PRODUTOS QUIMICOS ARACRUZ LTDA;15;Indústria Química;1;Produção de substâncias e fabricação de produtos químicos;05/01/2017;;Alto;SAO PAULO;SAO PAULO;-23,563889;-46,603889;Ativa;21/03/2026 20:28
3395590000197;HARBISONWALKER INTERNATIONAL DO BRASIL LTDA.;15;Indústria Química;1;Produção de substâncias e fabricação de produtos químicos;02/10/2000;;Alto;GUARATINGUETA;SAO PAULO;-22,774417;-45,157778;Ativa;21/03/2026 20:28
3395630000109;ANOVA STAC DESMOLDANTES LTDA;15;Indústria Química;1;Produção de substâncias e fabricação de produtos químicos;01/01/2001;05/03/2026;Alto;DIADEMA;SAO PAULO;-23,680342;-46,607744;Ativa;21/03/2026 20:28
3396799000175;BIQ - BOCAINA INDUSTRIA QUIMICA EIRELI - EPP;15;Indústria Química;1;Produção de substâncias e fabricação de produtos químicos;01/01/2012;;Alto;BOCAINA;SAO PAULO;-22,146167;-48,518222;Ativa;21/03/2026 20:28
3413801000177;FLUORCOLORS PIGMENTOS INDUSTRIA E COMERCIO LTDA;15;Indústria Química;1;Produção de substâncias e fabricação de produtos químicos;25/11/2008;;Alto;LOUVEIRA;SAO PAULO;-23,10125;-46,952306;Ativa;21/03/2026 20:28
3416107000103;R.L.C. INDÚSTRIA E COMERCIO DE PRODUTOS QUÍMICOS LTDA-ME;15;Indústria Química;1;Produção de substâncias e fabricação de produtos químicos;30/08/1999;;Alto;RIBEIRAO BONITO;SAO PAULO;-22,042408;-48,157675;Ativa;21/03/2026 20:28
3435139000156;METAL COAT INDÚSTRIA E COMÉRCIO DE PRODUTOS QUÍMICOS LTDA;15;Indústria Química;1;Produção de substâncias e fabricação de produtos químicos;01/01/2001;;Alto;INDAIATUBA;SAO PAULO;-23,143417;-47,234167;Ativa;21/03/2026 20:28
3439153000128;BIOLUB QUÍMICA LTDA;15;Indústria Química;1;Produção de substâncias e fabricação de produtos químicos;25/02/2008;15/03/2017;Alto;SOROCABA;SAO PAULO;-23,528736;-47,433472;Ativa;21/03/2026 20:28
3484601000105;KEMIN DO BRASIL LTDA;15;Indústria Química;1;Produção de substâncias e fabricação de produtos químicos;16/03/2005;;Alto;INDAIATUBA;SAO PAULO;-23,138167;-47,235833;Ativa;21/03/2026 20:28
3484601000539;KEMIN DO BRASIL LTDA;15;Indústria Química;1;Produção de substâncias e fabricação de produtos químicos;23/06/2020;;Alto;VALINHOS;SAO PAULO;-22,997694;-47,044833;Ativa;21/03/2026 20:28
3514724000141;MULTIAGUA INDUSTRIAL LTDA.;15;Indústria Química;1;Produção de substâncias e fabricação de produtos químicos;05/11/1999;;Alto;AMERICANA;SAO PAULO;-22,758139;-47,342667;Ativa;21/03/2026 20:28
3515501000107;ALLTEC QUIMICA LTDA;15;Indústria Química;1;Produção de substâncias e fabricação de produtos químicos;01/01/2001;;Alto;ARACATUBA;SAO PAULO;-21,142806;-50,460889;Ativa;21/03/2026 20:28
3516165000109;ISO TECH INDUSTRIA E COMERCIO DE ESPECIALIDADES QUIMICAS LTDA;15;Indústria Química;1;Produção de substâncias e fabricação de produtos químicos;25/08/2015;;Alto;SANTANA DE PARNAIBA;SAO PAULO;-23,401511;-46,879547;Ativa;21/03/2026 20:28
3541660000178;ULTRALUB QUÍMICA LTDA;15;Indústria Química;1;Produção de substâncias e fabricação de produtos químicos;15/02/2006;;Alto;BARUERI;SAO PAULO;-23,500267;-46,892653;Ativa;21/03/2026 20:28
3555338000289;HUNTSMAN QUÍMICA BRASIL LTDA.;15;Indústria Química;1;Produção de substâncias e fabricação de produtos químicos;01/01/2001;;Alto;TABOAO DA SERRA;SAO PAULO;-23,636667;-46,815556;Ativa;21/03/2026 20:28
3562756000201;MICARAM INDUSTRIA E COMERCIO DE PRODUTOS QUIMICOS LTDA;15;Indústria Química;1;Produção de substâncias e fabricação de produtos químicos;31/07/2022;;Alto;INDAIATUBA;SAO PAULO;-23,104972;-47,20825;Ativa;21/03/2026 20:28
3589748000160;RF CHEMICAL SOLUTIONS LTDA;15;Indústria Química;1;Produção de substâncias e fabricação de produtos químicos;30/12/2013;;Alto;DIADEMA;SAO PAULO;-23,697194;-46,606667;Ativa;21/03/2026 20:28
3591987000154;J. A. CHEMICAL FLUIDS LTDA;15;Indústria Química;1;Produção de substâncias e fabricação de produtos químicos;29/06/2022;;Alto;INDAIATUBA;SAO PAULO;-23,139692;-47,23485;Ativa;21/03/2026 20:28
3662398000110;BUCKMINSTER QUIMICA LTDA;15;Indústria Química;1;Produção de substâncias e fabricação de produtos químicos;01/01/2001;;Alto;MACATUBA;SAO PAULO;-22,496917;-48,706806;Ativa;21/03/2026 20:28
3707183000178;FLORA BIOTEC INDUSTRIAL LTDA;15;Indústria Química;1;Produção de substâncias e fabricação de produtos químicos;28/02/2000;;Alto;VALINHOS;SAO PAULO;-23,017;-47,018347;Ativa;21/03/2026 20:28
3723481000232;TECNO CLEAN INDUSTRIAL LTDA.;15;Indústria Química;1;Produção de substâncias e fabricação de produtos químicos;13/07/2021;;Alto;BARUERI;SAO PAULO;-23,473056;-46,880806;Ativa;21/03/2026 20:28
3761677000130;AKDENIZ CHEMSON ADITIVOS LTDA;15;Indústria Química;1;Produção de substâncias e fabricação de produtos químicos;01/01/2001;;Alto;RIO CLARO;SAO PAULO;-22,353806;-47,550389;Ativa;21/03/2026 20:28
3805416000175;ENERGIS 8 AGROQUÍMICA LTDA;15;Indústria Química;1;Produção de substâncias e fabricação de produtos químicos;22/09/2011;03/10/2011;Alto;MAUA;SAO PAULO;-23,672167;-46,457056;Ativa;21/03/2026 20:28
3814382000185;AUTO POSTO CONTINENTAL DE GUARULHOS LTDA;15;Indústria Química;1;Produção de substâncias e fabricação de produtos químicos;01/01/2024;;Alto;GUARULHOS;SAO PAULO;-23,462778;-46,533306;Ativa;21/03/2026 20:28
3816532000190;COLGATE PALMOLIVE INDUSTRIAL LTDA;15;Indústria Química;1;Produção de substâncias e fabricação de produtos químicos;16/01/2009;;Alto;SAO BERNARDO DO CAMPO;SAO PAULO;-23,654417;-46,578583;Ativa;21/03/2026 20:28
3819603000108;INDUSTRIA QUIMICA PORANGABA LTDA;15;Indústria Química;1;Produção de substâncias e fabricação de produtos químicos;01/01/2001;;Alto;PORANGABA;SAO PAULO;-23,201667;-48,123417;Ativa;21/03/2026 20:28
3855423000181;TAGMA BRASIL INDUSTRIA E COMERCIO DE PRODUTOS QUIMICOS LTDA.;15;Indústria Química;1;Produção de substâncias e fabricação de produtos químicos;01/01/2002;;Alto;PAULINIA;SAO PAULO;-22,761056;-47,154167;Ativa;21/03/2026 20:28
3856280000122;RODMAIS INDUSTRIA E COMERCIO LTDA;15;Indústria Química;1;Produção de substâncias e fabricação de produtos químicos;24/06/2004;;Alto;MATAO;SAO PAULO;-21,6;-48,362717;Ativa;21/03/2026 20:28
3886782000104;FABRICA DE VELAS SÃO MIGUEL LTDA. - ME;15;Indústria Química;1;Produção de substâncias e fabricação de produtos químicos;01/01/2001;;Alto;CAPIVARI;SAO PAULO;-22,995;-47,507778;Ativa;21/03/2026 20:28
3932641000172;AGABE TECNOLOGIA INDUSTRIA E COMERCIO LTDA;15;Indústria Química;1;Produção de substâncias e fabricação de produtos químicos;29/06/2000;;Alto;SAO PAULO;SAO PAULO;-23,581953;-46,593878;Ativa;21/03/2026 20:28
3932641000253;AGABÊ TECNOLOGIA INDÚSTRIA E COMÉRCIO LTDA;15;Indústria Química;1;Produção de substâncias e fabricação de produtos químicos;13/06/2005;30/04/2008;Alto;SAO PAULO;SAO PAULO;-23,562806;-46,596056;Ativa;21/03/2026 20:28
3947978000153;COLORCON DO BRASIL LTDA;15;Indústria Química;1;Produção de substâncias e fabricação de produtos químicos;06/08/2015;;Alto;COTIA;SAO PAULO;-23,603556;-46,924056;Ativa;21/03/2026 20:28
3947978000315;COLORCON DO BRASIL LTDA.;15;Indústria Química;1;Produção de substâncias e fabricação de produtos químicos;05/01/2017;;Alto;INDAIATUBA;SAO PAULO;-23,141528;-47,238806;Ativa;21/03/2026 20:28
3967068000132;QUALITECH COM. E IND. DE PROD. QUIMICOS LTDA ME;15;Indústria Química;1;Produção de substâncias e fabricação de produtos químicos;31/01/2007;;Alto;PAULINIA;SAO PAULO;-22,745858;-47,170981;Ativa;21/03/2026 20:28
3967307000154;LUBRIFILM LUBRIFICANTES E PRODUTOS SINTETICOS LTDA - EPP;15;Indústria Química;1;Produção de substâncias e fabricação de produtos químicos;18/10/2013;14/12/2015;Alto;CAMPINAS;SAO PAULO;-22,983306;-47,10375;Ativa;21/03/2026 20:28
3971811000128;ARCOS FIBRA COMÉRCIO E INDÚSTRIA LTDA;15;Indústria Química;1;Produção de substâncias e fabricação de produtos químicos;01/01/2001;;Alto;RIO CLARO;SAO PAULO;-22,360806;-47,550278;Ativa;21/03/2026 20:28
3988220000163;ARXADA DO BRASIL ESPECIALIDADES QUÍMICAS LTDA.;15;Indústria Química;1;Produção de substâncias e fabricação de produtos químicos;15/10/2018;;Alto;SALTO;SAO PAULO;-23,177556;-47,324556;Ativa;21/03/2026 20:28
3990612000167;SYNTHON ESPECIALIDADES QUÍMICAS;15;Indústria Química;1;Produção de substâncias e fabricação de produtos químicos;03/08/2000;;Alto;SOROCABA;SAO PAULO;-23,414167;-47,395;Ativa;21/03/2026 20:28
3991275000122;COLLY QUIMICA INDUSTRIA E COMERCIO LTDA EPP;15;Indústria Química;1;Produção de substâncias e fabricação de produtos químicos;15/08/2000;;Alto;MOMBUCA;SAO PAULO;-22,937667;-47,577556;Ativa;21/03/2026 20:28
4010124000109;CADISA INDUSTRIA E COMERCIO LTDA;15;Indústria Química;1;Produção de substâncias e fabricação de produtos químicos;25/11/2011;;Alto;DIADEMA;SAO PAULO;-23,703083;-46,598167;Ativa;21/03/2026 20:28
4010664000192;QUMICA NACIONAL QUIMINIL IND E COM DE PRODUTOS PARA TRATAMENTO DE AGUA EPP.;15;Indústria Química;1;Produção de substâncias e fabricação de produtos químicos;02/01/2018;;Alto;MOGI DAS CRUZES;SAO PAULO;-23,427214;-46,217697;Ativa;21/03/2026 20:28
4018928000154;RCA DISTRIBUIÇÃO E REPRESENTAÇÃO COMERCIAL DE PRODUTOS QUIMICOS LTDA;15;Indústria Química;1;Produção de substâncias e fabricação de produtos químicos;30/08/2000;;Alto;AMERICANA;SAO PAULO;-22,736994;-47,311197;Ativa;21/03/2026 20:28
4039048000164;CENTRO AUTOMOTIVO MAR AZUL LTDA.;15;Indústria Química;1;Produção de substâncias e fabricação de produtos químicos;29/06/2018;;Alto;GUARUJA;SAO PAULO;-23,983639;-46,231389;Ativa;21/03/2026 20:28
4075101000182;AUXYBORR INDUSTRIA E COMERCIO DE AUXILIARES DE PROCESSO PARA BORRACHA LTDA;15;Indústria Química;1;Produção de substâncias e fabricação de produtos químicos;15/09/2000;;Alto;GUARULHOS;SAO PAULO;-23,458222;-46,476444;Ativa;21/03/2026 20:28
4113566000180;CONTINUUM CHEMICAL LATIN AMERICA LTDA.;15;Indústria Química;1;Produção de substâncias e fabricação de produtos químicos;24/10/2000;;Alto;COTIA;SAO PAULO;-23,601389;-46,861056;Ativa;21/03/2026 20:28
4124823000180;AMINOCAP INDÚSTRIA E COMÉRCIO LTDA. - EPP;15;Indústria Química;1;Produção de substâncias e fabricação de produtos químicos;02/01/2017;;Alto;BRODOWSKI;SAO PAULO;-21,006667;-47,658306;Ativa;21/03/2026 20:28
4136367000198;FMC QUIMICA DO BRASIL LTDA;15;Indústria Química;1;Produção de substâncias e fabricação de produtos químicos;01/05/2001;02/08/2006;Alto;CAMPINAS;SAO PAULO;-22,938139;-47,021417;Ativa;21/03/2026 20:28
4143999000189;ALFA FOTO QUÍMICA INDÚSTRIA E COMÉRCIO LTDA. - EPP;15;Indústria Química;1;Produção de substâncias e fabricação de produtos químicos;01/01/2001;;Alto;COTIA;SAO PAULO;-23,596056;-46,820722;Ativa;21/03/2026 20:28
4173782000111;COMERCIAL INTER-LINK LTDA;15;Indústria Química;1;Produção de substâncias e fabricação de produtos químicos;03/06/2013;;Alto;ITAPEVI;SAO PAULO;-23,526389;-46,921944;Ativa;21/03/2026 20:28
4187926000199;FRAMARO TECNOLOGIA QUIMICA LTDA;15;Indústria Química;1;Produção de substâncias e fabricação de produtos químicos;01/10/2014;;Alto;SAO CAETANO DO SUL;SAO PAULO;-23,608889;-46,548889;Ativa;21/03/2026 20:28
4248044000277;ONDA VERDE AGROCOMERCIAL S/A;15;Indústria Química;1;Produção de substâncias e fabricação de produtos químicos;03/07/2012;;Alto;ONDA VERDE;SAO PAULO;-20,601667;-49,2;Ativa;21/03/2026 20:28
4249052000157;SENSIENT TECHNOLOGIES INGREDIENTES DO BRASIL LTDA;15;Indústria Química;1;Produção de substâncias e fabricação de produtos químicos;20/05/2005;;Alto;JUNDIAI;SAO PAULO;-23,189806;-46,97575;Ativa;21/03/2026 20:28
4249052000319;SENSIENT TECHNOLOGIES INGREDIENTES DO BRASIL LTDA;15;Indústria Química;1;Produção de substâncias e fabricação de produtos químicos;05/03/2024;;Alto;SANTANA DE PARNAIBA;SAO PAULO;-23,511389;-46,876667;Ativa;21/03/2026 20:28
4286880000165;COPPERTHAL IND E COM DE PRODUTOS PARA GALVANOPLASTIA LTDA- ME;15;Indústria Química;1;Produção de substâncias e fabricação de produtos químicos;12/02/2001;;Alto;LIMEIRA;SAO PAULO;-22,581917;-47,398556;Ativa;21/03/2026 20:28
4289787000376;MAS-TINBRAS LTDA.;15;Indústria Química;1;Produção de substâncias e fabricação de produtos químicos;13/02/2013;;Alto;ARUJA;SAO PAULO;-23,403083;-46,350306;Ativa;21/03/2026 20:28
4298208000190;EF INTERNATIONAL FRAGRANCE INDUSTRIA E COMERCIO LTDA;15;Indústria Química;1;Produção de substâncias e fabricação de produtos químicos;02/01/2001;;Alto;SAO PAULO;SAO PAULO;-23,629417;-46,704167;Ativa;21/03/2026 20:28
4299232000143;KHAYROS DIAGNOSTICA FABRICACAO, COMERCIALIZACAO E DISTRIBUICAO DE PRODUTOS LTDA;15;Indústria Química;1;Produção de substâncias e fabricação de produtos químicos;18/04/2001;;Alto;LEME;SAO PAULO;-22,171806;-47,3985;Ativa;21/03/2026 20:28
4313202000144;POLYSTELL DO BRASIL INDÚSTRIA E COMÉRCIO SA;15;Indústria Química;1;Produção de substâncias e fabricação de produtos químicos;29/01/2001;;Alto;SAO BERNARDO DO CAMPO;SAO PAULO;-23,725;-46,604667;Ativa;21/03/2026 20:28
4328390000184;TUNKER QUIMICA IMPORTAÇÃO LTDA;15;Indústria Química;1;Produção de substâncias e fabricação de produtos químicos;01/03/2001;;Alto;SAO PAULO;SAO PAULO;-23,60425;-46,647917;Ativa;21/03/2026 20:28
4337774000163;POLYQUIM COMERCIO, IMPORTACAO E EXPORTACAO DE OLEOS VEGETAIS LTDA;15;Indústria Química;1;Produção de substâncias e fabricação de produtos químicos;17/04/2013;;Alto;MAUA;SAO PAULO;-23,693167;-46,464056;Ativa;21/03/2026 20:28
4434547000156;EDUARDO SAITO;15;Indústria Química;1;Produção de substâncias e fabricação de produtos químicos;19/09/2014;;Alto;SAO PAULO;SAO PAULO;-23,5475;-46,636056;Ativa;21/03/2026 20:28
4442598000120;CRIS AGUA DO BRASIL EIRELI;15;Indústria Química;1;Produção de substâncias e fabricação de produtos químicos;25/11/2015;;Alto;ATIBAIA;SAO PAULO;-23,116917;-46,550278;Ativa;21/03/2026 20:28
4449118000152;SULMIX INDUSTRIA E COMERCIO LTDA;15;Indústria Química;1;Produção de substâncias e fabricação de produtos químicos;04/10/2007;;Alto;INDAIATUBA;SAO PAULO;-23,090278;-47,218056;Ativa;21/03/2026 20:28
4461753000155;ATRAI INDUSTRIA DE ADITIVOS DE CONCRETO LTDA;15;Indústria Química;1;Produção de substâncias e fabricação de produtos químicos;11/09/2020;;Alto;ARUJA;SAO PAULO;-23,424736;-46,361092;Ativa;21/03/2026 20:28
4475244000181;LAB ANALÍTICA E AMBIENTAL LTDA;15;Indústria Química;1;Produção de substâncias e fabricação de produtos químicos;22/05/2001;;Alto;JACAREI;SAO PAULO;-23,2755;-45,935833;Ativa;21/03/2026 20:28
4475244000343;L'AB ANALÍTICA E AMBIENTAL LTDA;15;Indústria Química;1;Produção de substâncias e fabricação de produtos químicos;28/08/2025;;Alto;JACAREI;SAO PAULO;-23,272433;-45,981583;Ativa;21/03/2026 20:28
4482833000197;ALFA TREND INDUSTRIA E COMERCIO LTDA;15;Indústria Química;1;Produção de substâncias e fabricação de produtos químicos;01/06/2001;;Alto;INDAIATUBA;SAO PAULO;-23,090278;-47,218056;Ativa;21/03/2026 20:28
4498412000154;OXIGENIO PORTOGAS DO BRASIL COM GASES;15;Indústria Química;1;Produção de substâncias e fabricação de produtos químicos;23/05/2025;;Alto;TAUBATE;SAO PAULO;-22,99215;-45,510914;Ativa;21/03/2026 20:28
4538473000106;PREMIUM AMBIENTAL S/A;15;Indústria Química;1;Produção de substâncias e fabricação de produtos químicos;01/08/2023;;Alto;MOJI MIRIM;SAO PAULO;-22,454019;-46,959044;Ativa;21/03/2026 20:28
4572611000165;ARZU INDUSTRIA E COMERCIO LTDA;15;Indústria Química;1;Produção de substâncias e fabricação de produtos químicos;01/07/2003;;Alto;GUARULHOS;SAO PAULO;-23,4675;-46,477222;Ativa;21/03/2026 20:28
4643290000142;FLEXTINTAS INDÚSTRIA E COMÉRCIO LTDA;15;Indústria Química;1;Produção de substâncias e fabricação de produtos químicos;28/08/2001;;Alto;ALUMINIO;SAO PAULO;-23,523425;-47,239903;Ativa;21/03/2026 20:28
4653539000109;NEOBRAX LTDA;15;Indústria Química;1;Produção de substâncias e fabricação de produtos químicos;07/01/2010;;Alto;BARRETOS;SAO PAULO;-20,581333;-48,537556;Ativa;21/03/2026 20:28
4663317000169;PETROFER DO BRASIL COM, IMPORT, EXP E DISTR DE PROD QUIMICOS E LUBRIFICANTES LTDA;15;Indústria Química;1;Produção de substâncias e fabricação de produtos químicos;05/02/2016;;Alto;COTIA;SAO PAULO;-23,657167;-47,018806;Ativa;21/03/2026 20:28
4783259000107;ELIANE MENDES BRITO PAVANI;15;Indústria Química;1;Produção de substâncias e fabricação de produtos químicos;30/01/2022;;Alto;TABOAO DA SERRA;SAO PAULO;-23,611897;-46,779344;Ativa;21/03/2026 20:28
4801400000157;IUZ QUIM INDÚSTRIA QUIMICA LTDA EPP;15;Indústria Química;1;Produção de substâncias e fabricação de produtos químicos;27/11/2001;;Alto;CAPIVARI;SAO PAULO;-23,0;-47,397167;Ativa;21/03/2026 20:28
4814116000115;CLEVER QUIM - COMERCIAL LTDA;15;Indústria Química;1;Produção de substâncias e fabricação de produtos químicos;05/04/2013;;Alto;SAO PAULO;SAO PAULO;-23,672167;-46,644056;Ativa;21/03/2026 20:28
4829787000150;DYELUX INDUSTRIA E COMÉRCIO LTDA. EPP;15;Indústria Química;1;Produção de substâncias e fabricação de produtos químicos;15/01/2002;;Alto;DIADEMA;SAO PAULO;-23,698764;-46,628028;Ativa;21/03/2026 20:28
4872717000184;BERG COMERCIAL LTDA- EPP;15;Indústria Química;1;Produção de substâncias e fabricação de produtos químicos;23/01/2002;;Alto;ITAQUAQUECETUBA;SAO PAULO;-23,4475;-46,372778;Ativa;21/03/2026 20:28
4915996000116;CESAR DI CIOMO;15;Indústria Química;1;Produção de substâncias e fabricação de produtos químicos;01/12/2020;;Alto;SAO PAULO;SAO PAULO;-23,616111;-46,600556;Ativa;21/03/2026 20:28
4924272000139;LP GIAN INDUSTRIA & COMERCIO LTDA;15;Indústria Química;1;Produção de substâncias e fabricação de produtos químicos;01/03/2002;;Alto;SAO CAETANO DO SUL;SAO PAULO;-23,6225;-46,548889;Ativa;21/03/2026 20:28
4943352000131;WEST CHEMICAL INDÚSTRIA, COMÉRCIO, EXPORTACÃO E IMPORTACÃO DE INIBIDORES DE CORROSÃO LTDA - EPP;15;Indústria Química;1;Produção de substâncias e fabricação de produtos químicos;30/03/2012;;Alto;PIRACAIA;SAO PAULO;-23,049139;-46,358139;Ativa;21/03/2026 20:28
4945379000163;OMNI-TECH INDUSTRIA E COMERCIO DE PRODUTOS QUIMICOS LTDA;15;Indústria Química;1;Produção de substâncias e fabricação de produtos químicos;06/02/2014;16/01/2017;Alto;MORUNGABA;SAO PAULO;-22,864361;-46,791028;Ativa;21/03/2026 20:28
4983762000106;AVIPOL COMERCIAL LTDA;15;Indústria Química;1;Produção de substâncias e fabricação de produtos químicos;28/04/2016;;Alto;SAO PAULO;SAO PAULO;-23,533556;-46,756056;Ativa;21/03/2026 20:28
4989475000103;PURCOM QUIMICA LTDA;15;Indústria Química;1;Produção de substâncias e fabricação de produtos químicos;01/04/2002;;Alto;BARUERI;SAO PAULO;-23,509667;-46,876667;Ativa;21/03/2026 20:28
4997059000319;TRADECORP DO BRASIL COMERCIO DE INSUMOS AGRICOLAS LTDA;15;Indústria Química;1;Produção de substâncias e fabricação de produtos químicos;22/07/2019;;Alto;MONTE MOR;SAO PAULO;-22,981389;-47,374528;Ativa;21/03/2026 20:28
5001448000143;NOBILE INDUSTRIA COMERCIO E BENEFICIAMENTO LTDA;15;Indústria Química;1;Produção de substâncias e fabricação de produtos químicos;09/04/2002;21/10/2025;Alto;SAO BERNARDO DO CAMPO;SAO PAULO;-23,674417;-46,586917;Ativa;21/03/2026 20:28
5012918000174;PARKBON INDUSTRIA QUIMICA LTDA;15;Indústria Química;1;Produção de substâncias e fabricação de produtos químicos;10/04/2002;;Alto;ARUJA;SAO PAULO;-23,405056;-46,349167;Ativa;21/03/2026 20:28
5051581000104;BIOCURE PHARMA BIOTECHNOLOGY S.A.;15;Indústria Química;1;Produção de substâncias e fabricação de produtos químicos;01/03/2011;;Alto;RIBEIRAO PRETO;SAO PAULO;-21,091389;-47,800278;Ativa;21/03/2026 20:28
5065498000194;B. ROYAL INDUSTRIA E COMERCIO LTDA ME;15;Indústria Química;1;Produção de substâncias e fabricação de produtos químicos;09/03/2011;;Alto;AMPARO;SAO PAULO;-22,701111;-46,764444;Ativa;21/03/2026 20:28
5134913000114;DAFFER QUÍMICA LTDA;15;Indústria Química;1;Produção de substâncias e fabricação de produtos químicos;12/02/2016;;Alto;TAUBATE;SAO PAULO;-23,026389;-45,555278;Ativa;21/03/2026 20:28
5143682000105;TECFAR COMERCIAL E INDUSTRIAL LTDA;15;Indústria Química;1;Produção de substâncias e fabricação de produtos químicos;01/01/2005;;Alto;DIADEMA;SAO PAULO;-23,689722;-46,620278;Ativa;21/03/2026 20:28
5211309000144;FLAI INDUSTRIA E COMERCIO LTDA;15;Indústria Química;1;Produção de substâncias e fabricação de produtos químicos;01/01/2022;;Alto;DIADEMA;SAO PAULO;-23,686056;-46,622778;Ativa;21/03/2026 20:28
5264539000171;AMC DO BRASIL LTDA FALIDA;15;Indústria Química;1;Produção de substâncias e fabricação de produtos químicos;15/08/2002;;Alto;GUARULHOS;SAO PAULO;-23,460528;-46,396611;Ativa;21/03/2026 20:28
5306187000170;EVERCOL INDUSTRIA E COMERCIO LTDA - EPP;15;Indústria Química;1;Produção de substâncias e fabricação de produtos químicos;02/10/2005;;Alto;PORTO FELIZ;SAO PAULO;-23,227453;-47,546144;Ativa;21/03/2026 20:28
5332959000148;CINECOLOR DO BRASIL LTDA;15;Indústria Química;1;Produção de substâncias e fabricação de produtos químicos;07/01/2008;;Alto;BARUERI;SAO PAULO;-23,493211;-46,843017;Ativa;21/03/2026 20:28
5382065000162;BR QUIMICA LTDA ME;15;Indústria Química;1;Produção de substâncias e fabricação de produtos químicos;06/11/2010;;Alto;SAO PAULO;SAO PAULO;-23,604389;-46,605417;Ativa;21/03/2026 20:28
5392575000110;MARCOS KADAYAN - AEROMODELISMO;15;Indústria Química;1;Produção de substâncias e fabricação de produtos químicos;06/10/2010;;Alto;SUMARE;SAO PAULO;-22,855636;-47,162728;Ativa;21/03/2026 20:28
5416880000103;WINCOR QUÍMICA LTDAA - EPP;15;Indústria Química;1;Produção de substâncias e fabricação de produtos químicos;09/10/2009;;Alto;ATIBAIA;SAO PAULO;-23,112778;-46,565;Ativa;21/03/2026 20:28
5429416000143;TECNOKLIN COMERCIAL E INDUSTRIAL RIO PRETO EIRELI;15;Indústria Química;1;Produção de substâncias e fabricação de produtos químicos;16/12/2013;;Alto;SAO JOSE DO RIO PRETO;SAO PAULO;-20,839947;-49,408836;Ativa;21/03/2026 20:28
5430415000119;INTERCOL - INDÚSTRIA QUÍMICA LTDA EPP;15;Indústria Química;1;Produção de substâncias e fabricação de produtos químicos;21/11/2006;;Alto;ATIBAIA;SAO PAULO;-23,106667;-46,590556;Ativa;21/03/2026 20:28
5454162000113;OURO VERDE CHEMICALS LTDA;15;Indústria Química;1;Produção de substâncias e fabricação de produtos químicos;26/01/2003;;Alto;MAUA;SAO PAULO;-23,681667;-46,469444;Ativa;21/03/2026 20:28
5465894000109;CHEMEN IND. & COM. DE PRODUTOS QUÍMICOS LTDA - EPP;15;Indústria Química;1;Produção de substâncias e fabricação de produtos químicos;01/01/2009;;Alto;DIADEMA;SAO PAULO;-23,708833;-46,605361;Ativa;21/03/2026 20:28
5483313000161;MACHTANS E MEDEIROS INDÚSTRIA E COMÉRCIO LTDA;15;Indústria Química;1;Produção de substâncias e fabricação de produtos químicos;18/05/2018;;Alto;NOVA ODESSA;SAO PAULO;-22,774861;-47,322833;Ativa;21/03/2026 20:28
5483332000279;FAMEX COMÉRCIO ATACADISTA DE GÁS CARBÔNICO LTDA;15;Indústria Química;1;Produção de substâncias e fabricação de produtos químicos;07/11/2003;;Alto;DIADEMA;SAO PAULO;-23,676694;-46,602444;Ativa;21/03/2026 20:28
5483663000128;MC2I CHEMICAL INDUSTRIA LTDA;15;Indústria Química;1;Produção de substâncias e fabricação de produtos químicos;30/04/2003;10/01/2018;Alto;GUARULHOS;SAO PAULO;-23,494;-46,551667;Ativa;21/03/2026 20:28
5540344000107;COLORZEN INDUSTRIA E COMERCIO DE PRODUTOS QUIMICOS LTDA;15;Indústria Química;1;Produção de substâncias e fabricação de produtos químicos;05/09/2018;;Alto;GUARAREMA;SAO PAULO;-23,424306;-46,041806;Ativa;21/03/2026 20:28
5584132000121;TECNO-OIL INDUSTRIA E COMERCIO LTDA;15;Indústria Química;1;Produção de substâncias e fabricação de produtos químicos;14/04/2010;;Alto;MOMBUCA;SAO PAULO;-22,947667;-47,545278;Ativa;21/03/2026 20:28
5621541000150;METALOIL PRODUTOS QUIMICOS EIRELI - EPP;15;Indústria Química;1;Produção de substâncias e fabricação de produtos químicos;28/04/2003;;Alto;DIADEMA;SAO PAULO;-23,711647;-46,601114;Ativa;21/03/2026 20:28
5652410000130;LUBROTEC QUIMICA LTDA EPP;15;Indústria Química;1;Produção de substâncias e fabricação de produtos químicos;07/04/2003;10/07/2023;Alto;INDAIATUBA;SAO PAULO;-23,142667;-47,233306;Ativa;21/03/2026 20:28
5655046000162;G. L. SGOTI PRODUTOS PARA COURO LTDA;15;Indústria Química;1;Produção de substâncias e fabricação de produtos químicos;08/10/2008;;Alto;POA;SAO PAULO;-23,509444;-46,333306;Ativa;21/03/2026 20:28
5658506000297;MATRYX INDUSTRIA E COMERCIO DE INSUMOS PARA TRATAMENTO DE AGUAS LTDA;15;Indústria Química;1;Produção de substâncias e fabricação de produtos químicos;23/11/2018;;Alto;PAULINIA;SAO PAULO;-22,797475;-47,118331;Ativa;21/03/2026 20:28
5659898000128;TECCOM IND E COM DE PRODUTOS TÉCNICOS EM COMBUSTÃO LTDA.;15;Indústria Química;1;Produção de substâncias e fabricação de produtos químicos;01/07/2005;;Alto;SAO CAETANO DO SUL;SAO PAULO;-23,636917;-46,562806;Ativa;21/03/2026 20:28
5659898000209;TECCOM INDÚSTRIA E COMÉRCIO DE PRODUTOS TÉCNICOS EM COMBUSTÃO LTDA;15;Indústria Química;1;Produção de substâncias e fabricação de produtos químicos;27/10/2025;;Alto;DIADEMA;SAO PAULO;-23,711669;-46,600889;Ativa;21/03/2026 20:28
5689190000110;CHEMCARE INDUSTRIA E COMERCIO LTDA;15;Indústria Química;1;Produção de substâncias e fabricação de produtos químicos;27/05/2003;;Alto;VALINHOS;SAO PAULO;-22,940556;-46,9775;Ativa;21/03/2026 20:28
5691570000431;ATRASORB INDÚSTRIA DE PRODUTOS HOSPITALARES LTDA;15;Indústria Química;1;Produção de substâncias e fabricação de produtos químicos;30/08/2016;;Alto;SAO ROQUE;SAO PAULO;-23,526944;-47,149444;Ativa;21/03/2026 20:28
5692841000120;USINA NATURAL COSMÉTICOS LTDA;15;Indústria Química;1;Produção de substâncias e fabricação de produtos químicos;01/01/2004;;Alto;MAIRIPORA;SAO PAULO;-23,260628;-46,590817;Ativa;21/03/2026 20:28
5696029000173;IMPORBIO COMERCIAL IMPORTADORA CIENTIFICA LTDA;15;Indústria Química;1;Produção de substâncias e fabricação de produtos químicos;25/08/2023;;Alto;BRAGANCA PAULISTA;SAO PAULO;-22,912778;-46,554417;Ativa;21/03/2026 20:28
5701847000117;MOMENTIVE PERFORMANCE MATERIALS INDUSTRIA DE SILICONES LTDA.;15;Indústria Química;1;Produção de substâncias e fabricação de produtos químicos;01/10/2003;;Alto;ITATIBA;SAO PAULO;-23,065794;-46,8414;Ativa;21/03/2026 20:28
5746386000107;NOVA CORANTES INDÚSTRIA E COMÉRCIO LTDA;15;Indústria Química;1;Produção de substâncias e fabricação de produtos químicos;28/02/2013;;Alto;NOVA ODESSA;SAO PAULO;-22,802189;-47,296167;Ativa;21/03/2026 20:28
5753434000186;BLUE DENT DENTAL INDUSTRIA, COMERCIO, IMPORTACAO E EXPORTACAO LTDA;15;Indústria Química;1;Produção de substâncias e fabricação de produtos químicos;03/11/2005;;Alto;PIRASSUNUNGA;SAO PAULO;-21,995278;-47,436389;Ativa;21/03/2026 20:28
5817537000162;ROYAL QUÍMICA LTDA;15;Indústria Química;1;Produção de substâncias e fabricação de produtos químicos;01/05/2007;;Alto;SAO PAULO;SAO PAULO;-23,604167;-46,658889;Ativa;21/03/2026 20:28
5817537000405;ROYAL QUIMICA LTDA;15;Indústria Química;1;Produção de substâncias e fabricação de produtos químicos;02/01/2017;;Alto;SUZANO;SAO PAULO;-23,580278;-46,308056;Ativa;21/03/2026 20:28
5817537000596;ROYAL QUÍMICA LTDA;15;Indústria Química;1;Produção de substâncias e fabricação de produtos químicos;17/04/2014;05/06/2018;Alto;OSASCO;SAO PAULO;-23,528611;-46,815;Ativa;21/03/2026 20:28
5842947000163;CHEMICAL SERVICES LTDA ME;15;Indústria Química;1;Produção de substâncias e fabricação de produtos químicos;02/05/2016;;Alto;SANTA BRANCA;SAO PAULO;-23,397222;-45,884444;Ativa;21/03/2026 20:28
5855277000110;PRANA PETROQUIMICA LTDA;15;Indústria Química;1;Produção de substâncias e fabricação de produtos químicos;01/01/2009;24/12/2023;Alto;TABOAO DA SERRA;SAO PAULO;-23,628639;-46,800111;Ativa;21/03/2026 20:28
5858780000129;ITW PPF BRASIL ADESIVOS LTDA;15;Indústria Química;1;Produção de substâncias e fabricação de produtos químicos;01/10/2003;;Alto;VALINHOS;SAO PAULO;-22,992858;-47,040369;Ativa;21/03/2026 20:28
5881352000117;FLEXXUS INDUSTRIA E COMERCIO DE ADESIVOS LTDA;15;Indústria Química;1;Produção de substâncias e fabricação de produtos químicos;06/01/2025;;Alto;MONTE MOR;SAO PAULO;-22,950278;-47,294667;Ativa;21/03/2026 20:28
5969945000482;OMYA DO BRASIL, IMPORTAÇÃO, EXPORTAÇÃO E COMERCIO LTDA;15;Indústria Química;1;Produção de substâncias e fabricação de produtos químicos;10/05/2012;;Alto;MOGI GUACU;SAO PAULO;-22,360139;-46,976056;Ativa;21/03/2026 20:28
6014569000192;COUROTEC FRANCA COMÉRCIO E REPRESENTAÇÃO DE PRODUTOS QUIMICOS LTDA;15;Indústria Química;1;Produção de substâncias e fabricação de produtos químicos;25/11/2003;;Alto;SANTA CRUZ DAS PALMEIRAS;SAO PAULO;-20,551314;-47,443622;Ativa;21/03/2026 20:28
6014959000162;TRILL QUIMICA LTDA;15;Indústria Química;1;Produção de substâncias e fabricação de produtos químicos;21/04/2010;;Alto;GUARULHOS;SAO PAULO;-23,462778;-46,533333;Ativa;21/03/2026 20:28
6070048000233;OXICARBO INDUSTRIA E COMERCIO DE GASES LTDA;15;Indústria Química;1;Produção de substâncias e fabricação de produtos químicos;16/09/2020;;Alto;SAO CARLOS;SAO PAULO;-22,041244;-47,872286;Ativa;21/03/2026 20:28
6074511000134;BIOS - DIAGNOSTICA INDUSTRIA E COMERCIO DE PRODUTOS BIOLOGICOS LTDA;15;Indústria Química;1;Produção de substâncias e fabricação de produtos químicos;15/04/2004;;Alto;SOROCABA;SAO PAULO;-23,47885;-47,468628;Ativa;21/03/2026 20:28
6079389000199;RSM INDÚSTRIA QUIMICA LTDA - ME;15;Indústria Química;1;Produção de substâncias e fabricação de produtos químicos;19/01/2004;;Alto;SAO BERNARDO DO CAMPO;SAO PAULO;-23,696869;-46,567531;Ativa;21/03/2026 20:28
6100346000148;MR PLATING COMÉRCIO DE PRODUTOS QUÍMICOS LTDA;15;Indústria Química;1;Produção de substâncias e fabricação de produtos químicos;03/11/2005;;Alto;SAO PAULO;SAO PAULO;-23,461278;-46,480528;Ativa;21/03/2026 20:28
6109515000100;UNIMOL BRASIL IND.DE PRODUTOS QUIMICOS LTDA;15;Indústria Química;1;Produção de substâncias e fabricação de produtos químicos;01/09/2006;;Alto;GUARATINGUETA;SAO PAULO;-22,816389;-45,1925;Ativa;21/03/2026 20:28
6121324000164;DURFERRIT DO BRASIL QUÍMICA LTDA;15;Indústria Química;1;Produção de substâncias e fabricação de produtos químicos;01/04/2005;;Alto;DIADEMA;SAO PAULO;-23,683333;-46,61;Ativa;21/03/2026 20:28
6143894000155;TDC DO BRASIL LTDA;15;Indústria Química;1;Produção de substâncias e fabricação de produtos químicos;01/09/2023;;Alto;SAO PAULO;SAO PAULO;-23,576306;-46,506528;Ativa;21/03/2026 20:28
6143996000170;GREASE SPECIAL LUBRIFICANTES LTDA ME;15;Indústria Química;1;Produção de substâncias e fabricação de produtos químicos;09/03/2004;;Alto;ITUPEVA;SAO PAULO;-23,137222;-47,029444;Ativa;21/03/2026 20:28
6176436000112;LANXESS INDUSTRIA PRODS QUIMICOS E PLASTICOS LTDA;15;Indústria Química;1;Produção de substâncias e fabricação de produtos químicos;01/01/2004;06/06/2006;Alto;SAO PAULO;SAO PAULO;-23,648389;-46,731556;Ativa;21/03/2026 20:28
6176436000201;LANXESS - INDÚSTRIA DE PRODUTOS QUÍMICOS E PLÁSTICOS LTDA;15;Indústria Química;1;Produção de substâncias e fabricação de produtos químicos;01/07/2004;;Alto;PORTO FELIZ;SAO PAULO;-23,2;-47,566667;Ativa;21/03/2026 20:28
6176436001437;LANXESS - INDUSTRIA DE PRODUTOS QUIMICOS E PLASTICOS LTDA.;15;Indústria Química;1;Produção de substâncias e fabricação de produtos químicos;19/02/2025;;Alto;JARINU;SAO PAULO;-23,110917;-46,717417;Ativa;21/03/2026 20:28
6184747000123;ADEFIX COLAS INDUSTRIAIS LTDA;15;Indústria Química;1;Produção de substâncias e fabricação de produtos químicos;03/11/2005;;Alto;DIADEMA;SAO PAULO;-23,675833;-46,596111;Ativa;21/03/2026 20:28
6202380000123;COMERCIO DE PRODUTOS QUIMICOS RESITEX LTDA;15;Indústria Química;1;Produção de substâncias e fabricação de produtos químicos;16/02/2004;;Alto;JANDIRA;SAO PAULO;-23,5175;-46,928611;Ativa;21/03/2026 20:28
6225160000115;LEATI - PRODUTOS QUMICOS LTDA;15;Indústria Química;1;Produção de substâncias e fabricação de produtos químicos;22/03/2004;;Alto;SALTO;SAO PAULO;-23,215;-47,266667;Ativa;21/03/2026 20:28
6236029000153;QUANN QUIMICA DO BRASIL EIRELI;15;Indústria Química;1;Produção de substâncias e fabricação de produtos químicos;27/09/2004;15/03/2022;Alto;SANTA BARBARA D'OESTE;SAO PAULO;-22,758667;-47,383306;Ativa;21/03/2026 20:28
6331356000194;CIABOND INDÚSTRIA E COMÉRCIO DE ADESIVOS LTDA;15;Indústria Química;1;Produção de substâncias e fabricação de produtos químicos;14/10/2005;;Alto;DIADEMA;SAO PAULO;-23,696328;-46,590844;Ativa;21/03/2026 20:28
6555795000180;HEKOL ADESIVOS DO BRASIL LTDA;15;Indústria Química;1;Produção de substâncias e fabricação de produtos químicos;09/03/2004;;Alto;DIADEMA;SAO PAULO;-23,678711;-46,602389;Ativa;21/03/2026 20:28
6847915000113;NANOX TECNOLOGIA S/A;15;Indústria Química;1;Produção de substâncias e fabricação de produtos químicos;24/07/2020;;Alto;SAO CARLOS;SAO PAULO;-22,007683;-47,919986;Ativa;21/03/2026 20:28
6847915000202;NANOX TECNOLOGIA SA;15;Indústria Química;1;Produção de substâncias e fabricação de produtos químicos;01/06/2011;;Alto;SAO CARLOS;SAO PAULO;-22,006083;-47,917778;Ativa;21/03/2026 20:28
6912226000145;MARIA RENATA MENEGHEL - ME;15;Indústria Química;1;Produção de substâncias e fabricação de produtos químicos;05/04/2016;;Alto;ANGATUBA;SAO PAULO;-23,481889;-48,428125;Ativa;21/03/2026 20:28
6963985000137;LUCIANA GRAMISCELLI FERREIRA ZAVARELLO EPP;15;Indústria Química;1;Produção de substâncias e fabricação de produtos químicos;19/07/2004;;Alto;RIO CLARO;SAO PAULO;-22,398056;-47,583333;Ativa;21/03/2026 20:28
6986291000115;JPS INDUSTRIA E COMERCIO DE TINTAS LTDA;15;Indústria Química;1;Produção de substâncias e fabricação de produtos químicos;01/09/2004;27/09/2016;Alto;SAO JOSE DO RIO PRETO;SAO PAULO;-20,820278;-49,379722;Ativa;21/03/2026 20:28
7009769000209;WANA INDUSTRIA E COMERCIO DE PRODUTOS QUIMICOS LTDA;15;Indústria Química;1;Produção de substâncias e fabricação de produtos químicos;15/07/2009;;Alto;JACAREI;SAO PAULO;-23,213306;-46,004417;Ativa;21/03/2026 20:28
7047086000157;NEWCHEM INDÚSTRIA QUIMICA LTDA;15;Indústria Química;1;Produção de substâncias e fabricação de produtos químicos;01/10/2010;;Alto;GUARULHOS;SAO PAULO;-23,463556;-46,533556;Ativa;21/03/2026 20:28
7086661000120;"NORONHA & NORONHA COMERCIO DE GASES LTDA &#150; ME";15;Indústria Química;1;Produção de substâncias e fabricação de produtos químicos;28/11/2011;;Alto;ARACATUBA;SAO PAULO;-21,216861;-50,463361;Ativa;21/03/2026 20:28
7093284000157;AVIGNON COMERCIO VAREJISTA DE COMB. LTDA;15;Indústria Química;1;Produção de substâncias e fabricação de produtos químicos;01/01/2018;;Alto;SAO PAULO;SAO PAULO;-23,543806;-46,614917;Ativa;21/03/2026 20:28
7097695000382;TAMINCO DO BRASIL PRODUTOS QUÍMICOS LTDA;15;Indústria Química;1;Produção de substâncias e fabricação de produtos químicos;01/03/2020;;Alto;MAUA;SAO PAULO;-23,712575;-46,459606;Ativa;21/03/2026 20:28
7112364000102;GAMA QUIMICA DO BRASIL LTDA;15;Indústria Química;1;Produção de substâncias e fabricação de produtos químicos;01/12/2004;14/03/2024;Alto;DIADEMA;SAO PAULO;-23,706389;-46,593583;Ativa;21/03/2026 20:28
7122447000344;QUALYCRIL SOLUÇÕES PARA A CONSTRUÇÃO CIVIL LTDA;15;Indústria Química;1;Produção de substâncias e fabricação de produtos químicos;09/08/2019;;Alto;JANDIRA;SAO PAULO;-23,52575;-46,897528;Ativa;21/03/2026 20:28
7125955000114;ITW FLUIDS & HYGIENE SOLUTIONS LTDA.;15;Indústria Química;1;Produção de substâncias e fabricação de produtos químicos;01/01/2019;;Alto;TAUBATE;SAO PAULO;-23,047889;-45,590056;Ativa;21/03/2026 20:28
7146212000120;REAL TREAT IND. E COM. DE PRODUTOS QUIMICOS LTDA;15;Indústria Química;1;Produção de substâncias e fabricação de produtos químicos;23/11/2010;;Alto;GUARULHOS;SAO PAULO;-23,463653;-46,470064;Ativa;21/03/2026 20:28
7146413000128;ETRON TECNOLOGIA EM SANEAMENTO E REPRESENTAÇÕES LTDA EPP;15;Indústria Química;1;Produção de substâncias e fabricação de produtos químicos;07/05/2019;;Alto;LIMEIRA;SAO PAULO;-22,616944;-47,375556;Ativa;21/03/2026 20:28
7161191000201;BR3 TECNOLOGIA E INDUSTRIA QUIMICA E FARMACEUTICA LTDA;15;Indústria Química;1;Produção de substâncias e fabricação de produtos químicos;13/08/2013;;Alto;TAUBATE;SAO PAULO;-23,03675;-45,554806;Ativa;21/03/2026 20:28
7170200000131;MATIZ PIGMENTOS E PREPARAÇÕES LTDA.-EPP;15;Indústria Química;1;Produção de substâncias e fabricação de produtos químicos;11/01/2005;09/05/2019;Alto;EMBU;SAO PAULO;-23,646667;-46,835806;Ativa;21/03/2026 20:28
7174991000178;CQI - CENTRAL QUÍMICA INDUSTRIAL LTDA;15;Indústria Química;1;Produção de substâncias e fabricação de produtos químicos;30/10/2010;;Alto;ARARAQUARA;SAO PAULO;-21,742778;-48,128694;Ativa;21/03/2026 20:28
7234499001708;OPERSAN RESÍDUOS INDUSTRIAIS S/A - FILIAL;15;Indústria Química;1;Produção de substâncias e fabricação de produtos químicos;10/10/2023;;Alto;JUNDIAI;SAO PAULO;-23,186389;-46,884167;Ativa;21/03/2026 20:28
7247883000188;OREGON LABWARE IMP E EXP DE PROD PARA LAB LTDA.;15;Indústria Química;1;Produção de substâncias e fabricação de produtos químicos;13/12/2018;;Alto;SAO PAULO;SAO PAULO;-23,514889;-46,658167;Ativa;21/03/2026 20:28
7247883000269;OREGON LABWARE IND. IMP. E EXP. DE PRODUTOS PARA LABORATORIOS LTDA (FILIAL);15;Indústria Química;1;Produção de substâncias e fabricação de produtos químicos;27/03/2019;;Alto;VOTUPORANGA;SAO PAULO;-20,432917;-49,972806;Ativa;21/03/2026 20:28
7297789000133;RUMO QUIMICA IMPORTADORA E DISTRIBUIDORA LTDA;15;Indústria Química;1;Produção de substâncias e fabricação de produtos químicos;10/12/2019;;Alto;SAO PAULO;SAO PAULO;-23,5475;-46,636056;Ativa;21/03/2026 20:28
7313559000110;BIOCANE QUÍMICA INDUSTRIAL LTDA - EPP;15;Indústria Química;1;Produção de substâncias e fabricação de produtos químicos;06/05/2005;;Alto;PIRACICABA;SAO PAULO;-22,659056;-47,607583;Ativa;21/03/2026 20:28
7321234000180;SINERGIA AGRO DO BRASIL LTDA.;15;Indústria Química;1;Produção de substâncias e fabricação de produtos químicos;04/04/2005;15/05/2019;Alto;SERRA NEGRA;SAO PAULO;-22,609639;-46,708889;Ativa;21/03/2026 20:28
7348362000117;KDV INDUSTRIA COMERCIO DE EQUIPAMENTOS E ACESSORIOS DE MEDIDA TESTE E CONTROLE - EIRELI;15;Indústria Química;1;Produção de substâncias e fabricação de produtos químicos;25/04/2005;09/09/2025;Alto;SAO PAULO;SAO PAULO;-23,682778;-46,701944;Ativa;21/03/2026 20:28
7357799000117;KALIUM CHEMICAL COM IMP E EXPORTACAO LTDA.;15;Indústria Química;1;Produção de substâncias e fabricação de produtos químicos;17/02/2012;01/07/2025;Alto;SAO PAULO;SAO PAULO;-23,59425;-46,692167;Ativa;21/03/2026 20:28
7373789000175;ESFERA QUIMICA INDUSTRIA E COMERCIO LTDA;15;Indústria Química;1;Produção de substâncias e fabricação de produtos químicos;09/05/2005;;Alto;ITAQUAQUECETUBA;SAO PAULO;-23,490328;-46,348572;Ativa;21/03/2026 20:28
7442958000181;PLENTYCHEM INDUSTRIAL E COMERCIAL DE ADITIVOS LTDA. - EPP;15;Indústria Química;1;Produção de substâncias e fabricação de produtos químicos;16/06/2005;;Alto;SUZANO;SAO PAULO;-23,57805;-46,309811;Ativa;21/03/2026 20:28
7450031000193;CJ DO BRASIL IND. E COM. DE PROD ALIMENTICIOS LTD;15;Indústria Química;1;Produção de substâncias e fabricação de produtos químicos;26/07/2011;;Alto;PIRACICABA;SAO PAULO;-22,731667;-47,648167;Ativa;21/03/2026 20:28
7467822000398;SUMITOMO CHEMICAL BRASIL INDUSTRIA QUIMICA S.A;15;Indústria Química;1;Produção de substâncias e fabricação de produtos químicos;01/01/2001;23/03/2005;Alto;PAULINIA;SAO PAULO;-22,781389;-47,112778;Ativa;21/03/2026 20:28
7467822001793;SUMITOMO CHEMICAL BRASIL INDUSTRIA QUIMICA S.A.;15;Indústria Química;1;Produção de substâncias e fabricação de produtos químicos;24/08/2020;;Alto;MOJI MIRIM;SAO PAULO;-22,413417;-47,054194;Ativa;21/03/2026 20:28
7577022000168;BRANDAO & DESTRO LTDA - EPP;15;Indústria Química;1;Produção de substâncias e fabricação de produtos químicos;30/08/2005;;Alto;PRESIDENTE PRUDENTE;SAO PAULO;-22,125556;-51,388889;Ativa;21/03/2026 20:28
7609485000164;ACQUILA INDUSTRIA E COMERCIO DE VERNIZES LTDA;15;Indústria Química;1;Produção de substâncias e fabricação de produtos químicos;01/09/2005;;Alto;INDAIATUBA;SAO PAULO;-23,115956;-47,276219;Ativa;21/03/2026 20:28
7659803000100;DEOSDETE PEREIRA DE CASTRO;15;Indústria Química;1;Produção de substâncias e fabricação de produtos químicos;01/01/2014;10/03/2014;Alto;AGUDOS;SAO PAULO;-22,554178;-48,970183;Ativa;21/03/2026 20:28
7668523000150;FRATELLI RICCI QUÍMICA BRASIL LTDA.;15;Indústria Química;1;Produção de substâncias e fabricação de produtos químicos;17/08/2005;;Alto;AMERICANA;SAO PAULO;-22,6975;-47,308417;Ativa;21/03/2026 20:28
7682369000170;ELANTAS ISOLANTES ELÉTRICOS DO BRASIL LTDA.;15;Indústria Química;1;Produção de substâncias e fabricação de produtos químicos;01/01/2006;;Alto;CERQUILHO;SAO PAULO;-23,144694;-47,736389;Ativa;21/03/2026 20:28
7689526000170;HF INDUSTRIA QUIMICA LTDA - ME;15;Indústria Química;1;Produção de substâncias e fabricação de produtos químicos;17/10/2005;;Alto;JUNDIAI;SAO PAULO;-23,182058;-46,959611;Ativa;21/03/2026 20:28
7690938000120;ADVANT IND COM IMP E EXP DE PRODUTOS QUÍMICOS LTDA;15;Indústria Química;1;Produção de substâncias e fabricação de produtos químicos;02/05/2010;;Alto;MAUA;SAO PAULO;-23,626917;-46,447167;Ativa;21/03/2026 20:28
7693737000186;AKEMI BRASIL INDUSTRIA E COMERCIO LTDA;15;Indústria Química;1;Produção de substâncias e fabricação de produtos químicos;02/01/2017;;Alto;TABOAO DA SERRA;SAO PAULO;-23,613556;-46,791917;Ativa;21/03/2026 20:28
7740466000172;MASTER AGRO PRODUTOS AGRICOLAS LTDA;15;Indústria Química;1;Produção de substâncias e fabricação de produtos químicos;18/11/2005;;Alto;AVARE;SAO PAULO;-23,105364;-48,948592;Ativa;21/03/2026 20:28
7746693000296;GRAINTEC IND. COM. PRODUTOS QUÍMICOS LTDA;15;Indústria Química;1;Produção de substâncias e fabricação de produtos químicos;01/01/2008;;Alto;RIO CLARO;SAO PAULO;-22,346778;-47,548972;Ativa;21/03/2026 20:28
7753516000156;BVP QUIMICA LTDA;15;Indústria Química;1;Produção de substâncias e fabricação de produtos químicos;31/07/2006;;Alto;SAO PAULO;SAO PAULO;-23,521667;-46,620556;Ativa;21/03/2026 20:28
7775912000265;SOLUTECH IND. E COM. DE INGREDIENTES ALIMENTÍCIOS LTDA;15;Indústria Química;1;Produção de substâncias e fabricação de produtos químicos;29/03/2016;;Alto;JACAREI;SAO PAULO;-23,21;-46,008556;Ativa;21/03/2026 20:28
7780093000163;HGP INDUSTRIA QUIMICA LTDA;15;Indústria Química;1;Produção de substâncias e fabricação de produtos químicos;12/11/2010;25/08/2025;Alto;SOROCABA;SAO PAULO;-23,437878;-47,354461;Ativa;21/03/2026 20:28
7792520000123;TRANS-ATLANTA TRANSPORTES LTDA;15;Indústria Química;1;Produção de substâncias e fabricação de produtos químicos;06/12/2010;09/12/2010;Alto;GUARULHOS;SAO PAULO;-23,421167;-46,371389;Ativa;21/03/2026 20:28
7799239000201;MULTI OPTION LTDA. ME;15;Indústria Química;1;Produção de substâncias e fabricação de produtos químicos;10/11/2012;;Alto;BOTUCATU;SAO PAULO;-22,869389;-48,482528;Ativa;21/03/2026 20:28
7814533000156;BIOCAPITAL PARTICIPAÇÕES S.A;15;Indústria Química;1;Produção de substâncias e fabricação de produtos químicos;16/09/2006;;Alto;CHARQUEADA;SAO PAULO;-22,519333;-47,767556;Ativa;21/03/2026 20:28
7834440000193;OXIGEN FLUXOS INDUSTRIA E COMERCIO LTDA;15;Indústria Química;1;Produção de substâncias e fabricação de produtos químicos;24/11/2010;;Alto;SAO BERNARDO DO CAMPO;SAO PAULO;-23,683722;-46,565139;Ativa;21/03/2026 20:28
7881281000188;IMPERFLUOR INDE COM DE EMB E IMP DE PLAST LTDA EPP;15;Indústria Química;1;Produção de substâncias e fabricação de produtos químicos;18/05/2007;;Alto;PIQUETE;SAO PAULO;-22,621617;-45,159303;Ativa;21/03/2026 20:28
7896992000126;CHEMICALFLEX INDUSTRIA E COMERCIO EIRELI;15;Indústria Química;1;Produção de substâncias e fabricação de produtos químicos;27/08/2020;;Alto;DIADEMA;SAO PAULO;-23,688056;-46,608333;Ativa;21/03/2026 20:28
7951121000168;QUIMICA NOVA ARACATUBA INDUSTRIA E COMERCIO DE PRODUTOS QUIMICOS LTDA.;15;Indústria Química;1;Produção de substâncias e fabricação de produtos químicos;29/08/2018;;Alto;ARACATUBA;SAO PAULO;-21,215278;-50,463056;Ativa;21/03/2026 20:28
7952060000153;PINUS BRASIL AGRO FLORESTAL LTDA;15;Indústria Química;1;Produção de substâncias e fabricação de produtos químicos;12/07/2011;;Alto;BURI;SAO PAULO;-23,882167;-48,447778;Ativa;21/03/2026 20:28
8026508000170;GLOBAL BRASIL - TECNOLOGIA EM QUÍMICA E MODA LTDA.;15;Indústria Química;1;Produção de substâncias e fabricação de produtos químicos;19/06/2017;23/03/2022;Alto;SAO PAULO;SAO PAULO;-23,521944;-46,736944;Ativa;21/03/2026 20:28
8048915000189;CELSO ALVES DE OLIVEIRA DECALQUES;15;Indústria Química;1;Produção de substâncias e fabricação de produtos químicos;09/05/2024;;Alto;MAUA;SAO PAULO;-23,679103;-46,444556;Ativa;21/03/2026 20:28
8049419000140;METALMS INDUSTRIAL BRASILEIRA DE METAIS LTDA;15;Indústria Química;1;Produção de substâncias e fabricação de produtos químicos;01/07/2009;;Alto;ARUJA;SAO PAULO;-23,409756;-46,358894;Ativa;21/03/2026 20:28
8062665000565;VETTA QUIMICA IMPORTACAO E EXPORTACAO LTDA;15;Indústria Química;1;Produção de substâncias e fabricação de produtos químicos;21/03/2019;;Alto;PIRACICABA;SAO PAULO;-22,703306;-47,645806;Ativa;21/03/2026 20:28
8269002000192;MHNANO - COMÉRCIO, INDUSTRIA E DESENVOLVIMENTO LTDA - ME;15;Indústria Química;1;Produção de substâncias e fabricação de produtos químicos;25/02/2021;;Alto;NOVA ODESSA;SAO PAULO;-22,789167;-47,3275;Ativa;21/03/2026 20:28
8281692000103;LODES INDUSTRIA QUÍMICA LTDA EPP;15;Indústria Química;1;Produção de substâncias e fabricação de produtos químicos;24/05/2006;;Alto;OLIMPIA;SAO PAULO;-20,719806;-48,903361;Ativa;21/03/2026 20:28
8308519000143;J.R. RESINAGEM DE PINUS LTDA.;15;Indústria Química;1;Produção de substâncias e fabricação de produtos químicos;25/06/2013;;Alto;CAMPINA DO MONTE ALEGRE;SAO PAULO;-23,589208;-48,472128;Ativa;21/03/2026 20:28
8319371000142;BRASCHLOR PRODUTOS QUIMICOS LTDA;15;Indústria Química;1;Produção de substâncias e fabricação de produtos químicos;01/01/2014;;Alto;CAIEIRAS;SAO PAULO;-23,383556;-46,717528;Ativa;21/03/2026 20:28
8353108000170;ECOLE INDUSTRIA E COMERCIO DE LAPIS LTDA;15;Indústria Química;1;Produção de substâncias e fabricação de produtos químicos;26/07/2006;;Alto;ITAPETININGA;SAO PAULO;-23,613056;-48,083056;Ativa;21/03/2026 20:28
8369125000103;PST-PRESS SINTERTECNICA BRASIL, IMPORTAÇÃO E EXPO;15;Indústria Química;1;Produção de substâncias e fabricação de produtos químicos;10/10/2006;01/12/2017;Alto;NOVA ODESSA;SAO PAULO;-22,773056;-47,250278;Ativa;21/03/2026 20:28
8398456000163;AGRODAMA INSUMOS AGROPECUARIOS LIMITADA;15;Indústria Química;1;Produção de substâncias e fabricação de produtos químicos;06/02/2019;;Alto;ITAPOLIS;SAO PAULO;-21,597778;-48,830556;Ativa;21/03/2026 20:28
8456505000339;ANTARES RECICLAGEM LTDA;15;Indústria Química;1;Produção de substâncias e fabricação de produtos químicos;17/06/2010;07/11/2012;Alto;PINDORAMA;SAO PAULO;-21,197136;-48,919889;Ativa;21/03/2026 20:28
8552251000190;ESPECIAL QUIMICA SERVICOS COMERCIO IMPORTACAO E EXPORTACAO LTDA.;15;Indústria Química;1;Produção de substâncias e fabricação de produtos químicos;17/04/2009;15/10/2015;Alto;LAVRINHAS;SAO PAULO;-22,493914;-44,866025;Ativa;21/03/2026 20:28
8584080000181;SOLUÇÕES QUÍMICAS BRASIL PIGMENTOS E SAIS INORGÃNICOS LTDA ME;15;Indústria Química;1;Produção de substâncias e fabricação de produtos químicos;14/02/2008;;Alto;ITAPIRA;SAO PAULO;-22,448056;-46,835833;Ativa;21/03/2026 20:28
8617578000365;BIOGROW BRASIL LTDA.;15;Indústria Química;1;Produção de substâncias e fabricação de produtos químicos;07/07/2015;;Alto;VALINHOS;SAO PAULO;-22,994606;-47,033631;Ativa;21/03/2026 20:28
8653132000124;SILUX INDUSTRIA E COMERCIO DE TINTAS LTDA - ME;15;Indústria Química;1;Produção de substâncias e fabricação de produtos químicos;22/05/2016;;Alto;SAO JOSE DO RIO PRETO;SAO PAULO;-20,848611;-49,331944;Ativa;21/03/2026 20:28
8672606000185;DND QUIMICA LTDA;15;Indústria Química;1;Produção de substâncias e fabricação de produtos químicos;01/12/2006;;Alto;BARRINHA;SAO PAULO;-21,191944;-48,146389;Ativa;21/03/2026 20:28
8683441000228;AUXITECH PRODUTOS QUIMICOS DO BRASIL LTDA.;15;Indústria Química;1;Produção de substâncias e fabricação de produtos químicos;01/01/2024;;Alto;FERRAZ DE VASCONCELOS;SAO PAULO;-23,521653;-46,378656;Ativa;21/03/2026 20:28
8694144000105;ALL QUALITY LOG INDUSTRIA E COMERCIO IMP. EXP. LTDA;15;Indústria Química;1;Produção de substâncias e fabricação de produtos químicos;01/01/2019;;Alto;ITAPETININGA;SAO PAULO;-23,609631;-48,054258;Ativa;21/03/2026 20:28
8710639000172;ADI CENTER BRASIL LTDA;15;Indústria Química;1;Produção de substâncias e fabricação de produtos químicos;14/03/2007;;Alto;SAO PAULO;SAO PAULO;-23,523022;-46,670933;Ativa;21/03/2026 20:28
8710639000504;ADI CENTER BRASIL LTDA;15;Indústria Química;1;Produção de substâncias e fabricação de produtos químicos;06/12/2025;;Alto;GUARULHOS;SAO PAULO;-23,435833;-46,454167;Ativa;21/03/2026 20:28
8764471000188;UNA - PROSIL - USINA AMERICA INDUSTRIA E COMERCIO LTDA;15;Indústria Química;1;Produção de substâncias e fabricação de produtos químicos;01/04/2019;;Alto;CAJAMAR;SAO PAULO;-23,346056;-46,855306;Ativa;21/03/2026 20:28
8775313000123;REVOCHEMICAL INDUSTRIA E COMERCIO E PRODUTOS QUIMICOS LTDA;15;Indústria Química;1;Produção de substâncias e fabricação de produtos químicos;08/06/2006;;Alto;ALUMINIO;SAO PAULO;-23,502222;-47,2605;Ativa;21/03/2026 20:28
8783206000147;ONIBRAS PRODUTOS QUIMICOS LTDA EPP;15;Indústria Química;1;Produção de substâncias e fabricação de produtos químicos;14/03/2007;;Alto;RIBEIRAO PRETO;SAO PAULO;-21,163922;-47,807006;Ativa;21/03/2026 20:28
8790523000190;API - PRODUTOS QUIMICOS LTDA;15;Indústria Química;1;Produção de substâncias e fabricação de produtos químicos;27/08/2014;;Alto;BOM JESUS DOS PERDOES;SAO PAULO;-23,12;-46,482778;Ativa;21/03/2026 20:28
8790523000271;API PRODUTOS QUÍMICOS LTDA;15;Indústria Química;1;Produção de substâncias e fabricação de produtos químicos;03/06/2014;;Alto;POLONI;SAO PAULO;-20,743686;-49,794411;Ativa;21/03/2026 20:28
8814961000141;PULVITEC DO BRASIL INDÚSTRIA E COMÉRCIO DE COLAS E;15;Indústria Química;1;Produção de substâncias e fabricação de produtos químicos;27/06/2007;;Alto;SAO PAULO;SAO PAULO;-23,534806;-46,754917;Ativa;21/03/2026 20:28
8816634000129;CRYSTALMIX COMERCIO E MANUTENÇÃO DE EQUIPAMENTOS DE GAS LTDA - EPP;15;Indústria Química;1;Produção de substâncias e fabricação de produtos químicos;10/10/2011;;Alto;SAO PAULO;SAO PAULO;-23,52;-46,595;Ativa;21/03/2026 20:28
8833531000177;PULCRA ESPECIALIDADES QUÍMICAS LTDA;15;Indústria Química;1;Produção de substâncias e fabricação de produtos químicos;25/07/2007;;Alto;JACAREI;SAO PAULO;-23,27;-45,98;Ativa;21/03/2026 20:28
8883569000154;TINGOY INDÚSTRA E COMÉRCIO LTDA;15;Indústria Química;1;Produção de substâncias e fabricação de produtos químicos;30/03/2007;;Alto;SAO PAULO;SAO PAULO;-23,479444;-46,662778;Ativa;21/03/2026 20:28
8883727000176;TERPENOIL TECNOLOGIA ORGÂNICA LTDA;15;Indústria Química;1;Produção de substâncias e fabricação de produtos químicos;29/11/2011;;Alto;JUNDIAI;SAO PAULO;-23,195889;-46,908806;Ativa;21/03/2026 20:28
8936349000222;BEVFOODS INDÚSTRIA E COMÉRCIO DE ADITIVOS PARA ALIMENTOS E COSMÉTICOS LTDA - EPP;15;Indústria Química;1;Produção de substâncias e fabricação de produtos químicos;21/12/2017;29/06/2018;Alto;JANDIRA;SAO PAULO;-23,520636;-46,925861;Ativa;21/03/2026 20:28
8939862000196;QUALITA INDUSTRIA E COMERCIO DE PRODUTOS PARA VEDAÇÃO LTDA;15;Indústria Química;1;Produção de substâncias e fabricação de produtos químicos;22/06/2007;;Alto;BOM JESUS DOS PERDOES;SAO PAULO;-23,139506;-46,459439;Ativa;21/03/2026 20:28
8970866000307;MARBOW RESINAS LTDA;15;Indústria Química;1;Produção de substâncias e fabricação de produtos químicos;30/03/2023;;Alto;ARACARIGUAMA;SAO PAULO;-23,438556;-47,061389;Ativa;21/03/2026 20:28
9054341000114;DYNATECH INDUSTRIAS QUIMICAS LTDA;15;Indústria Química;1;Produção de substâncias e fabricação de produtos químicos;29/06/2007;;Alto;ITUPEVA;SAO PAULO;-23,163056;-47,018056;Ativa;21/03/2026 20:28
9059157000167;ARATROP BRASIL - QUIMICA INDL. COML. IMP. E EXP. LTDA;15;Indústria Química;1;Produção de substâncias e fabricação de produtos químicos;04/05/2022;;Alto;JARDINOPOLIS;SAO PAULO;-21,031361;-47,783833;Ativa;21/03/2026 20:28
9069184000110;CHEM4U INDÚSTRIA E COMÉRCIO DE EQUIPAMENTOS E PRODUTOS QUÍMICOS LTDA.;15;Indústria Química;1;Produção de substâncias e fabricação de produtos químicos;10/10/2013;;Alto;MAUA;SAO PAULO;-23,660806;-46,469528;Ativa;21/03/2026 20:28
9099536000180;DIPROQUIM DISTRIBUIDORA E IMPORTADORA DE PRODUTOS QUÍMICOS LTDA;15;Indústria Química;1;Produção de substâncias e fabricação de produtos químicos;02/04/2012;;Alto;LORENA;SAO PAULO;-22,736389;-45,096056;Ativa;21/03/2026 20:28
9102956000179;ROCCOPETRO INDUSTRIA DE LUBRIFICANTES LTDA;15;Indústria Química;1;Produção de substâncias e fabricação de produtos químicos;01/03/2026;;Alto;INDAIATUBA;SAO PAULO;-23,131667;-47,225278;Ativa;21/03/2026 20:28
9122998000171;PLASTPUR COMERCIO E INDUSTRIA DE RESINAS PLASTICAS E POLIURETANO EIRELLI;15;Indústria Química;1;Produção de substâncias e fabricação de produtos químicos;01/10/2014;31/12/2014;Alto;SAO PAULO;SAO PAULO;-23,5475;-46,636111;Ativa;21/03/2026 20:28
9142402000103;MATCHEM - SP PRODUTOS QUIMICOS LTDA;15;Indústria Química;1;Produção de substâncias e fabricação de produtos químicos;01/03/2011;;Alto;SANTANA DE PARNAIBA;SAO PAULO;-23,407778;-46,873417;Ativa;21/03/2026 20:28
9179063000121;NEXOLEUM BIODERIVADOS S.A;15;Indústria Química;1;Produção de substâncias e fabricação de produtos químicos;18/10/2007;;Alto;MONTE MOR;SAO PAULO;-22,945056;-47,277806;Ativa;21/03/2026 20:28
9183308000275;LOYDER INDUSTRIA DE ADITIVOS E FERTILIZANTES LTDA.;15;Indústria Química;1;Produção de substâncias e fabricação de produtos químicos;29/08/2022;;Alto;OLIMPIA;SAO PAULO;-20,723806;-48,994667;Ativa;21/03/2026 20:28
9209228000160;TECNOSIL INDUSTRIA E COMERCIO DE PRODUTOS QUIMICOS LTDA;15;Indústria Química;1;Produção de substâncias e fabricação de produtos químicos;25/08/2020;;Alto;ITUPEVA;SAO PAULO;-23,166389;-47,033056;Ativa;21/03/2026 20:28
9227595000197;JCL COMERCIO E SERVIÇOS LTDA;15;Indústria Química;1;Produção de substâncias e fabricação de produtos químicos;19/11/2025;;Alto;AMERICANA;SAO PAULO;-22,689722;-47,304722;Ativa;21/03/2026 20:28
9258835000110;VIMAF INDÚSTRIA E COMÉRCIO DE SOLDAS LTDA;15;Indústria Química;1;Produção de substâncias e fabricação de produtos químicos;31/10/2007;;Alto;JANDIRA;SAO PAULO;-23,525333;-46,901;Ativa;21/03/2026 20:28
9301376000100;SIRIUS ESPECIALIDADES LTDA;15;Indústria Química;1;Produção de substâncias e fabricação de produtos químicos;04/01/2008;;Alto;JACAREI;SAO PAULO;-23,302917;-46,017556;Ativa;21/03/2026 20:28
9356302000171;NOX SOLUTIONS INDUSTRIA E COMERCIO DE PRODUTOS QUÍMICOS LTDA EPP;15;Indústria Química;1;Produção de substâncias e fabricação de produtos químicos;25/03/2024;;Alto;MAUA;SAO PAULO;-23,666167;-46,469556;Ativa;21/03/2026 20:28
9393664000132;LYCHNOFLORA PESQUISA E DESENVOLVIMENTO LTDA.;15;Indústria Química;1;Produção de substâncias e fabricação de produtos químicos;19/10/2023;;Alto;RIBEIRAO PRETO;SAO PAULO;-21,097167;-47,861056;Ativa;21/03/2026 20:28
9413425000105;DUCLE INDUSTRIA E COMERCIO DE ADITIVOS AUTOMOTIVOS LTDA - ME;15;Indústria Química;1;Produção de substâncias e fabricação de produtos químicos;28/01/2008;;Alto;NOVA ODESSA;SAO PAULO;-22,766667;-47,292778;Ativa;21/03/2026 20:28
9471917000149;DENVER ESPECIALIDADES QUIMICAS LTDA;15;Indústria Química;1;Produção de substâncias e fabricação de produtos químicos;08/07/2011;;Alto;COTIA;SAO PAULO;-23,589778;-46,881083;Ativa;21/03/2026 20:28
9471917000220;DENVER ESPECIALIDADES QUIMICAS LTDA;15;Indústria Química;1;Produção de substâncias e fabricação de produtos químicos;08/10/2014;;Alto;ITAPEVI;SAO PAULO;-23,534472;-46,969444;Ativa;21/03/2026 20:28
9474192000142;BIOACTIVE BIOMATERIAIS S.A.;15;Indústria Química;1;Produção de substâncias e fabricação de produtos químicos;24/05/2013;;Alto;INDAIATUBA;SAO PAULO;-23,137778;-47,231667;Ativa;21/03/2026 20:28
9526816000128;PRIME CHEMICAL IND COM PRODUTOS QUIMICOS LTDA;15;Indústria Química;1;Produção de substâncias e fabricação de produtos químicos;27/05/2008;;Alto;FRANCA;SAO PAULO;-20,555639;-47,4115;Ativa;21/03/2026 20:28
9569273000126;IMPERIO HIPER INDUSTRIA DE IMPERMEABILIZANTES EIRELI;15;Indústria Química;1;Produção de substâncias e fabricação de produtos químicos;24/06/2008;;Alto;ARACARIGUAMA;SAO PAULO;-23,481944;-47,030833;Ativa;21/03/2026 20:28
9636380000120;STARTECH PRODUTOS QUIMICOS LTDA;15;Indústria Química;1;Produção de substâncias e fabricação de produtos químicos;24/06/2008;;Alto;SANTA BARBARA D'OESTE;SAO PAULO;-22,753556;-47,413556;Ativa;21/03/2026 20:28
10203548000192;O ESTRADAO INDUSTRIA E COMERCIO DE ACESSORIOS LTDA EPP;15;Indústria Química;1;Produção de substâncias e fabricação de produtos químicos;14/08/2020;;Alto;NOVA ODESSA;SAO PAULO;-22,798333;-47,291111;Ativa;21/03/2026 20:28
10208792000148;TORK INDUSTRIA E COMERCIO DE PRODUTOS QUIMICOS LTDA;15;Indústria Química;1;Produção de substâncias e fabricação de produtos químicos;20/05/2008;;Alto;PEDERNEIRAS;SAO PAULO;-22,336306;-48,791667;Ativa;21/03/2026 20:28
10229869000166;VICRON QUIMICA LTDA;15;Indústria Química;1;Produção de substâncias e fabricação de produtos químicos;25/03/2008;;Alto;TABOAO DA SERRA;SAO PAULO;-23,630261;-46,81275;Ativa;21/03/2026 20:28
10242852000149;INDUSTRIA DE COAGULANTE COLIBRI LTDA. - ME;15;Indústria Química;1;Produção de substâncias e fabricação de produtos químicos;27/05/2008;;Alto;MIRASSOL;SAO PAULO;-20,819167;-49,521056;Ativa;21/03/2026 20:28
10250874000150;LUMASA PRODUTOS QUIMICOS LTDA.;15;Indústria Química;1;Produção de substâncias e fabricação de produtos químicos;22/04/2025;06/10/2025;Alto;DIADEMA;SAO PAULO;-23,691444;-46,548917;Ativa;21/03/2026 20:28
10262352000179;BIO SOLUTIONS PRODUTOS QUIMICOS LTDA;15;Indústria Química;1;Produção de substâncias e fabricação de produtos químicos;11/07/2008;;Alto;VARGEM GRANDE PAULISTA;SAO PAULO;-23,609936;-47,017139;Ativa;21/03/2026 20:28
10262944000190;DAPP COMERCIO DE PRODUTOS QUIMICOS LTDA.;15;Indústria Química;1;Produção de substâncias e fabricação de produtos químicos;02/01/2024;;Alto;GUARATINGUETA;SAO PAULO;-22,777892;-45,156664;Ativa;21/03/2026 20:28
10267165000188;BARUTH MUSSAF COMERCIO DE PRODUTOS QUIMICOS LTDA;15;Indústria Química;1;Produção de substâncias e fabricação de produtos químicos;01/12/2015;;Alto;MAIRIPORA;SAO PAULO;-23,246681;-46,589722;Ativa;21/03/2026 20:28
10293179000176;NEONOX QUIMICA LTDA;15;Indústria Química;1;Produção de substâncias e fabricação de produtos químicos;03/04/2017;;Alto;ARARAQUARA;SAO PAULO;-21,823403;-48,154272;Ativa;21/03/2026 20:28
10296383000302;VEDATUDO INDUSTRIA E COMERCIO DE ADESIVOS E SELANTES EIRELI;15;Indústria Química;1;Produção de substâncias e fabricação de produtos químicos;13/09/2018;;Alto;ITUPEVA;SAO PAULO;-23,162981;-47,028578;Ativa;21/03/2026 20:28
10303286000561;BAUTECH INDUSTRIA E COMERCIO DE TINTAS LTDA;15;Indústria Química;1;Produção de substâncias e fabricação de produtos químicos;09/02/2012;;Alto;ITAQUAQUECETUBA;SAO PAULO;-23,458333;-46,326111;Ativa;21/03/2026 20:28
10304894000167;BIO ENERGY INDUSTRIA E COMERCIO DE PRODUTOS QUIMICOS EIRELI;15;Indústria Química;1;Produção de substâncias e fabricação de produtos químicos;01/10/2008;;Alto;SANTO ANDRE;SAO PAULO;-23,64595;-46,534792;Ativa;21/03/2026 20:28
10328941000102;INGER DO BRASIL COMERCIO DE PRODUTOS QUIMICOS LTDA;15;Indústria Química;1;Produção de substâncias e fabricação de produtos químicos;15/04/2020;;Alto;ITUPEVA;SAO PAULO;-23,150169;-47,033333;Ativa;21/03/2026 20:28
10351268000121;SABER QUIMICA INDUSTRIA E COMERCIO LTDA;15;Indústria Química;1;Produção de substâncias e fabricação de produtos químicos;15/04/2025;;Alto;BARUERI;SAO PAULO;-23,511389;-46,876667;Ativa;21/03/2026 20:28
10391967000103;MAFER COMERCIAL E DISTRIBUIDORA LTDA;15;Indústria Química;1;Produção de substâncias e fabricação de produtos químicos;16/06/2021;;Alto;ITAQUAQUECETUBA;SAO PAULO;-23,472039;-46,324819;Ativa;21/03/2026 20:28
10399413000144;ÊXODO CIENTÍFICA QUÍMICA FINA INDÚSTRIA E COMÉRCIO LTDA;15;Indústria Química;1;Produção de substâncias e fabricação de produtos químicos;06/04/2011;;Alto;SUMARE;SAO PAULO;-22,850056;-47,215806;Ativa;21/03/2026 20:28
10443916000170;ENEOS DO BRASIL COMERCIO DE LUBRIFICANTES LTDA;15;Indústria Química;1;Produção de substâncias e fabricação de produtos químicos;24/10/2008;;Alto;SAO PAULO;SAO PAULO;-23,575556;-46,64;Ativa;21/03/2026 20:28
10455642000139;TRADE QUIMICA COMERCIO DE PRODUTOS LTDA;15;Indústria Química;1;Produção de substâncias e fabricação de produtos químicos;19/08/2008;;Alto;MOGI DAS CRUZES;SAO PAULO;-23,5237;-46,18515;Ativa;21/03/2026 20:28
10482163000101;ITA - INDÚSTRIA TÉCNICA DE ADESIVOS LTDA. - EPP;15;Indústria Química;1;Produção de substâncias e fabricação de produtos químicos;03/02/2017;;Alto;CAJAMAR;SAO PAULO;-23,356111;-46,876944;Ativa;21/03/2026 20:28
10517066000107;ERCA INDUSTRIA E COMERCIO DE PRODUTOS QUIMICOS LTDA.;15;Indústria Química;1;Produção de substâncias e fabricação de produtos químicos;05/11/2008;;Alto;ITATIBA;SAO PAULO;-23,061917;-46,843917;Ativa;21/03/2026 20:28
10520694000141;FINNTEC INDUSTRIA QUÍMICA LTDA;15;Indústria Química;1;Produção de substâncias e fabricação de produtos químicos;01/10/2023;;Alto;AMERICANA;SAO PAULO;-22,7525;-47,260278;Ativa;21/03/2026 20:28
10529313000195;KK SPRAY INDUSTRIA E COMERCIO DE AEROSOIS LTDA;15;Indústria Química;1;Produção de substâncias e fabricação de produtos químicos;10/03/2015;07/06/2016;Alto;GUARULHOS;SAO PAULO;-23,456306;-46,537389;Ativa;21/03/2026 20:28
10555298000150;WATERFLOWS BIOQUÍMICA DO BRASIL LTDA;15;Indústria Química;1;Produção de substâncias e fabricação de produtos químicos;16/05/2008;;Alto;MOJI MIRIM;SAO PAULO;-22,482917;-46,959556;Ativa;21/03/2026 20:28
10576411000345;SINTEQUIMICA DO BRASIL LTDA;15;Indústria Química;1;Produção de substâncias e fabricação de produtos químicos;15/10/2010;;Alto;CAIEIRAS;SAO PAULO;-23,357617;-46,748453;Ativa;21/03/2026 20:28
10582331000130;BIO QUIMICA INDÚSTRIA E COM. DE PRODUTOS QUIMICOS LTDA;15;Indústria Química;1;Produção de substâncias e fabricação de produtos químicos;05/01/2009;;Alto;COROADOS;SAO PAULO;-21,366694;-50,276778;Ativa;21/03/2026 20:28
10591703000195;T & E IND E COM DE ARTEFATOS DE BORRACHAS EIRELI;15;Indústria Química;1;Produção de substâncias e fabricação de produtos químicos;24/07/2018;;Alto;NOVA ODESSA;SAO PAULO;-22,800306;-47,295306;Ativa;21/03/2026 20:28
10598008000155;TRICHEM CHEMICAL'S INDUSTRIA E COMERCIO LTDA;15;Indústria Química;1;Produção de substâncias e fabricação de produtos químicos;03/02/2011;10/10/2019;Alto;VARGEM GRANDE PAULISTA;SAO PAULO;-23,613167;-46,98075;Ativa;21/03/2026 20:28
10602176000177;VG- INDÚSTRIA DE ADITIVOS DE USO INDUSTRIAL LTDA.;15;Indústria Química;1;Produção de substâncias e fabricação de produtos químicos;03/07/2020;;Alto;RIO CLARO;SAO PAULO;-22,508611;-47,584444;Ativa;21/03/2026 20:28
10611985000145;CEIMIC ACCERT INDUSTRIA, COMERCIO, IMPORTACAO E EXPORTACAO EM QUIMICA E BIOTECNOLOGIA LTDA;15;Indústria Química;1;Produção de substâncias e fabricação de produtos químicos;28/06/2018;;Alto;SAO CARLOS;SAO PAULO;-22,0175;-47,890806;Ativa;21/03/2026 20:28
10637100000187;EAGLE-EYE IND.E COM. DE PRODUTOS AMBIENTAIS LTDA;15;Indústria Química;1;Produção de substâncias e fabricação de produtos químicos;01/04/2025;;Alto;MOGI DAS CRUZES;SAO PAULO;-23,420278;-46,209167;Ativa;21/03/2026 20:28
10707645000112;VS QUIMICA INDÚSTRIA E COMERCIO LTDA;15;Indústria Química;1;Produção de substâncias e fabricação de produtos químicos;06/10/2020;;Alto;MAUA;SAO PAULO;-23,6563;-46,492836;Ativa;21/03/2026 20:28
10709283000107;PRATICA COM. DE PROD. EQUIP. DO CONTROLE AMBIENTAL LTDA EPP;15;Indústria Química;1;Produção de substâncias e fabricação de produtos químicos;11/10/2022;;Alto;ATIBAIA;SAO PAULO;-23,111917;-46,545556;Ativa;21/03/2026 20:28
10745687000148;VITTA QUIMICA INDUSTRIA E COMERCIO LTDA;15;Indústria Química;1;Produção de substâncias e fabricação de produtos químicos;01/08/2012;;Alto;PINDAMONHANGABA;SAO PAULO;-22,926392;-45,470769;Ativa;21/03/2026 20:28
10795960000149;SYCO INDUSTRIA QUIMICA LTDA;15;Indústria Química;1;Produção de substâncias e fabricação de produtos químicos;10/02/2009;;Alto;DIADEMA;SAO PAULO;-23,685;-46,619444;Ativa;21/03/2026 20:28
10803190000139;BIOBROTAS OLEOQUIMICA LTDA;15;Indústria Química;1;Produção de substâncias e fabricação de produtos químicos;01/08/2009;;Alto;BROTAS;SAO PAULO;-22,259167;-48,143306;Ativa;21/03/2026 20:28
10807125000181;T & TALENT DO BRASIL INDUSTRIA E COMERCIO LTDA;15;Indústria Química;1;Produção de substâncias e fabricação de produtos químicos;01/01/2016;;Alto;JANDIRA;SAO PAULO;-23,521056;-46,926917;Ativa;21/03/2026 20:28
10847385000180;BRUNO E.N DA SILVA M.E;15;Indústria Química;1;Produção de substâncias e fabricação de produtos químicos;20/03/2017;;Alto;MORUNGABA;SAO PAULO;-22,875833;-46,793889;Ativa;21/03/2026 20:28
10874122000160;BIOCLARA INDUSTRIA QUIMICA LTDA;15;Indústria Química;1;Produção de substâncias e fabricação de produtos químicos;13/05/2009;;Alto;PONTAL;SAO PAULO;-21,034667;-48,033306;Ativa;21/03/2026 20:28
10945393000160;DIOXIDE INDUSTRIA QUIMICA LTDA;15;Indústria Química;1;Produção de substâncias e fabricação de produtos químicos;15/11/2016;;Alto;INDAIATUBA;SAO PAULO;-23,084917;-47,2;Ativa;21/03/2026 20:28
11005987000153;POLY DEFENSOR INDÚSTRIA QUIMICA LTDA.;15;Indústria Química;1;Produção de substâncias e fabricação de produtos químicos;15/04/2009;;Alto;VALINHOS;SAO PAULO;-22,9625;-47,005278;Ativa;21/03/2026 20:28
11026356000110;SYNMK SOLUÇÕES TÉCNICAS EM FLUÍDOS LTDA;15;Indústria Química;1;Produção de substâncias e fabricação de produtos químicos;19/06/2009;;Alto;GUARULHOS;SAO PAULO;-23,415278;-46,445167;Ativa;21/03/2026 20:28
11074154000144;PLURALQUÍMICA INDUSTRIA E COMERCIO LTDA EPP;15;Indústria Química;1;Produção de substâncias e fabricação de produtos químicos;20/08/2009;;Alto;CERQUILHO;SAO PAULO;-23,145833;-47,730833;Ativa;21/03/2026 20:28
11122853000112;ALCOFLAME INDUSTRIA E COMERCIO DE PRODUTOS QUIMICOS E MAQUINAS LTDA;15;Indústria Química;1;Produção de substâncias e fabricação de produtos químicos;16/07/2009;;Alto;MOCOCA;SAO PAULO;-21,47075;-47,029694;Ativa;21/03/2026 20:28
11147350000100;NAMP SERVIÇOS COMÉRCIO E INDÚSTRIA DE PRODUTOS ALIMENTÍCIOS LTDA;15;Indústria Química;1;Produção de substâncias e fabricação de produtos químicos;06/10/2023;;Alto;GUARULHOS;SAO PAULO;-23,4775;-46,526056;Ativa;21/03/2026 20:28
11151429000104;ITACOL IND.COM.IMP.E EXP. DE RESINAS NATURAIS LTDA;15;Indústria Química;1;Produção de substâncias e fabricação de produtos químicos;05/06/2009;07/06/2024;Alto;ITAPETININGA;SAO PAULO;-23,60425;-48,056917;Ativa;21/03/2026 20:28
11195074000147;ZAMALEK INDÚSTRIA E COMERCIO DE PRODUTOS QUIMICOS LTDA;15;Indústria Química;1;Produção de substâncias e fabricação de produtos químicos;26/08/2009;;Alto;SAO JOAO DA BOA VISTA;SAO PAULO;-22,317919;-49,002111;Ativa;21/03/2026 20:28
11272246000309;CPE - COMPOSTOS PLASTICOS DE ENGENHARIA LTDA;15;Indústria Química;1;Produção de substâncias e fabricação de produtos químicos;01/02/2015;;Alto;GUARUJA;SAO PAULO;-23,979667;-46,278556;Ativa;21/03/2026 20:28
11294959000101;AMBIQUIM INDUSTRIA QUIMICA LTDA;15;Indústria Química;1;Produção de substâncias e fabricação de produtos químicos;04/07/2011;;Alto;MAUA;SAO PAULO;-23,667778;-46,461389;Ativa;21/03/2026 20:28
11325308000204;IPQ PRODUTOS QUÍMICOS LTDA;15;Indústria Química;1;Produção de substâncias e fabricação de produtos químicos;15/01/2018;;Alto;DIADEMA;SAO PAULO;-23,706028;-46,60425;Ativa;21/03/2026 20:28
11349538000122;RIBERALCOOL COMERCIO E DISTRIBUIDORA DE PRODUTOS QUIMICOS LTDA;15;Indústria Química;1;Produção de substâncias e fabricação de produtos químicos;02/10/2018;;Alto;RIBEIRAO PRETO;SAO PAULO;-21,131106;-47,780267;Ativa;21/03/2026 20:28
11420548000107;ESSECO DO BRASIL IND E COMERCIO DE PRODUTOS QUIMICOS LTDA;15;Indústria Química;1;Produção de substâncias e fabricação de produtos químicos;27/04/2011;;Alto;ARACARIGUAMA;SAO PAULO;-23,436806;-47,061306;Ativa;21/03/2026 20:28
11520003000172;BIOVITAL INDUSTRIA E COMERCIO DE ESPECIALIDADES COSMECEUTICAS LTDA ­ EPP  ;15;Indústria Química;1;Produção de substâncias e fabricação de produtos químicos;23/10/2009;;Alto;SAO CARLOS;SAO PAULO;-22,0175;-47,890806;Ativa;21/03/2026 20:28
11903760000125;MTECH INDÚSTRIA E COMÉRCIO DE PRODUTOS QUÍMICOS LTDA.;15;Indústria Química;1;Produção de substâncias e fabricação de produtos químicos;13/01/2010;;Alto;SANTA BARBARA D'OESTE;SAO PAULO;-22,743556;-47,360444;Ativa;21/03/2026 20:28
11924705000111;NOVA BÓHRIO COMÉRCIO E INDÚSTRIA EIRELI;15;Indústria Química;1;Produção de substâncias e fabricação de produtos químicos;01/04/2013;;Alto;SAO PAULO;SAO PAULO;-23,475556;-46,883583;Ativa;21/03/2026 20:28
11931402000126;ORION ENGINEERED CARBONS LTDA;15;Indústria Química;1;Produção de substâncias e fabricação de produtos químicos;01/07/2010;;Alto;PAULINIA;SAO PAULO;-22,745806;-47,140278;Ativa;21/03/2026 20:28
11959613000177;REAW - INDUSTRIA E COMERCIO DE PRODUTOS ODONTOLOGICOS LTDA;15;Indústria Química;1;Produção de substâncias e fabricação de produtos químicos;25/07/2019;;Alto;PIRASSUNUNGA;SAO PAULO;-22,028258;-47,41885;Ativa;21/03/2026 20:28
12008104000121;PULVER TECH INDÚSTRIA QUÍMICA LTDA;15;Indústria Química;1;Produção de substâncias e fabricação de produtos químicos;12/08/2016;;Alto;DIADEMA;SAO PAULO;-23,676667;-46,594444;Ativa;21/03/2026 20:28
12065083000348;AMYRIS BIOTECNOLOGIA DO BRASIL LTDA;15;Indústria Química;1;Produção de substâncias e fabricação de produtos químicos;06/04/2018;;Alto;CAMPINAS;SAO PAULO;-22,851417;-47,149417;Ativa;21/03/2026 20:28
12141133000590;PXA SP - INOVACAO E ECONOMIA CIRCULAR S.A.;15;Indústria Química;1;Produção de substâncias e fabricação de produtos químicos;01/03/2016;;Alto;SANTANA DE PARNAIBA;SAO PAULO;-23,480556;-46,904167;Ativa;21/03/2026 20:28
12164717000158;HD FLEX INDÚSTRIA E COMÉRCIO DE ADESIVOS, SELANTES E ENVASAMENTO DE AEROSOL LTDA;15;Indústria Química;1;Produção de substâncias e fabricação de produtos químicos;26/03/2010;;Alto;DIADEMA;SAO PAULO;-23,688083;-46,581264;Ativa;21/03/2026 20:28
12183722000108;AQUATEC QUIMICA LTDA ME;15;Indústria Química;1;Produção de substâncias e fabricação de produtos químicos;01/05/2015;;Alto;PRESIDENTE PRUDENTE;SAO PAULO;-22,125556;-51,388889;Ativa;21/03/2026 20:28
12183733000198;GREEN PALM QUIMICA LTDA;15;Indústria Química;1;Produção de substâncias e fabricação de produtos químicos;16/11/2010;;Alto;INDAIATUBA;SAO PAULO;-23,138167;-47,232306;Ativa;21/03/2026 20:28
12199337000159;GELITA DO BRASIL LTDA;15;Indústria Química;1;Produção de substâncias e fabricação de produtos químicos;24/01/2002;;Alto;COTIA;SAO PAULO;-23,603889;-46,919167;Ativa;21/03/2026 20:28
12199337001473;GELITA DO BRASIL LTDA;15;Indústria Química;1;Produção de substâncias e fabricação de produtos químicos;03/11/2005;;Alto;MOCOCA;SAO PAULO;-21,449389;-47,003389;Ativa;21/03/2026 20:28
12216168000118;COPASIL QUÍMICA INDUSTRIAL LTDA;15;Indústria Química;1;Produção de substâncias e fabricação de produtos químicos;07/07/2016;;Alto;INDAIATUBA;SAO PAULO;-23,131944;-47,213139;Ativa;21/03/2026 20:28
12245029000112;COLABRASIL INDUSTRIA E COMERCIO LTDA;15;Indústria Química;1;Produção de substâncias e fabricação de produtos químicos;01/07/2010;;Alto;PORTO FELIZ;SAO PAULO;-23,275114;-47,521886;Ativa;21/03/2026 20:28
12383856000172;JOTAS INDÚSTRIA E COMÉRCIO DE ESPECIALIDADES QUÍMICAS IMPORTAÇÃO E EXPORTAÇÃO LTDA;15;Indústria Química;1;Produção de substâncias e fabricação de produtos químicos;30/03/2010;;Alto;SANTA BARBARA D'OESTE;SAO PAULO;-22,755417;-47,382389;Ativa;21/03/2026 20:28
12482434000154;MAX DK INGREDIENTES LTDA;15;Indústria Química;1;Produção de substâncias e fabricação de produtos químicos;27/02/2015;;Alto;SALTO;SAO PAULO;-23,195917;-47,327028;Ativa;21/03/2026 20:28
12514837000138;ELUS SERVIÇOS TÉCNICOS LTDA-EPP;15;Indústria Química;1;Produção de substâncias e fabricação de produtos químicos;01/11/2021;;Alto;SAO PAULO;SAO PAULO;-23,485278;-46,466667;Ativa;21/03/2026 20:28
12622248000173;VERSATIL CLEAN COSMÉTICOS LTDA;15;Indústria Química;1;Produção de substâncias e fabricação de produtos químicos;24/05/2022;;Alto;GUARULHOS;SAO PAULO;-23,451389;-46,477778;Ativa;21/03/2026 20:28
12633456000178;UNIGALVANO LIMEIRA INDÚSTRIA COMÉRCIO IMPORTAÇÃO E EXPORTAÇÃO LTDA;15;Indústria Química;1;Produção de substâncias e fabricação de produtos químicos;06/10/2010;;Alto;LIMEIRA;SAO PAULO;-22,574139;-47,417056;Ativa;21/03/2026 20:28
12681812000129;CIATECH INDUSTRIA QUIMICA LTDA;15;Indústria Química;1;Produção de substâncias e fabricação de produtos químicos;27/07/2010;;Alto;DIADEMA;SAO PAULO;-23,696083;-46,607056;Ativa;21/03/2026 20:28
12846660000177;INTERFINA INDÚSTRIA QUÍMICA LTDA EPP;15;Indústria Química;1;Produção de substâncias e fabricação de produtos químicos;09/12/2015;07/08/2023;Alto;JARDINOPOLIS;SAO PAULO;-21,040806;-47,814167;Ativa;21/03/2026 20:28
12884672000510;SABARÁ QUÍMICOS E INGREDIENTES S.A;15;Indústria Química;1;Produção de substâncias e fabricação de produtos químicos;01/03/2004;;Alto;SANTA BARBARA D'OESTE;SAO PAULO;-22,763917;-47,382167;Ativa;21/03/2026 20:28
13016094000139;BIOMEDTECH DO BRASIL PRODUTOS MEDICOS E DIAGNOSTICOS LTDA-ME;15;Indústria Química;1;Produção de substâncias e fabricação de produtos químicos;01/10/2017;;Alto;GUARULHOS;SAO PAULO;-23,459722;-46,463333;Ativa;21/03/2026 20:28
13017407000173;FILTER QUIMICA LTDA;15;Indústria Química;1;Produção de substâncias e fabricação de produtos químicos;07/01/2019;;Alto;JARDINOPOLIS;SAO PAULO;-21,028664;-47,783692;Ativa;21/03/2026 20:28
13042175000103;ECOVALLE QUIMICA INDUSTRIA E COMERCIO LTDA;15;Indústria Química;1;Produção de substâncias e fabricação de produtos químicos;30/11/2009;;Alto;PARAIBUNA;SAO PAULO;-23,385167;-45,660806;Ativa;21/03/2026 20:28
13053633000100;HR DO BRASIL REFRATARIOS LTDA;15;Indústria Química;1;Produção de substâncias e fabricação de produtos químicos;24/09/2010;;Alto;MOGI GUACU;SAO PAULO;-22,304556;-46,969556;Ativa;21/03/2026 20:28
13058324000122;R. C. MAIA BARRETO EIRELI;15;Indústria Química;1;Produção de substâncias e fabricação de produtos químicos;15/12/2010;;Alto;SAO JOSE DO RIO PRETO;SAO PAULO;-20,791667;-49,350556;Ativa;21/03/2026 20:28
13065226000112;DYEFIX PRODUTOS QUIMICOS LTDA EPP;15;Indústria Química;1;Produção de substâncias e fabricação de produtos químicos;04/01/2011;;Alto;SAO PAULO;SAO PAULO;-23,643306;-46,782194;Ativa;21/03/2026 20:28
13076043000100;SUN ENERGY INDUSTRIA E COMERCIO, IMPORTADOR E EXPORTADOR DE LUBRIFICANTES E ADITIVOS EIRELI;15;Indústria Química;1;Produção de substâncias e fabricação de produtos químicos;10/01/2022;;Alto;LIMEIRA;SAO PAULO;-22,586389;-47,389722;Ativa;21/03/2026 20:28
13076043000445;SUN ENERGY INDUS. COMER. IMPORT. E EXPORT. DE LUBRI. E ADIT.;15;Indústria Química;1;Produção de substâncias e fabricação de produtos químicos;10/07/2018;;Alto;SAO BERNARDO DO CAMPO;SAO PAULO;-23,733889;-46,539444;Ativa;21/03/2026 20:28
13190609000112;CORBION PRODUTOS RENOVAVEIS LTDA;15;Indústria Química;1;Produção de substâncias e fabricação de produtos químicos;10/07/2013;18/02/2022;Alto;ORINDIUVA;SAO PAULO;-20,230278;-49,361389;Ativa;21/03/2026 20:28
13237694000127;HELPLASTAN SOLDAS PLASTICAS LTDA;15;Indústria Química;1;Produção de substâncias e fabricação de produtos químicos;13/07/2015;;Alto;MOCOCA;SAO PAULO;-21,470806;-47,000556;Ativa;21/03/2026 20:28
13239832000107;YUZI INDUSTRIA DE COSMETICOS LTDA.;15;Indústria Química;1;Produção de substâncias e fabricação de produtos químicos;22/10/2010;;Alto;DIADEMA;SAO PAULO;-23,691389;-46,601917;Ativa;21/03/2026 20:28
13243140000132;OXIGEN GASES EIRELI;15;Indústria Química;1;Produção de substâncias e fabricação de produtos químicos;31/05/2017;;Alto;BARRETOS;SAO PAULO;-20,528056;-48,564167;Ativa;21/03/2026 20:28
13246003000151;EASY QUIMICA INDUSTRIA E COMERCIO LTDA.;15;Indústria Química;1;Produção de substâncias e fabricação de produtos químicos;01/01/2018;;Alto;MOGI DAS CRUZES;SAO PAULO;-23,522533;-46,205939;Ativa;21/03/2026 20:28
13318881000135;ALLTEX INDÚSTRIA E COMÉRCIO DE PRODUTOS QUÍMICOS AUXILIARES LTDA-ME;15;Indústria Química;1;Produção de substâncias e fabricação de produtos químicos;30/01/2012;;Alto;GUARULHOS;SAO PAULO;-23,465;-46,466389;Ativa;21/03/2026 20:28
13319121000142;DUST CONTROL PRODUTOS PRA O MEIO AMBIENTE LTDA;15;Indústria Química;1;Produção de substâncias e fabricação de produtos químicos;23/02/2011;;Alto;PORTO FELIZ;SAO PAULO;-23,224722;-47,504722;Ativa;21/03/2026 20:28
13382864000167;ARBUZ QUÍMICA LTDA;15;Indústria Química;1;Produção de substâncias e fabricação de produtos químicos;18/01/2018;;Alto;ARARAS;SAO PAULO;-22,375864;-47,400728;Ativa;21/03/2026 20:28
13393746000154;JR TRATAMENTO DE OXIDAÇÃO NEGRA LTDA - ME;15;Indústria Química;1;Produção de substâncias e fabricação de produtos químicos;09/06/2009;;Alto;SUMARE;SAO PAULO;-22,825556;-47,189444;Ativa;21/03/2026 20:28
13394005000198;CINERGIS AGRONEGOCIOS LTDA;15;Indústria Química;1;Produção de substâncias e fabricação de produtos químicos;01/01/2022;;Alto;JAGUARIUNA;SAO PAULO;-22,689167;-47,001667;Ativa;21/03/2026 20:28
13400029000102;EMBRATI EMPRESA BRAS.DE TERCEIRIZAÇÃO IND.LTDA.;15;Indústria Química;1;Produção de substâncias e fabricação de produtos químicos;22/03/2011;06/11/2013;Alto;DIADEMA;SAO PAULO;-23,691928;-46,604433;Ativa;21/03/2026 20:28
13426790000113;AROMA BIOENERGIA LTDA;15;Indústria Química;1;Produção de substâncias e fabricação de produtos químicos;01/11/2013;;Alto;PIRACICABA;SAO PAULO;-22,659167;-47,604167;Ativa;21/03/2026 20:28
13469470000140;SMART PRODUTOS QUIMICOS LTDA;15;Indústria Química;1;Produção de substâncias e fabricação de produtos químicos;02/02/2011;;Alto;FRANCA;SAO PAULO;-20,553056;-47,443056;Ativa;21/03/2026 20:28
13491690000170;INDUSTRIA QUIMICA BELLFER LTDA;15;Indústria Química;1;Produção de substâncias e fabricação de produtos químicos;07/07/2011;;Alto;AMERICANA;SAO PAULO;-22,738889;-47,330833;Ativa;21/03/2026 20:28
13674004000105;EXPEC INDÚSTRIA QUÍMICA LTDA;15;Indústria Química;1;Produção de substâncias e fabricação de produtos químicos;07/02/2011;;Alto;FERRAZ DE VASCONCELOS;SAO PAULO;-23,523028;-46,382083;Ativa;21/03/2026 20:28
13761290000138;EUROSTAR PRODUTOS GRAFICOS E COMUNICACAO VISUAL LTDA.;15;Indústria Química;1;Produção de substâncias e fabricação de produtos químicos;14/12/2020;;Alto;SANTANA DE PARNAIBA;SAO PAULO;-23,465556;-46,955556;Ativa;21/03/2026 20:28
13767262000128;ACS CIÊNTIFICA QUÍMICA FINA ESPECIALIZADA LTDA;15;Indústria Química;1;Produção de substâncias e fabricação de produtos químicos;17/07/2024;;Alto;SUMARE;SAO PAULO;-22,819417;-47,232917;Ativa;21/03/2026 20:28
13788120000147;ELEKEIROZ S/A;15;Indústria Química;1;Produção de substâncias e fabricação de produtos químicos;01/01/2001;;Alto;VARZEA PAULISTA;SAO PAULO;-23,209889;-46,825778;Ativa;21/03/2026 20:28
13813726000195;PRIME FRIO REFRIGERAÇÃO COMERCIAL E INDUSTRIAL;15;Indústria Química;1;Produção de substâncias e fabricação de produtos químicos;09/10/2018;;Alto;PEDRO DE TOLEDO;SAO PAULO;-24,276667;-47,233583;Ativa;21/03/2026 20:28
13816737000129;AVANZI QUIMICA LTDA;15;Indústria Química;1;Produção de substâncias e fabricação de produtos químicos;14/09/2017;;Alto;VARGEM GRANDE PAULISTA;SAO PAULO;-23,615139;-47,045917;Ativa;21/03/2026 20:28
13842693000101;GE4 INDUSTRIA E COMÉRCIO LTDA;15;Indústria Química;1;Produção de substâncias e fabricação de produtos químicos;15/01/2015;;Alto;SAO BERNARDO DO CAMPO;SAO PAULO;-23,669167;-46,554722;Ativa;21/03/2026 20:28
13923945000208;AVCO POLIMEROS DO BRASIL S.A.;15;Indústria Química;1;Produção de substâncias e fabricação de produtos químicos;27/04/2017;;Alto;AMERICANA;SAO PAULO;-22,704139;-47,350556;Ativa;21/03/2026 20:28
13972347000148;ARTLINEA DO BRASIL SOCIEDADE LIMITADA;15;Indústria Química;1;Produção de substâncias e fabricação de produtos químicos;08/07/2011;;Alto;PIRASSUNUNGA;SAO PAULO;-21,984722;-47,418333;Ativa;21/03/2026 20:28
14074472000101;ANANSE QUIMICA LTDA;15;Indústria Química;1;Produção de substâncias e fabricação de produtos químicos;24/02/2012;;Alto;IPERO;SAO PAULO;-23,357556;-47,70625;Ativa;21/03/2026 20:28
14099091000179;COR DE DOCE INDÚSTRIA E COMÉRCIO DE COSMÉTICOS LTDA -ME;15;Indústria Química;1;Produção de substâncias e fabricação de produtos químicos;30/06/2017;;Alto;SANTANA DE PARNAIBA;SAO PAULO;-23,402417;-46,881667;Ativa;21/03/2026 20:28
14182719000103;RE-CICLE COMÉRCIO DE ÓLEO RECICLADO LTDA - ME;15;Indústria Química;1;Produção de substâncias e fabricação de produtos químicos;03/10/2024;;Alto;HOLAMBRA;SAO PAULO;-22,614783;-47,060956;Ativa;21/03/2026 20:28
14310132000124;MAGNITUDE FABRICANTE DE PRODUTOS QUÍMICOS LTDA EPP;15;Indústria Química;1;Produção de substâncias e fabricação de produtos químicos;01/03/2012;;Alto;CORDEIROPOLIS;SAO PAULO;-22,480278;-47,455833;Ativa;21/03/2026 20:28
14347655000145;QUIMFLEX ESPECIALIDADES QUÍMICAS LTDA-EPP;15;Indústria Química;1;Produção de substâncias e fabricação de produtos químicos;01/08/2011;;Alto;AMERICANA;SAO PAULO;-22,699639;-47,305528;Ativa;21/03/2026 20:28
14444932000138;GTI BRASIL GASES LTDA;15;Indústria Química;1;Produção de substâncias e fabricação de produtos químicos;21/09/2011;;Alto;TAUBATE;SAO PAULO;-22,988106;-45,511178;Ativa;21/03/2026 20:28
14547557000151;PETRODANSK INDUSTRIA E COMERCIO DE HIDROCARBONETOS LIMITADA.;15;Indústria Química;1;Produção de substâncias e fabricação de produtos químicos;19/05/2023;;Alto;RAFARD;SAO PAULO;-23,011667;-47,526917;Ativa;21/03/2026 20:28
14589499000129;AJS ADESIVOS INDUSTRIA QUIMICA LTDA;15;Indústria Química;1;Produção de substâncias e fabricação de produtos químicos;31/01/2012;;Alto;PAULINIA;SAO PAULO;-22,761278;-47,154028;Ativa;21/03/2026 20:28
14663159000109;INNOV QUIMICA IND E COM DE PROD QUIMICOS LTDA-ME;15;Indústria Química;1;Produção de substâncias e fabricação de produtos químicos;13/06/2013;;Alto;SERTAOZINHO;SAO PAULO;-21,139028;-48,010694;Ativa;21/03/2026 20:28
14681637000103;PRO-INMEC INDUSTRIA E COMERCIO LTDA;15;Indústria Química;1;Produção de substâncias e fabricação de produtos químicos;02/09/2016;;Alto;CRAVINHOS;SAO PAULO;-21,346589;-47,724497;Ativa;21/03/2026 20:28
14741824000127;QUIMICA CARIOCA LTDA;15;Indústria Química;1;Produção de substâncias e fabricação de produtos químicos;21/10/2016;;Alto;RESTINGA;SAO PAULO;-20,593917;-47,4705;Ativa;21/03/2026 20:28
14770516000120;PREMIER COMERCIAL E ENVASADORA DE PRODUTOS LTDA. ME;15;Indústria Química;1;Produção de substâncias e fabricação de produtos químicos;24/11/2011;;Alto;SAO PAULO;SAO PAULO;-23,582194;-46,525278;Ativa;21/03/2026 20:28
14835695000136;ANTONIO MARCO MORAIS ADESIVOS;15;Indústria Química;1;Produção de substâncias e fabricação de produtos químicos;16/11/2011;;Alto;PEDREIRA;SAO PAULO;-22,741033;-46,914803;Ativa;21/03/2026 20:28
14879139000161;KLUTHE QUIMICA DO BRASIL LTDA;15;Indústria Química;1;Produção de substâncias e fabricação de produtos químicos;17/04/2015;;Alto;MAUA;SAO PAULO;-23,667778;-46,461389;Ativa;21/03/2026 20:28
14880034000122;CNP QUIMICA INDUSTRIA E COMERCIO LTDA;15;Indústria Química;1;Produção de substâncias e fabricação de produtos químicos;21/05/2012;;Alto;SAO BERNARDO DO CAMPO;SAO PAULO;-23,693889;-46,565;Ativa;21/03/2026 20:28
15039202000114;VICOLI INDÚSTRIA E COMÉRCIO LTDA EPP;15;Indústria Química;1;Produção de substâncias e fabricação de produtos químicos;01/03/2012;;Alto;SALTO;SAO PAULO;-23,175014;-47,320647;Ativa;21/03/2026 20:28
15143796000109;SHINSUNG DO BRASIL INDUSTRIA E COMERCIO DE PRODUTOS QUIMICOS LTDA;15;Indústria Química;1;Produção de substâncias e fabricação de produtos químicos;23/11/2012;;Alto;AMERICANA;SAO PAULO;-22,761556;-47,378806;Ativa;21/03/2026 20:28
15277261000120;CICERO DA CONCEICAO REVESTIMENTOS E ADITIVOS;15;Indústria Química;1;Produção de substâncias e fabricação de produtos químicos;28/11/2019;;Alto;GUAPIACU;SAO PAULO;-20,786842;-49,224725;Ativa;21/03/2026 20:28
15292073000171;AMBERTECH DO BRASIL LTDA;15;Indústria Química;1;Produção de substâncias e fabricação de produtos químicos;01/10/2015;;Alto;MAIRIPORA;SAO PAULO;-23,2935;-46,559306;Ativa;21/03/2026 20:28
15378084000179;METALFLOW DO BRASIL LUBRIFICANTES E SOLUÇÕES LTDA;15;Indústria Química;1;Produção de substâncias e fabricação de produtos químicos;29/08/2022;;Alto;INDAIATUBA;SAO PAULO;-23,134672;-47,223167;Ativa;21/03/2026 20:28
15397556000130;M S CRIL LTDA;15;Indústria Química;1;Produção de substâncias e fabricação de produtos químicos;05/04/2012;;Alto;FRANCA;SAO PAULO;-20,556056;-47,441917;Ativa;21/03/2026 20:28
15431151000171;NBR PLASTICOS DE ENGENHARIA LTDA;15;Indústria Química;1;Produção de substâncias e fabricação de produtos químicos;28/09/2017;;Alto;SOROCABA;SAO PAULO;-23,448306;-47,422056;Ativa;21/03/2026 20:28
15536565000165;EXXTEND BIOTECNOLOGIA LTDA - EPP;15;Indústria Química;1;Produção de substâncias e fabricação de produtos químicos;19/01/2012;;Alto;PAULINIA;SAO PAULO;-22,779667;-47,163306;Ativa;21/03/2026 20:28
15634502000141;PG QUÍMICA LTDA;15;Indústria Química;1;Produção de substâncias e fabricação de produtos químicos;27/04/2012;;Alto;CORDEIROPOLIS;SAO PAULO;-22,485806;-47,468889;Ativa;21/03/2026 20:28
15761670000106;ECO TRATAMENTOS, TRANSFORMAÇÃO E COMERCIO DE OLEOS E GORDURAS LTDA ME;15;Indústria Química;1;Produção de substâncias e fabricação de produtos químicos;10/06/2022;;Alto;IBATE;SAO PAULO;-21,918306;-48,046417;Ativa;21/03/2026 20:28
15762326000123;EUCLIDES ANTONIO SCARDOELI - ME;15;Indústria Química;1;Produção de substâncias e fabricação de produtos químicos;21/05/2012;;Alto;ARARAS;SAO PAULO;-22,346147;-47,3123;Ativa;21/03/2026 20:28
15771411000158;VENITTI INDUSTRIA COSMETICA LTDA;15;Indústria Química;1;Produção de substâncias e fabricação de produtos químicos;23/03/2012;;Alto;FRANCO DA ROCHA;SAO PAULO;-23,31;-46,756944;Ativa;21/03/2026 20:28
15836613000130;EPGI EMPRESA PAULISTA DE GELO SECO LTDA;15;Indústria Química;1;Produção de substâncias e fabricação de produtos químicos;05/06/2012;;Alto;SAO PAULO;SAO PAULO;-23,592011;-46,595639;Ativa;21/03/2026 20:28
16103711000121;AERO QUIMICA INDUSTRIA E COMERCIO DE AEROSOIS LTDA;15;Indústria Química;1;Produção de substâncias e fabricação de produtos químicos;06/09/2011;;Alto;ATIBAIA;SAO PAULO;-23,064497;-46,641594;Ativa;21/03/2026 20:28
16482161000280;QUIMICA MODERNA INDUSTRIA E COMERCIO LTDA;15;Indústria Química;1;Produção de substâncias e fabricação de produtos químicos;01/08/2024;;Alto;SANTANA DE PARNAIBA;SAO PAULO;-23,444167;-46,918889;Ativa;21/03/2026 20:28
16516586000262;ARKEMA COATEX BRASIL INDÚSTRIA E COMÉRCIO LTDA.;15;Indústria Química;1;Produção de substâncias e fabricação de produtos químicos;01/01/2013;;Alto;ARACARIGUAMA;SAO PAULO;-23,424417;-47,106917;Ativa;21/03/2026 20:28
16516586000696;ARKEMA COATEX BRASIL INDÚSTRIA E COMÉRCIO LTDA.;15;Indústria Química;1;Produção de substâncias e fabricação de produtos químicos;19/06/2018;;Alto;RIO CLARO;SAO PAULO;-22,356556;-47,554167;Ativa;21/03/2026 20:28
16554871000430;QUIMEX INDUSTRIA E COMERCIO DE PRODUTOS E LIGAS S/A;15;Indústria Química;1;Produção de substâncias e fabricação de produtos químicos;28/10/2024;;Alto;PINDAMONHANGABA;SAO PAULO;-22,919306;-45,353278;Ativa;21/03/2026 20:28
16685196000305;OXYNOBRE GASES INDUSTRIAIS LTDA;15;Indústria Química;1;Produção de substâncias e fabricação de produtos químicos;10/03/2025;;Alto;RIO CLARO;SAO PAULO;-22,364444;-47,556111;Ativa;21/03/2026 20:28
16686635000124;POXPUR INDUSTRIA E COMERCIO DE ELASTOMEROS LTDA - EPP;15;Indústria Química;1;Produção de substâncias e fabricação de produtos químicos;27/11/2019;;Alto;ITATIBA;SAO PAULO;-23,021917;-46,836083;Ativa;21/03/2026 20:28
16741190000219;GLYCEROSOLUTION QUÍMICA LTDA;15;Indústria Química;1;Produção de substâncias e fabricação de produtos químicos;13/05/2013;;Alto;CHARQUEADA;SAO PAULO;-22,524439;-47,763342;Ativa;21/03/2026 20:28
16774059000177;SISTERQUIMICA INDUSTRIA QUIMICA LTDA.;15;Indústria Química;1;Produção de substâncias e fabricação de produtos químicos;01/01/2013;;Alto;JANDIRA;SAO PAULO;-23,517194;-46,927194;Ativa;21/03/2026 20:28
16802264000107;DESMO-LUB INDUSTRIA E COMERCIO LTDA;15;Indústria Química;1;Produção de substâncias e fabricação de produtos químicos;24/08/2012;;Alto;SAO ROQUE;SAO PAULO;-23,534167;-47,146056;Ativa;21/03/2026 20:28
16815496000191;MBM LOGISTICA LTDA;15;Indústria Química;1;Produção de substâncias e fabricação de produtos químicos;17/10/2017;21/07/2025;Alto;AMERICANA;SAO PAULO;-22,691667;-47,311667;Ativa;21/03/2026 20:28
16872022000181;XYPD DO BRASIL EMBALAGENS LTDA;15;Indústria Química;1;Produção de substâncias e fabricação de produtos químicos;01/01/2022;;Alto;CONCHAS;SAO PAULO;-23,028139;-48,016;Ativa;21/03/2026 20:28
17066479000161;GRL - PRODUTOS TEXTEIS LTDA;15;Indústria Química;1;Produção de substâncias e fabricação de produtos químicos;16/05/2023;;Alto;GUARULHOS;SAO PAULO;-23,467883;-46,550092;Ativa;21/03/2026 20:28
17103947000120;RAFAEL OLIVEIRA DIAS - ME;15;Indústria Química;1;Produção de substâncias e fabricação de produtos químicos;01/11/2012;;Alto;SUMARE;SAO PAULO;-22,856944;-47,184583;Ativa;21/03/2026 20:28
17158839000155;VGF QUIMICA INDUSTRIA E COMERCIO LTDA;15;Indústria Química;1;Produção de substâncias e fabricação de produtos químicos;21/05/2012;;Alto;ITAQUAQUECETUBA;SAO PAULO;-23,444867;-46,334547;Ativa;21/03/2026 20:28
17212732000148;ISABELLA OLIVEIRA SANTOS TINTAS ME;15;Indústria Química;1;Produção de substâncias e fabricação de produtos químicos;01/06/2012;;Alto;GUARULHOS;SAO PAULO;-23,424047;-46,552531;Ativa;21/03/2026 20:28
17227537000191;ORGANICOAT INDUSTRIA E COMERCIO DE ADITIVOS LTDA;15;Indústria Química;1;Produção de substâncias e fabricação de produtos químicos;20/08/2018;;Alto;SAO CAETANO DO SUL;SAO PAULO;-23,603889;-46,576389;Ativa;21/03/2026 20:28
17333429000101;LIPPERT DO BRASIL INDUSTRIA E COMERCIO DE PRODUTOS QUIMIOCOS LTDA;15;Indústria Química;1;Produção de substâncias e fabricação de produtos químicos;29/01/2022;;Alto;ITIRAPUA;SAO PAULO;-20,631389;-47,211667;Ativa;21/03/2026 20:28
17333813000104;BRASMATHIS QUÍMICA LTDA EPP;15;Indústria Química;1;Produção de substâncias e fabricação de produtos químicos;01/03/2013;;Alto;VARGEM GRANDE PAULISTA;SAO PAULO;-23,617194;-47,044694;Ativa;21/03/2026 20:28
17344766000358;SPECIALTY ELECTRONIC MATERIALS COMERCIO DE PRODUTOS QUIMICOS DO BRASIL LTDA;15;Indústria Química;1;Produção de substâncias e fabricação de produtos químicos;16/10/2018;;Alto;PINDAMONHANGABA;SAO PAULO;-22,925556;-45,456056;Ativa;21/03/2026 20:28
17370544000148;SOSINTEX QUIMICA LTDA;15;Indústria Química;1;Produção de substâncias e fabricação de produtos químicos;14/03/2018;;Alto;GUARULHOS;SAO PAULO;-23,467564;-46,478833;Ativa;21/03/2026 20:28
17423801000162;AUTO POSTO MAR VIDA LTDA;15;Indústria Química;1;Produção de substâncias e fabricação de produtos químicos;01/01/2018;;Alto;SAO PAULO;SAO PAULO;-23,563972;-46,554556;Ativa;21/03/2026 20:28
17464511000167;NEOQUIMA INDÚSTRIA E COMÉRCIO LTDA - EPP;15;Indústria Química;1;Produção de substâncias e fabricação de produtos químicos;05/09/2012;;Alto;SALTO;SAO PAULO;-23,211389;-47,268056;Ativa;21/03/2026 20:28
17701516000590;SPICE INDUSTRIA QUIMICA LTDA;15;Indústria Química;1;Produção de substâncias e fabricação de produtos químicos;01/10/2013;;Alto;SUZANO;SAO PAULO;-23,531528;-46,288278;Ativa;21/03/2026 20:28
17757682000184;GENUINA INDUSTRIA E COMERCIO DE PRODUTOS AUTOMOTIVOS LTDA;15;Indústria Química;1;Produção de substâncias e fabricação de produtos químicos;26/02/2013;;Alto;SAO PAULO;SAO PAULO;-23,55;-46,506389;Ativa;21/03/2026 20:28
17897139000182;AUTO POSTO RAGUEB PETRO LTDA;15;Indústria Química;1;Produção de substâncias e fabricação de produtos químicos;01/01/2020;;Alto;SAO PAULO;SAO PAULO;-23,595;-46,449667;Ativa;21/03/2026 20:28
17926878000155;NEW CER PRODUTOS CERAMICOS LTDA;15;Indústria Química;1;Produção de substâncias e fabricação de produtos químicos;01/01/2022;;Alto;CORDEIROPOLIS;SAO PAULO;-22,477761;-47,480631;Ativa;21/03/2026 20:28
18022130000190;MAIS QUÍMICA LTDA;15;Indústria Química;1;Produção de substâncias e fabricação de produtos químicos;10/09/2013;;Alto;LIMEIRA;SAO PAULO;-22,575806;-47,417528;Ativa;21/03/2026 20:28
18049418000159;L. A. DE OLIVEIRA MATERIAIS CONTRA INCENDIO - EPP;15;Indústria Química;1;Produção de substâncias e fabricação de produtos químicos;03/05/2013;17/03/2020;Alto;PIRASSUNUNGA;SAO PAULO;-22,032972;-47,433333;Ativa;21/03/2026 20:28
18076538000145;NCG GASES LTDA ME;15;Indústria Química;1;Produção de substâncias e fabricação de produtos químicos;02/05/2023;;Alto;BAURU;SAO PAULO;-22,281189;-49,098058;Ativa;21/03/2026 20:28
18113576000120;VALDECI MACEDO SILVA ME;15;Indústria Química;1;Produção de substâncias e fabricação de produtos químicos;15/05/2013;;Alto;FERRAZ DE VASCONCELOS;SAO PAULO;-23,536772;-46,383056;Ativa;21/03/2026 20:28
18123905000203;GLOBAL AMINES COMPANY BRASIL LTDA;15;Indústria Química;1;Produção de substâncias e fabricação de produtos químicos;01/06/2023;;Alto;SUZANO;SAO PAULO;-23,53125;-46,291667;Ativa;21/03/2026 20:28
18250637000100;L.M. INDÚSTRIA E COMÉRCIO DE LUBRIFICANTES LTDA;15;Indústria Química;1;Produção de substâncias e fabricação de produtos químicos;17/04/2024;;Alto;SANTA BARBARA D'OESTE;SAO PAULO;-22,748361;-47,375417;Ativa;21/03/2026 20:28
18256185000165;M.NOBRE PRODUTO DE LIMPEZA LTDA;15;Indústria Química;1;Produção de substâncias e fabricação de produtos químicos;06/06/2013;;Alto;SANTA RITA DO PASSA QUATRO;SAO PAULO;-21,707833;-47,481528;Ativa;21/03/2026 20:28
18294607000197;FORCE QUÍMICA LTDA;15;Indústria Química;1;Produção de substâncias e fabricação de produtos químicos;13/06/2013;;Alto;VOTORANTIM;SAO PAULO;-23,530833;-47,417222;Ativa;21/03/2026 20:28
18323476000129;SUMMIT COSMETICS LATIN AMERICA ESPECIALIDADES COSMETICAS LTDA;15;Indústria Química;1;Produção de substâncias e fabricação de produtos químicos;18/06/2013;;Alto;GUARULHOS;SAO PAULO;-23,468056;-46,486389;Ativa;21/03/2026 20:28
18334020000164;CFS DO BRASIL INDÚSTRIA, COMÉRCIO, IMPORTAÇÃO E EXPORTAÇÃO DE ADITIVOS ALIMENTÍCIOS LTDA;15;Indústria Química;1;Produção de substâncias e fabricação de produtos químicos;23/07/2013;;Alto;INDAIATUBA;SAO PAULO;-23,143;-47,283778;Ativa;21/03/2026 20:28
18334020000245;CFS DO BRASIL INDÚSTRIA, COMÉRCIO, IMPORTAÇÃO E EXPORTAÇÃO DE ADITIVOS ALIMENTÍCIOS LTDA;15;Indústria Química;1;Produção de substâncias e fabricação de produtos químicos;22/08/2024;;Alto;INDAIATUBA;SAO PAULO;-23,138614;-47,233933;Ativa;21/03/2026 20:28
18507096000144;CRONUS BRASIL LTDA EPP;15;Indústria Química;1;Produção de substâncias e fabricação de produtos químicos;15/07/2013;;Alto;INDAIATUBA;SAO PAULO;-23,139306;-47,232472;Ativa;21/03/2026 20:28
18537101000161;JAO FARMA LTDA;15;Indústria Química;1;Produção de substâncias e fabricação de produtos químicos;19/12/2022;;Alto;BARRETOS;SAO PAULO;-20,557194;-48,551083;Ativa;21/03/2026 20:28
18582771000108;NIDUS-TEC-DESENVOLVIMENTO DE PRODUTOS E PROCESSOS TECNOLÓGICOS LTDA;15;Indústria Química;1;Produção de substâncias e fabricação de produtos químicos;01/01/2023;03/04/2025;Alto;SANTA BARBARA D'OESTE;SAO PAULO;-22,761667;-47,382778;Ativa;21/03/2026 20:28
18583148000161;FORMULA AGROINDUSTRIALINDUSTRIA E COMERCIO DE PRODUTOS QUÍMICOS;15;Indústria Química;1;Produção de substâncias e fabricação de produtos químicos;21/08/2024;;Alto;IPUA;SAO PAULO;-20,449617;-48,009169;Ativa;21/03/2026 20:28
18623871000127;USA PROFISSIONAL DO BRASIL TECNOLOGIAS PARA SHOWS EIRELI ME;15;Indústria Química;1;Produção de substâncias e fabricação de produtos químicos;06/08/2013;;Alto;BOM JESUS DOS PERDOES;SAO PAULO;-23,1372;-46,4652;Ativa;21/03/2026 20:28
18648277000271;BETUSEAL APLICACAO DE SELANTES S/A;15;Indústria Química;1;Produção de substâncias e fabricação de produtos químicos;08/01/2021;;Alto;RIBEIRAO PRETO;SAO PAULO;-21,151944;-47,765278;Ativa;21/03/2026 20:28
18659412000101;INOVAMAX PRODUTOS QUIMICOS E SOLUCOES AMBIENTAIS LTDA.;15;Indústria Química;1;Produção de substâncias e fabricação de produtos químicos;12/07/2016;;Alto;ARARAQUARA;SAO PAULO;-21,829056;-48,152056;Ativa;21/03/2026 20:28
18761946000136;SERV CHEMICAL INDUSTRIA E COMERCIO DE PRODUTOS QUIMICOS EIRELI;15;Indústria Química;1;Produção de substâncias e fabricação de produtos químicos;14/07/2014;;Alto;DIADEMA;SAO PAULO;-23,670778;-46,621667;Ativa;21/03/2026 20:28
18761946000217;SERV CHEMICAL INDUSTRIA E COMERCIO DE PRODUTOS QUIMICOS LTDA;15;Indústria Química;1;Produção de substâncias e fabricação de produtos químicos;01/01/2025;;Alto;DIADEMA;SAO PAULO;-23,669722;-46,619444;Ativa;21/03/2026 20:28
18801499000363;NOVAKEM INDUSTRIA QUIMICA LTDA;15;Indústria Química;1;Produção de substâncias e fabricação de produtos químicos;06/03/2020;;Alto;SANTANA DE PARNAIBA;SAO PAULO;-23,403333;-46,875833;Ativa;21/03/2026 20:28
18907353000135;SUN ACE BRASIL INDUSTRIA QUIMICA E COMERCIO LTDA;15;Indústria Química;1;Produção de substâncias e fabricação de produtos químicos;01/01/2015;;Alto;SUMARE;SAO PAULO;-22,824389;-47,220667;Ativa;21/03/2026 20:28
19167058000152;FRANCISMAR DE FREITAS-ME;15;Indústria Química;1;Produção de substâncias e fabricação de produtos químicos;30/10/2013;24/10/2019;Alto;FRANCA;SAO PAULO;-20,499064;-47,373047;Ativa;21/03/2026 20:28
19309816000120;RAMMQUIMICA COMERCIO E INDUSTRIA EIRELI - EPP;15;Indústria Química;1;Produção de substâncias e fabricação de produtos químicos;25/09/2014;;Alto;PAULINIA;SAO PAULO;-22,765322;-47,149761;Ativa;21/03/2026 20:28
19359779000164;C F FACCHINI CERGLASS EIRELI;15;Indústria Química;1;Produção de substâncias e fabricação de produtos químicos;27/08/2021;;Alto;AMERICANA;SAO PAULO;-22,7025;-47,302167;Ativa;21/03/2026 20:28
19408834000169;BESTSEAL INDUSTRIA DE SELANTES E ADESIVOS S.A;15;Indústria Química;1;Produção de substâncias e fabricação de produtos químicos;13/12/2013;;Alto;SAO ROQUE;SAO PAULO;-23,527667;-47,144417;Ativa;21/03/2026 20:28
19543910000149;LGR PARTS INDUSTRIA E COMÉRCIO DE PEÇAS LTDA;15;Indústria Química;1;Produção de substâncias e fabricação de produtos químicos;06/06/2014;29/11/2019;Alto;PEDERNEIRAS;SAO PAULO;-22,343389;-48,753583;Ativa;21/03/2026 20:28
19767416000168;OLDKEMIE SOLUCOES QUIMICAS LTDA - EPP;15;Indústria Química;1;Produção de substâncias e fabricação de produtos químicos;23/01/2020;;Alto;SALTO;SAO PAULO;-23,201083;-47,281917;Ativa;21/03/2026 20:28
19784020000129;COMERCIO DE OLEOS, GORDURAS E RESIDUOS ITUPER LTDA;15;Indústria Química;1;Produção de substâncias e fabricação de produtos químicos;23/09/2022;04/07/2024;Alto;ITU;SAO PAULO;-23,279389;-47,253669;Ativa;21/03/2026 20:28
19877256000100;NUTRICHAO INDUSTRIA E COMERCIO DE PRODUTOS QUIMICOS LTDA;15;Indústria Química;1;Produção de substâncias e fabricação de produtos químicos;19/02/2020;;Alto;ARARAQUARA;SAO PAULO;-21,820389;-48,154417;Ativa;21/03/2026 20:28
19917881000723;THE CHEMOURS COMPANY INDUSTRIA E COMERCIO DE PRODUTOS QUIMICOS LTDA.;15;Indústria Química;1;Produção de substâncias e fabricação de produtos químicos;12/03/2019;;Alto;BARUERI;SAO PAULO;-23,509417;-46,921056;Ativa;21/03/2026 20:28
20382521000168;KOBO BRASIL LTDA;15;Indústria Química;1;Produção de substâncias e fabricação de produtos químicos;01/11/2019;;Alto;ITUPEVA;SAO PAULO;-23,151389;-47,029417;Ativa;21/03/2026 20:28
20699489000149;ROMA BIOTEC IND E COM LTDA;15;Indústria Química;1;Produção de substâncias e fabricação de produtos químicos;24/07/2014;;Alto;SAO PAULO;SAO PAULO;-23,625;-46,626389;Ativa;21/03/2026 20:28
20793509000146;JC QUIMICA INDUSTRIA E COMERCIO LTDA;15;Indústria Química;1;Produção de substâncias e fabricação de produtos químicos;26/08/2014;;Alto;CAJAMAR;SAO PAULO;-23,245167;-46,762611;Ativa;21/03/2026 20:28
20840362000106;RACE AEROSSOIS EIRELI EPP;15;Indústria Química;1;Produção de substâncias e fabricação de produtos químicos;28/03/2016;;Alto;GUARULHOS;SAO PAULO;-23,464053;-46,474086;Ativa;21/03/2026 20:28
20920259000168;BLUE CUBE BRASIL COMÉRCIO DE PRODUTOS QUÍMICOS LTDA.;15;Indústria Química;1;Produção de substâncias e fabricação de produtos químicos;12/01/2015;;Alto;GUARUJA;SAO PAULO;-23,977778;-46,276667;Ativa;21/03/2026 20:28
20927059001885;TANSAN INDÚSTRIA QUÍMICA LTDA;15;Indústria Química;1;Produção de substâncias e fabricação de produtos químicos;25/10/2016;;Alto;JARINU;SAO PAULO;-23,0675;-46,693889;Ativa;21/03/2026 20:28
21061807000104;GRIFFO COMÉRCIO DE EQUIPAMENTOS CONTRA INCENDIO LTDA. - EPP;15;Indústria Química;1;Produção de substâncias e fabricação de produtos químicos;09/12/2016;;Alto;PIRASSUNUNGA;SAO PAULO;-22,034472;-47,432083;Ativa;21/03/2026 20:28
21156486000121;LUBRICHEMICAL INDÚSTRIA E COMÉRCIO DE LUBRIFICANTES LTDA - EPP;15;Indústria Química;1;Produção de substâncias e fabricação de produtos químicos;29/01/2018;;Alto;ARUJA;SAO PAULO;-23,407028;-46,355806;Ativa;21/03/2026 20:28
21293572000186;MORADABIO BIOTECNOLOGIA LTDA;15;Indústria Química;1;Produção de substâncias e fabricação de produtos químicos;03/01/2023;;Alto;SANTA BARBARA D'OESTE;SAO PAULO;-22,755806;-47,383056;Ativa;21/03/2026 20:28
21338539000206;AMC QUIMICA LTDA;15;Indústria Química;1;Produção de substâncias e fabricação de produtos químicos;20/02/2018;;Alto;LORENA;SAO PAULO;-22,735;-45,089167;Ativa;21/03/2026 20:28
21346392000115;AC INDUSTRIA QUÍMICA LTDA;15;Indústria Química;1;Produção de substâncias e fabricação de produtos químicos;10/03/2021;;Alto;SERTAOZINHO;SAO PAULO;-21,143889;-48,004444;Ativa;21/03/2026 20:28
21407123000111;CELLCO BIOTEC DO BRASIL LTDA;15;Indústria Química;1;Produção de substâncias e fabricação de produtos químicos;05/10/2016;09/11/2020;Alto;SAO CARLOS;SAO PAULO;-22,005556;-47,915806;Ativa;21/03/2026 20:28
21407882000184;STYROPEK EPS DO BRASIL LTDA;15;Indústria Química;1;Produção de substâncias e fabricação de produtos químicos;15/07/2015;;Alto;GUARATINGUETA;SAO PAULO;-22,785889;-45,169917;Ativa;21/03/2026 20:28
21583728000163;GTECQ QUIMICA INDUSTRIA E COMERCIO LTDA;15;Indústria Química;1;Produção de substâncias e fabricação de produtos químicos;17/12/2014;;Alto;SAO JOSE DO RIO PRETO;SAO PAULO;-20,831414;-49,357928;Ativa;21/03/2026 20:28
21588137000189;SYLVESTRE INDUSTRIA E COMERCIO DE INSUMOS ALIMENTICIOS LTDA;15;Indústria Química;1;Produção de substâncias e fabricação de produtos químicos;01/07/2016;;Alto;TATUI;SAO PAULO;-23,31;-47,827778;Ativa;21/03/2026 20:28
21588137000260;SYLVESTRE INDUSTRIA E COMERCIO DE INSUMOS ALIMENTICIOS LTDA;15;Indústria Química;1;Produção de substâncias e fabricação de produtos químicos;09/11/2023;;Alto;TATUI;SAO PAULO;-23,306667;-47,822778;Ativa;21/03/2026 20:28
21588137000340;SYLVESTRE INDUSTRIA E COMERCIO DE INSUMOS ALIMENTICIOS LTDA;15;Indústria Química;1;Produção de substâncias e fabricação de produtos químicos;04/06/2024;;Alto;TATUI;SAO PAULO;-23,306667;-47,822778;Ativa;21/03/2026 20:28
21645081000157;POLYCOR INDUSTRIALIZAÇÃO DE PIGMENTOS LTDA;15;Indústria Química;1;Produção de substâncias e fabricação de produtos químicos;08/01/2015;;Alto;RIBEIRAO PIRES;SAO PAULO;-23,682;-46,353417;Ativa;21/03/2026 20:28
21780125000151;SOLUQUIMICA - INDUSTRIA E COMÉRCIO DE PRODUTOS QUÍMICOS LTDA;15;Indústria Química;1;Produção de substâncias e fabricação de produtos químicos;29/01/2015;;Alto;ARARAQUARA;SAO PAULO;-21,744772;-48,131053;Ativa;21/03/2026 20:28
21917492000154;PROCRYL INDUSTRIA QUIMICA LTDA;15;Indústria Química;1;Produção de substâncias e fabricação de produtos químicos;24/02/2015;;Alto;ROSEIRA;SAO PAULO;-22,8975;-45,335806;Ativa;21/03/2026 20:28
21944311000189;ALFA COLOR INDUSTRIALIZAÇÃO E ADITIVOS LTDA;15;Indústria Química;1;Produção de substâncias e fabricação de produtos químicos;26/02/2015;;Alto;ITUPEVA;SAO PAULO;-23,135;-47,016667;Ativa;21/03/2026 20:28
22145285000191;STEINPHER SOLUÇÕES QUÍMICAS LTDA;15;Indústria Química;1;Produção de substâncias e fabricação de produtos químicos;01/01/2018;;Alto;GUARULHOS;SAO PAULO;-23,416778;-46,388167;Ativa;21/03/2026 20:28
22145285000353;STEINPHER SOLUÇÕES QUIMICAS LTDA;15;Indústria Química;1;Produção de substâncias e fabricação de produtos químicos;18/07/2024;;Alto;GUARULHOS;SAO PAULO;-23,462778;-46,533306;Ativa;21/03/2026 20:28
22327626000140;ENDOQUIMICA TRATAMENTO DE AGUA INDUSTRIAL LTDA;15;Indústria Química;1;Produção de substâncias e fabricação de produtos químicos;01/11/2015;;Alto;TABOAO DA SERRA;SAO PAULO;-23,628167;-46,774278;Ativa;21/03/2026 20:28
22412261000151;POLYCHEMICAL INDÚSTRIA E COMERCIO DE PRODUTOS QUIMICOS LTDA;15;Indústria Química;1;Produção de substâncias e fabricação de produtos químicos;29/03/2016;;Alto;SAO JOSE DOS CAMPOS;SAO PAULO;-23,251111;-45,924167;Ativa;21/03/2026 20:28
22528216000167;GALPRO COMERCIO DE PRODUTOS QUIMICOS LTDA;15;Indústria Química;1;Produção de substâncias e fabricação de produtos químicos;26/05/2015;;Alto;SALTO;SAO PAULO;-23,213522;-47,268125;Ativa;21/03/2026 20:28
22565307000172;ADVAGEN BIOTECH LTDA - ME;15;Indústria Química;1;Produção de substâncias e fabricação de produtos químicos;01/06/2015;;Alto;ITU;SAO PAULO;-23,258333;-47,315278;Ativa;21/03/2026 20:28
22565307000253;ADVAGEN BIOTECH LTDA;15;Indústria Química;1;Produção de substâncias e fabricação de produtos químicos;04/10/2024;;Alto;ITU;SAO PAULO;-23,255833;-47,297222;Ativa;21/03/2026 20:28
22794109000180;OCC INDUSTRIA QUIMICA LTDA;15;Indústria Química;1;Produção de substâncias e fabricação de produtos químicos;06/08/2025;;Alto;MONTE MOR;SAO PAULO;-22,944839;-47,287289;Ativa;21/03/2026 20:28
22841212000134;W.R. GRACE BRASIL INDUSTRIA E COMÉRCIO DE PRODUTOS QUÍMICOS LTDA.;15;Indústria Química;1;Produção de substâncias e fabricação de produtos químicos;20/07/2015;;Alto;SOROCABA;SAO PAULO;-23,399806;-47,368944;Ativa;21/03/2026 20:28
22879797000181;SCIENCE INDUSTRIA QUIMICA LTDA - EPP;15;Indústria Química;1;Produção de substâncias e fabricação de produtos químicos;20/07/2015;30/03/2023;Alto;LIMEIRA;SAO PAULO;-22,688056;-47,462778;Ativa;21/03/2026 20:28
22880357000144;PEROLA DA SERRA EIRELI;15;Indústria Química;1;Produção de substâncias e fabricação de produtos químicos;20/07/2015;;Alto;TORRINHA;SAO PAULO;-22,425306;-48,173667;Ativa;21/03/2026 20:28
23093014000100;NCHEMI ENGENHARIA DE MATERIAIS LTDA;15;Indústria Química;1;Produção de substâncias e fabricação de produtos químicos;01/09/2021;;Alto;SAO CARLOS;SAO PAULO;-22,0075;-47,881667;Ativa;21/03/2026 20:28
23104304000102;QUIMECOL SOLUCOES QUIMICAS LTDA;15;Indústria Química;1;Produção de substâncias e fabricação de produtos químicos;02/07/2020;;Alto;VARZEA PAULISTA;SAO PAULO;-23,229444;-46,8325;Ativa;21/03/2026 20:28
23178689000144;MARIA LUCIA LEAL MIRANDA ME;15;Indústria Química;1;Produção de substâncias e fabricação de produtos químicos;05/09/2019;;Alto;MAUA;SAO PAULO;-23,700858;-46,484506;Ativa;21/03/2026 20:28
23198810000108;INVERT SUGAR INDÚSTRIA E COMÉRCIO DE PRODUTOS SANEANTES LTDA;15;Indústria Química;1;Produção de substâncias e fabricação de produtos químicos;02/09/2015;;Alto;SANTO ANDRE;SAO PAULO;-23,63;-46,530806;Ativa;21/03/2026 20:28
23317243000153;EUROIND INDÚSTRIA COMÉRCIO E LOGÍSTICA LTDA;15;Indústria Química;1;Produção de substâncias e fabricação de produtos químicos;21/09/2015;;Alto;IBATE;SAO PAULO;-21,933889;-48,019667;Ativa;21/03/2026 20:28
23318607000381;AVIENT COLORANTS BRASIL LTDA.;15;Indústria Química;1;Produção de substâncias e fabricação de produtos químicos;01/04/2016;;Alto;SUZANO;SAO PAULO;-23,534167;-46,2875;Ativa;21/03/2026 20:28
23364234000113;SOLUTIO INDUSTRIA QUIMICA LTDA;15;Indústria Química;1;Produção de substâncias e fabricação de produtos químicos;24/10/2017;;Alto;INDAIATUBA;SAO PAULO;-23,090278;-47,218056;Ativa;21/03/2026 20:28
23376750000168;ABRASIVE BRASIL SOLUÇÕES EM QUÍMICOS E ABRASIVOS EIRELI;15;Indústria Química;1;Produção de substâncias e fabricação de produtos químicos;17/05/2019;;Alto;AMERICANA;SAO PAULO;-22,703056;-47,350806;Ativa;21/03/2026 20:28
23378585000183;VOTOPETRO INDUSTRIA E COMÉRCIO S.A.;15;Indústria Química;1;Produção de substâncias e fabricação de produtos químicos;12/09/2019;;Alto;VOTORANTIM;SAO PAULO;-23,620028;-47,457722;Ativa;21/03/2026 20:28
23503716000107;DRUL CHEMICALS LTDA;15;Indústria Química;1;Produção de substâncias e fabricação de produtos químicos;20/03/2018;;Alto;SERTAOZINHO;SAO PAULO;-21,151083;-48,013306;Ativa;21/03/2026 20:28
23647365000108;BAUMINAS QUÍMICA N/NE LTDA;15;Indústria Química;1;Produção de substâncias e fabricação de produtos químicos;01/01/2005;;Alto;SUZANO;SAO PAULO;-23,544056;-46,329667;Ativa;21/03/2026 20:28
23779161000120;ASTANA QUIMICA LTDA ME;15;Indústria Química;1;Produção de substâncias e fabricação de produtos químicos;01/01/2016;;Alto;VARZEA PAULISTA;SAO PAULO;-23,197778;-46,815806;Ativa;21/03/2026 20:28
24096423000115;NOVA BIOTECNOLOGIA LTDA;15;Indústria Química;1;Produção de substâncias e fabricação de produtos químicos;14/06/2021;;Alto;COTIA;SAO PAULO;-23,6175;-46,882222;Ativa;21/03/2026 20:28
24136705000107;SILVANA APARECIDA EUFROSINO - ME;15;Indústria Química;1;Produção de substâncias e fabricação de produtos químicos;16/10/2017;;Alto;MOTUCA;SAO PAULO;-21,506547;-48,186042;Ativa;21/03/2026 20:28
24140302000123;TACK BRASIL INDUSTRIA E COMERCIO DE ADESIVAS E FITAS LTDA;15;Indústria Química;1;Produção de substâncias e fabricação de produtos químicos;24/10/2021;;Alto;NOVA ODESSA;SAO PAULO;-22,770783;-47,249386;Ativa;21/03/2026 20:28
24151689000113;GALSERVICE TRATAMENTOS SUPERFICIAIS LTDA;15;Indústria Química;1;Produção de substâncias e fabricação de produtos químicos;12/02/2016;01/12/2022;Alto;SOROCABA;SAO PAULO;-23,397528;-47,366778;Ativa;21/03/2026 20:28
24380578006462;WHITE MARTINS GASES INDUSTRIAIS NORDESTE LTDA;15;Indústria Química;1;Produção de substâncias e fabricação de produtos químicos;28/09/2018;;Alto;SAO PAULO;SAO PAULO;-8,394833;-34,973667;Ativa;21/03/2026 20:28
24406642000153;SOCOMORE INDUSTRIA E COMERCIO DE PRODUTOS QUIMICOS LTDA;15;Indústria Química;1;Produção de substâncias e fabricação de produtos químicos;17/03/2016;;Alto;BRAGANCA PAULISTA;SAO PAULO;-22,919;-46,544428;Ativa;21/03/2026 20:28
24483147000148;ALFHA QUIMICA COMERCIO DE PRODUTOS GALVANICOS LTDA;15;Indústria Química;1;Produção de substâncias e fabricação de produtos químicos;30/03/2016;;Alto;ITAQUAQUECETUBA;SAO PAULO;-23,443306;-46,339167;Ativa;21/03/2026 20:28
24761187000104;QUIMIZ ESPECIALIDADES ARTESANAIS LTDA;15;Indústria Química;1;Produção de substâncias e fabricação de produtos químicos;09/05/2016;;Alto;PIRACICABA;SAO PAULO;-22,691667;-47,674167;Ativa;21/03/2026 20:28
24761865000139;HIPPER FLUXOS SOLUÇÕES INDUSTRIAIS LTDA;15;Indústria Química;1;Produção de substâncias e fabricação de produtos químicos;10/03/2021;;Alto;SAO PAULO;SAO PAULO;-23,579528;-46,507778;Ativa;21/03/2026 20:28
24917629000169;BIOMIX INDUSTRIA E COMÉRCIO DE PRODUTOS AUXILIARES EIRELI;15;Indústria Química;1;Produção de substâncias e fabricação de produtos químicos;01/06/2016;;Alto;SAO PAULO;SAO PAULO;-23,585556;-46,563056;Ativa;21/03/2026 20:28
24965423000295;SUL AMERICANA INDUSTRIA, COMÉRCIO, IMPORTAÇÃO E EXPORTAÇÃO LTDA;15;Indústria Química;1;Produção de substâncias e fabricação de produtos químicos;07/01/2021;;Alto;SAO JOSE DO RIO PRETO;SAO PAULO;-20,729358;-49,341364;Ativa;21/03/2026 20:28
24987587000132;PRIMAT DO BRASIL COMERCIO LTDA;15;Indústria Química;1;Produção de substâncias e fabricação de produtos químicos;01/11/2016;;Alto;FRANCA;SAO PAULO;-20,537778;-47,397222;Ativa;21/03/2026 20:28
25037487000108;ALPHA DRUCK INDÚSTRIA E COMÉRCIO DE PRODUTOS GRÁFICOS LTDA;15;Indústria Química;1;Produção de substâncias e fabricação de produtos químicos;17/01/2023;;Alto;FRANCO DA ROCHA;SAO PAULO;-23,305806;-46,7575;Ativa;21/03/2026 20:28
25061205000108;BIOSIDE GREEN INDÚSTRIA E COMÉRCIO DE ADITIVOS E TRANSPORTES LTDA;15;Indústria Química;1;Produção de substâncias e fabricação de produtos químicos;01/01/2020;;Alto;BARUERI;SAO PAULO;-23,509306;-46,824306;Ativa;21/03/2026 20:28
25142367000170;CERAM-TILES PRODUTOS QUIMICOS EIRELI;15;Indústria Química;1;Produção de substâncias e fabricação de produtos químicos;13/11/2018;;Alto;RIO CLARO;SAO PAULO;-22,408889;-47,584444;Ativa;21/03/2026 20:28
25237254000159;FAB INDÚSTRIA E COMÉRCIO DE PRODUTOS PARA ARTES E FESTAS LTDA;15;Indústria Química;1;Produção de substâncias e fabricação de produtos químicos;06/01/2020;;Alto;SAO BERNARDO DO CAMPO;SAO PAULO;-23,721658;-46,595214;Ativa;21/03/2026 20:28
25317155000187;ATUAL CHEMICAL COMÉRCIO E REPRESENTAÇÕES DE CALÇADOS EIRELI-ME;15;Indústria Química;1;Produção de substâncias e fabricação de produtos químicos;19/04/2018;;Alto;FRANCA;SAO PAULO;-20,545586;-47,434903;Ativa;21/03/2026 20:28
25368101000140;RIACHUELO INSUMOS AGRÍCOLAS LTDA.;15;Indústria Química;1;Produção de substâncias e fabricação de produtos químicos;09/08/2022;;Alto;SAO ROQUE;SAO PAULO;-23,527778;-47,145;Ativa;21/03/2026 20:28
26108898000290;CMOC BRASIL MINERACAO, INDUSTRIA E PARTICIPACOES LTDA.;15;Indústria Química;1;Produção de substâncias e fabricação de produtos químicos;15/01/2020;;Alto;CUBATAO;SAO PAULO;-23,843889;-46,394639;Ativa;21/03/2026 20:28
26288490000167;N. M. PRODUTOS EIRELI;15;Indústria Química;1;Produção de substâncias e fabricação de produtos químicos;19/03/2020;;Alto;ATIBAIA;SAO PAULO;-23,083889;-46,5625;Ativa;21/03/2026 20:28
26452988000113;JN POLIURETANO INDÚSTRIA E COMÉRCIO LTDA;15;Indústria Química;1;Produção de substâncias e fabricação de produtos químicos;31/07/2024;;Alto;CAMPO LIMPO PAULISTA;SAO PAULO;-23,208611;-46,795278;Ativa;21/03/2026 20:28
26490065000156;NOVA CINETICA IND. E COMERCIO DE PRODUTOS QUIMICOS LTDA;15;Indústria Química;1;Produção de substâncias e fabricação de produtos químicos;20/05/2022;;Alto;ITAPEVI;SAO PAULO;-23,517417;-46,985667;Ativa;21/03/2026 20:28
26519600000154;YAN QUIMICA LTDA;15;Indústria Química;1;Produção de substâncias e fabricação de produtos químicos;21/11/2016;;Alto;IPERO;SAO PAULO;-23,355167;-47,694889;Ativa;21/03/2026 20:28
26546756000124;SOLID CHEMICAL IMPORTAÇÃO E EXPORTAÇÃO LTDA ME;15;Indústria Química;1;Produção de substâncias e fabricação de produtos químicos;23/01/2017;;Alto;BRODOWSKI;SAO PAULO;-21,00755;-47,659103;Ativa;21/03/2026 20:28
26658111000183;A&S TECHNOLOGIES INDUSTRIA E COMERCIO LTDA;15;Indústria Química;1;Produção de substâncias e fabricação de produtos químicos;09/01/2017;;Alto;JAGUARIUNA;SAO PAULO;-22,711389;-47,013056;Ativa;21/03/2026 20:28
26856312000195;AUG QUIMICA LTDA;15;Indústria Química;1;Produção de substâncias e fabricação de produtos químicos;12/01/2017;;Alto;LIMEIRA;SAO PAULO;-22,573889;-47,418556;Ativa;21/03/2026 20:28
26900420000118;ITACEL FARMOQUIMICA LTDA.;15;Indústria Química;1;Produção de substâncias e fabricação de produtos químicos;31/01/2017;;Alto;ITAPEVI;SAO PAULO;-23,548889;-46,934167;Ativa;21/03/2026 20:28
26907066000153;FARK TECNOLOGIA LTDA;15;Indústria Química;1;Produção de substâncias e fabricação de produtos químicos;07/03/2022;;Alto;SANTO ANDRE;SAO PAULO;-23,635408;-46,496689;Ativa;21/03/2026 20:28
26942412000134;AGF INDUSTRIA, COMERCIO E DISTRIBUICAO DE PRODUTOS QUIMICOS LTDA. - ME;15;Indústria Química;1;Produção de substâncias e fabricação de produtos químicos;03/09/2025;;Alto;CRAVINHOS;SAO PAULO;-21,310806;-47,735;Ativa;21/03/2026 20:28
26973484000149;ADVTEC INDUSTRIA E COMERCIO DE PRODUTOS QUÍMICOS;15;Indústria Química;1;Produção de substâncias e fabricação de produtos químicos;25/10/2017;;Alto;ITAPETININGA;SAO PAULO;-23,603306;-48,090806;Ativa;21/03/2026 20:28
27175381000104;A C R INDÚSTRIA E COMÉRCIO DE ADITIVOS INDUSTRIAIS LT;15;Indústria Química;1;Produção de substâncias e fabricação de produtos químicos;02/07/2025;;Alto;SANTA BARBARA D'OESTE;SAO PAULO;-22,74145;-47,367297;Ativa;21/03/2026 20:28
27240970000110;Q-PROTONS INDÚSTRIA QUÍMICA LTDA - ME;15;Indústria Química;1;Produção de substâncias e fabricação de produtos químicos;22/08/2019;;Alto;SANTANA DE PARNAIBA;SAO PAULO;-23,403611;-46,881361;Ativa;21/03/2026 20:28
27293143000195;CARBO60 INDÚSTRIA E COMÉRCIO DE PRODUTOS QUÍMICOS LTDA ME;15;Indústria Química;1;Produção de substâncias e fabricação de produtos químicos;14/03/2017;;Alto;JALES;SAO PAULO;-20,261056;-50,532139;Ativa;21/03/2026 20:28
27448785000116;IMPACTUS COMERCIAL, IMPORTADORA E EXPORTADORA LTDA;15;Indústria Química;1;Produção de substâncias e fabricação de produtos químicos;03/04/2017;;Alto;MAUA;SAO PAULO;-23,66;-46,472778;Ativa;21/03/2026 20:28
27471956000128;TITÂNIO PRODUTOS PARA ANÁLISE DE ÁGUA LTDA-ME;15;Indústria Química;1;Produção de substâncias e fabricação de produtos químicos;05/04/2017;;Alto;REGISTRO;SAO PAULO;-24,509639;-47,839944;Ativa;21/03/2026 20:28
27492992000178;COLORALL BRA INDUSTRIA DE CORANTES NATURAIS LTDA;15;Indústria Química;1;Produção de substâncias e fabricação de produtos químicos;16/07/2020;;Alto;MATAO;SAO PAULO;-21,614028;-48,362167;Ativa;21/03/2026 20:28
27525197000139;OXI-ARLA INDUSTRIA QUIMICA LTDA ME;15;Indústria Química;1;Produção de substâncias e fabricação de produtos químicos;12/04/2017;;Alto;IBATE;SAO PAULO;-21,964722;-48,087917;Ativa;21/03/2026 20:28
27613731000169;DRAGO ESPECIALIDADE PRODUTOS QUÍMICOS LTDA;15;Indústria Química;1;Produção de substâncias e fabricação de produtos químicos;27/04/2017;;Alto;JANDIRA;SAO PAULO;-23,520806;-46,906917;Ativa;21/03/2026 20:28
27692430000178;NICOMO PARTICIPAÇÕES LTDA;15;Indústria Química;1;Produção de substâncias e fabricação de produtos químicos;21/05/2019;;Alto;MOGI GUACU;SAO PAULO;-22,309722;-46,970556;Ativa;21/03/2026 20:28
27953708000113;LOREN ESSENCIAS INDUSTRIA E COMERCIO EIRELI - EPP;15;Indústria Química;1;Produção de substâncias e fabricação de produtos químicos;26/09/2017;;Alto;DIADEMA;SAO PAULO;-23,707397;-46,605878;Ativa;21/03/2026 20:28
27955386000141;KAJ-LAB PRODUTOS CIENTIFICOS LTDA;15;Indústria Química;1;Produção de substâncias e fabricação de produtos químicos;13/06/2017;;Alto;DIADEMA;SAO PAULO;-23,688056;-46,608306;Ativa;21/03/2026 20:28
28234708000126;VEOLIA TECNOLOGIAS E SOLUCOES PARA TRATAMENTO DE AGUAS LTDA;15;Indústria Química;1;Produção de substâncias e fabricação de produtos químicos;20/07/2017;;Alto;SOROCABA;SAO PAULO;-23,399278;-47,36725;Ativa;21/03/2026 20:28
28296029000181;ACEFORT INDÚSTRIA E COMÉRCIO LTDA;15;Indústria Química;1;Produção de substâncias e fabricação de produtos químicos;25/06/2020;;Alto;NEVES PAULISTA;SAO PAULO;-20,833544;-49,583078;Ativa;21/03/2026 20:28
28326230000164;HUMBERTO APARECIDO SPINELLI;15;Indústria Química;1;Produção de substâncias e fabricação de produtos químicos;02/08/2017;;Alto;PIRASSUNUNGA;SAO PAULO;-22,02425;-47,438417;Ativa;21/03/2026 20:28
28506986000357;ENERGY SOURCE INDÚSTRIA COMÉRCIO IMPORTAÇÃO E EXPORTAÇÃO LTDA.;15;Indústria Química;1;Produção de substâncias e fabricação de produtos químicos;30/04/2024;;Alto;SAO JOAO DA BOA VISTA;SAO PAULO;-22,012031;-46,816331;Ativa;21/03/2026 20:28
28537666000100;KELLY CRISTINI BERTACHINI;15;Indústria Química;1;Produção de substâncias e fabricação de produtos químicos;16/05/2023;;Alto;JOSE BONIFACIO;SAO PAULO;-21,059417;-49,660844;Ativa;21/03/2026 20:28
28678131000141;JAMAG INDUSTRIA E COMERCIO DE PRODUTOS QUIMICOS LTDA;15;Indústria Química;1;Produção de substâncias e fabricação de produtos químicos;04/10/2018;;Alto;TAMBAU;SAO PAULO;-21,694444;-47,275833;Ativa;21/03/2026 20:28
28743404000194;SENNI COMÉRCIO DE PRODUTOS PARA INDÚSTRIA LTDA.;15;Indústria Química;1;Produção de substâncias e fabricação de produtos químicos;18/08/2021;;Alto;SUMARE;SAO PAULO;-22,848778;-47,164917;Ativa;21/03/2026 20:28
28756987000279;FCI INDUSTRIAL LTDA;15;Indústria Química;1;Produção de substâncias e fabricação de produtos químicos;27/02/2019;;Alto;SANTANA DE PARNAIBA;SAO PAULO;-23,431844;-46,942922;Ativa;21/03/2026 20:28
28789998000417;KATRIUM INDUSTRIAS QUÍMICAS S.A;15;Indústria Química;1;Produção de substâncias e fabricação de produtos químicos;04/08/2016;;Alto;SAO PAULO;SAO PAULO;-23,5575;-46,636667;Ativa;21/03/2026 20:28
28926672000141;MAXI CHEM INDUSTRIA DE PRODUTOS QUIMICOS LTDA;15;Indústria Química;1;Produção de substâncias e fabricação de produtos químicos;24/10/2017;;Alto;INDAIATUBA;SAO PAULO;-23,139556;-47,238917;Ativa;21/03/2026 20:28
28986468000116;FMG COMERCIO DE FERRO LIGAS LTDA;15;Indústria Química;1;Produção de substâncias e fabricação de produtos químicos;01/11/2017;;Alto;PIRACICABA;SAO PAULO;-22,726306;-47,593417;Ativa;21/03/2026 20:28
29021445000130;ELISANGELA APARECIDA BOFF TARIFA;15;Indústria Química;1;Produção de substâncias e fabricação de produtos químicos;08/11/2017;;Alto;LEME;SAO PAULO;-22,200833;-47,383889;Ativa;21/03/2026 20:28
29071179000150;WBRAND SOLUÇÕES LTDA ME;15;Indústria Química;1;Produção de substâncias e fabricação de produtos químicos;18/07/2022;;Alto;SANTO ANDRE;SAO PAULO;-23,690197;-46,512392;Ativa;21/03/2026 20:28
29106148000197;FQ4 INDUSTRIA QUIMICA DE PRODUTOS AGRO AUTOMOTIVO LTDA;15;Indústria Química;1;Produção de substâncias e fabricação de produtos químicos;21/11/2017;;Alto;LEME;SAO PAULO;-22,213022;-47,392861;Ativa;21/03/2026 20:28
29109457000110;MARK INDÚSTRIA E COMÉRCIO DE ADITIVOS EIRELI;15;Indústria Química;1;Produção de substâncias e fabricação de produtos químicos;10/10/2018;;Alto;SUZANO;SAO PAULO;-23,578528;-46,312881;Ativa;21/03/2026 20:28
29112775000130;MGS CHEMICALS LTDA;15;Indústria Química;1;Produção de substâncias e fabricação de produtos químicos;16/02/2026;;Alto;VARGEM GRANDE PAULISTA;SAO PAULO;-23,600761;-47,015575;Ativa;21/03/2026 20:28
29264006000158;PINUS BRASIL INDÚSTRIA E COMÉRCIO LTDA;15;Indústria Química;1;Produção de substâncias e fabricação de produtos químicos;13/12/2017;;Alto;BURI;SAO PAULO;-23,881111;-48,448333;Ativa;21/03/2026 20:28
29295101000119;TWA CODIFICAÇÃO E AUTOMAÇÃO INDUSTRIAL, COMERCIO E SERVIÇOS LTDA;15;Indústria Química;1;Produção de substâncias e fabricação de produtos químicos;19/12/2017;01/02/2022;Alto;TAUBATE;SAO PAULO;-23,026389;-45,555278;Ativa;21/03/2026 20:28
29325863000463;AUNARE SOLUCOES EM INGREDIENTES LTDA;15;Indústria Química;1;Produção de substâncias e fabricação de produtos químicos;30/01/2026;;Alto;ITAPEVI;SAO PAULO;-23,526667;-46,926389;Ativa;21/03/2026 20:28
29379834000131;ALTEZZA PRODUTOS ESPECIAIS EIRELI;15;Indústria Química;1;Produção de substâncias e fabricação de produtos químicos;26/01/2018;;Alto;SAO BERNARDO DO CAMPO;SAO PAULO;-23,715139;-46,533583;Ativa;21/03/2026 20:28
29382008000141;N3 INDUSTRIA E COMERCIO DE PRODUTOS QUIMICOS LTDA - EPP;15;Indústria Química;1;Produção de substâncias e fabricação de produtos químicos;08/01/2018;;Alto;RIBEIRAO PRETO;SAO PAULO;-21,146806;-47,791028;Ativa;21/03/2026 20:28
29496972000109;MARCELO JUNIOR CARDOSO;15;Indústria Química;1;Produção de substâncias e fabricação de produtos químicos;28/12/2024;;Alto;MARILIA;SAO PAULO;-22,215261;-49,984144;Ativa;21/03/2026 20:28
29554651000105;AIR PLANET GASES LTDA;15;Indústria Química;1;Produção de substâncias e fabricação de produtos químicos;29/04/2024;;Alto;EMBU;SAO PAULO;-23,654419;-46,8497;Ativa;21/03/2026 20:28
29698310000103;SOLUTO QUÍMICA LTDA;15;Indústria Química;1;Produção de substâncias e fabricação de produtos químicos;15/02/2018;;Alto;GUARULHOS;SAO PAULO;-23,464972;-46,464528;Ativa;21/03/2026 20:28
29820762000116;UP SOLDAS LTDA;15;Indústria Química;1;Produção de substâncias e fabricação de produtos químicos;07/12/2023;;Alto;DIADEMA;SAO PAULO;-23,687778;-46,607778;Ativa;21/03/2026 20:28
29873894000106;TAVARES CHEMICAL LTDA;15;Indústria Química;1;Produção de substâncias e fabricação de produtos químicos;01/10/2019;;Alto;VARZEA PAULISTA;SAO PAULO;-23,203889;-46,782194;Ativa;21/03/2026 20:28
30194085000157;COR FABRICANTE DE PRODUTOS QUIMICOS LTDA;15;Indústria Química;1;Produção de substâncias e fabricação de produtos químicos;18/06/2020;;Alto;LIMEIRA;SAO PAULO;-22,564417;-47,400278;Ativa;21/03/2026 20:28
30459634000178;SSOIL ENERGY S/A;15;Indústria Química;1;Produção de substâncias e fabricação de produtos químicos;12/12/2018;;Alto;COROADOS;SAO PAULO;-21,366667;-50,277167;Ativa;21/03/2026 20:28
30473597000152;BELLOACRILICOS - INDUSTRIA E COMERCIO DE RESINA ACRILICA LTDA;15;Indústria Química;1;Produção de substâncias e fabricação de produtos químicos;16/05/2018;;Alto;PIRASSUNUNGA;SAO PAULO;-22,0025;-47,4175;Ativa;21/03/2026 20:28
30553306000136;SOL TINTAS, SOLVENTES E DESMOLDANTES ESPECIAIS LTDA.;15;Indústria Química;1;Produção de substâncias e fabricação de produtos químicos;25/05/2018;;Alto;DIADEMA;SAO PAULO;-23,668139;-46,620556;Ativa;21/03/2026 20:28
30647290000120;BRM AMBIENTAL LTDA;15;Indústria Química;1;Produção de substâncias e fabricação de produtos químicos;04/07/2023;;Alto;SANTO ANDRE;SAO PAULO;-23,663889;-46,538306;Ativa;21/03/2026 20:28
30655926000186;ANCORA BRIGHT FOSFATIZACAO EIRELI;15;Indústria Química;1;Produção de substâncias e fabricação de produtos químicos;01/07/2021;;Alto;FRANCO DA ROCHA;SAO PAULO;-23,305278;-46,755278;Ativa;21/03/2026 20:28
30832226000110;AMYRIS FERMENTACAO DE PERFORMANCE LTDA;15;Indústria Química;1;Produção de substâncias e fabricação de produtos químicos;30/06/2022;;Alto;BARRA BONITA;SAO PAULO;-22,478056;-48,521667;Ativa;21/03/2026 20:28
31105543000105;VIGUS INDUSTRIA DE ADITIVOS LTDA.;15;Indústria Química;1;Produção de substâncias e fabricação de produtos químicos;25/09/2019;;Alto;RIO CLARO;SAO PAULO;-22,508889;-47,584167;Ativa;21/03/2026 20:28
31116239000155;DENTSPLY INDÚSTRIA E COMÉRCIO LTDA;15;Indústria Química;1;Produção de substâncias e fabricação de produtos químicos;17/05/1955;;Alto;PIRASSUNUNGA;SAO PAULO;-22,023417;-47,431222;Ativa;21/03/2026 20:28
31171817000156;SB QUIMICA SERTAOZINHO LTDA;15;Indústria Química;1;Produção de substâncias e fabricação de produtos químicos;10/08/2018;;Alto;SERTAOZINHO;SAO PAULO;-21,152206;-48,016272;Ativa;21/03/2026 20:28
31174192000186;AGROCOMM QUÍMICA LTDA;15;Indústria Química;1;Produção de substâncias e fabricação de produtos químicos;20/02/2026;;Alto;GUARULHOS;SAO PAULO;-23,448119;-46,465253;Ativa;21/03/2026 20:28
31174240000136;AGRIQUIMICA INDUSTRIA E COMERCIO LTDA;15;Indústria Química;1;Produção de substâncias e fabricação de produtos químicos;10/08/2018;;Alto;SERTAOZINHO;SAO PAULO;-21,151944;-48,017222;Ativa;21/03/2026 20:28
31223017000131;FAST FACILITY SOLUTIONS INDUSTRIA COMERCIO E SERVIÇOS LTDA.;15;Indústria Química;1;Produção de substâncias e fabricação de produtos químicos;27/08/2024;;Alto;ITATIBA;SAO PAULO;-22,984444;-46,843889;Ativa;21/03/2026 20:28
31452113001395;CLARIANT BRASIL LTDA.;15;Indústria Química;1;Produção de substâncias e fabricação de produtos químicos;01/01/2001;;Alto;SUZANO;SAO PAULO;-23,534417;-46,2875;Ativa;21/03/2026 20:28
31452113002529;CLARIANT BRASIL LTDA.;15;Indústria Química;1;Produção de substâncias e fabricação de produtos químicos;01/01/2013;;Alto;JACAREI;SAO PAULO;-23,291056;-45,986667;Ativa;21/03/2026 20:28
31960213000199;TRATBIO AMBIENTAL LTDA;15;Indústria Química;1;Produção de substâncias e fabricação de produtos químicos;13/08/2020;;Alto;BRODOWSKI;SAO PAULO;-20,989619;-47,655983;Ativa;21/03/2026 20:28
32112142000137;FOSNOR - FOSFATADOS DO NORTE-NORDESTE S/A;15;Indústria Química;1;Produção de substâncias e fabricação de produtos químicos;27/11/2018;;Alto;SAO PAULO;SAO PAULO;-23,533306;-46,733306;Ativa;21/03/2026 20:28
32113192000139;CHLORUM SOLUTIONS BRASIL LTDA.;15;Indústria Química;1;Produção de substâncias e fabricação de produtos químicos;10/06/2021;;Alto;SAO PAULO;SAO PAULO;-23,5725;-46,679167;Ativa;21/03/2026 20:28
32123147000165;FABRICIO PAULO HEIDERICH 16551395848;15;Indústria Química;1;Produção de substâncias e fabricação de produtos químicos;28/11/2018;;Alto;GUARARAPES;SAO PAULO;-21,260833;-50,659444;Ativa;21/03/2026 20:28
32130489000102;OZION LABORATORIO DE ANALISE MICROBIOLOGICA LTDA;15;Indústria Química;1;Produção de substâncias e fabricação de produtos químicos;01/01/2020;;Alto;COTIA;SAO PAULO;-23,604167;-46,924167;Ativa;21/03/2026 20:28
32134065000205;CHEMICAL BRASIL INDUSTRIA E COMERCIO EXTERIOR DE PRODUTOS QUIMICOS LTDA;15;Indústria Química;1;Produção de substâncias e fabricação de produtos químicos;30/10/2023;;Alto;BARUERI;SAO PAULO;-23,507389;-46,856039;Ativa;21/03/2026 20:28
32168230000150;MASTERQUIM INDÚSTRIA E COMÉRCIO DE PRODUTOS QUÍMICOS;15;Indústria Química;1;Produção de substâncias e fabricação de produtos químicos;04/12/2018;;Alto;AMERICANA;SAO PAULO;-22,749456;-47,304292;Ativa;21/03/2026 20:28
32220258000190;BIOCHEM CLEANTEC SOLUÇÕES AMBIENTAIS LTDA;15;Indústria Química;1;Produção de substâncias e fabricação de produtos químicos;10/12/2018;;Alto;VARGEM GRANDE PAULISTA;SAO PAULO;-23,609722;-46,988333;Ativa;21/03/2026 20:28
32277327000100;MAGNA QUIMICA E ARTEFATOS LTDA;15;Indústria Química;1;Produção de substâncias e fabricação de produtos químicos;09/11/2023;;Alto;TATUI;SAO PAULO;-23,361675;-47,875025;Ativa;21/03/2026 20:28
32379698000194;A GRAEFF PRODUTOS QUIMICOS EPP;15;Indústria Química;1;Produção de substâncias e fabricação de produtos químicos;08/01/2019;;Alto;FRANCA;SAO PAULO;-20,545278;-47,456944;Ativa;21/03/2026 20:28
32494222000102;UNIVERSAL QUIMICA INDUSTRIA E COMERCIO LTDA;15;Indústria Química;1;Produção de substâncias e fabricação de produtos químicos;10/04/2024;;Alto;JARDINOPOLIS;SAO PAULO;-21,041528;-47,807306;Ativa;21/03/2026 20:28
32606809000158;GREEN TEC. SOLUÇÕES IMPORTAÇÃO INDUSTRIA E COMERCIO DE PRODUTOS QUIMICOS LTDA;15;Indústria Química;1;Produção de substâncias e fabricação de produtos químicos;30/01/2019;;Alto;CAJAMAR;SAO PAULO;-23,338833;-46,837861;Ativa;21/03/2026 20:28
32796968000162;ATAIAS SERVICOS E AUTO PECAS EIRELI;15;Indústria Química;1;Produção de substâncias e fabricação de produtos químicos;18/02/2019;;Alto;SAO PAULO;SAO PAULO;-23,479667;-46,713417;Ativa;21/03/2026 20:28
32800025000166;ANALYTICLAB MATERIAL PARA LABORATÓRIOS LTDA;15;Indústria Química;1;Produção de substâncias e fabricação de produtos químicos;23/09/2025;;Alto;ITATIBA;SAO PAULO;-23,014139;-46,841472;Ativa;21/03/2026 20:28
32906400000319;SUDARSHAN BRASIL MFG LTDA.;15;Indústria Química;1;Produção de substâncias e fabricação de produtos químicos;22/05/2019;;Alto;SUZANO;SAO PAULO;-23,534167;-46,2875;Ativa;21/03/2026 20:28
32919283000166;LIDERA QUIMICA INDUSTRIA, IMPORTACAO, EXPORTACAO E COMERCIO LTDA;15;Indústria Química;1;Produção de substâncias e fabricação de produtos químicos;28/02/2019;;Alto;VARGEM GRANDE PAULISTA;SAO PAULO;-23,588111;-47,030167;Ativa;21/03/2026 20:28
32943701000150;GLOBAL CONTROL AGRO LTDA;15;Indústria Química;1;Produção de substâncias e fabricação de produtos químicos;07/03/2019;;Alto;COROADOS;SAO PAULO;-21,366061;-50,285231;Ativa;21/03/2026 20:28
33043951000288;IFF ESSENCIAS E FRAGRANCIAS LTDA;15;Indústria Química;1;Produção de substâncias e fabricação de produtos químicos;01/01/2019;;Alto;SANTANA DE PARNAIBA;SAO PAULO;-23,463056;-46,832667;Ativa;21/03/2026 20:28
33081704000195;SIKA S.A.;15;Indústria Química;1;Produção de substâncias e fabricação de produtos químicos;01/01/2001;;Alto;OSASCO;SAO PAULO;-23,489889;-46,771028;Ativa;21/03/2026 20:28
33081704004425;SIKA SA;15;Indústria Química;1;Produção de substâncias e fabricação de produtos químicos;01/04/2025;;Alto;SAO PAULO;SAO PAULO;-23,606389;-46,542194;Ativa;21/03/2026 20:28
33172173000146;POSTO DE SERVICOS NOBRE LTDA;15;Indústria Química;1;Produção de substâncias e fabricação de produtos químicos;01/03/2023;;Alto;DIADEMA;SAO PAULO;-23,686389;-46,623306;Ativa;21/03/2026 20:28
33391434000119;BRENNTAG QUIMICA BRASIL LTDA;15;Indústria Química;1;Produção de substâncias e fabricação de produtos químicos;01/01/2001;;Alto;GUARULHOS;SAO PAULO;-23,425556;-46,375;Ativa;21/03/2026 20:28
33391434002405;BRENNTAG QUIMICA BRASIL LTDA;15;Indústria Química;1;Produção de substâncias e fabricação de produtos químicos;01/04/2015;;Alto;JUNDIAI;SAO PAULO;-23,152167;-47,014167;Ativa;21/03/2026 20:28
33433584000148;ETICA DO BRASIL NANOTECNOLOGIA, INDUSTRIA, COMÉRCIO, IMPORTAÇÃO E EXPORTAÇÃO LTDA;15;Indústria Química;1;Produção de substâncias e fabricação de produtos químicos;23/04/2019;;Alto;SAO PAULO;SAO PAULO;-23,595806;-46,823056;Ativa;21/03/2026 20:28
33760254000167;BLUE CHEM INDUSTRY ADITIVOS INDUSTRIAIS S.A.;15;Indústria Química;1;Produção de substâncias e fabricação de produtos químicos;24/10/2019;;Alto;ITUPEVA;SAO PAULO;-23,148667;-47,030806;Ativa;21/03/2026 20:28
33822325000109;XP BIO ÓLEOS E GORDURAS LTDA;15;Indústria Química;1;Produção de substâncias e fabricação de produtos químicos;10/04/2024;;Alto;PIRACICABA;SAO PAULO;-22,728611;-47,590833;Ativa;21/03/2026 20:28
33849518000153;FELICITA IMPORTADORA E DISTRIBUIDORA DE ALIMENTOS LTDA;15;Indústria Química;1;Produção de substâncias e fabricação de produtos químicos;04/11/2019;;Alto;CAJAMAR;SAO PAULO;-23,39;-46,863889;Ativa;21/03/2026 20:28
33904234000112;FUSV INDUSTRIA E COMERCIO LTDA;15;Indústria Química;1;Produção de substâncias e fabricação de produtos químicos;12/06/2019;;Alto;ITUPEVA;SAO PAULO;-23,146528;-47,051639;Ativa;21/03/2026 20:28
33912495000184;ADCO INDUSTRIA DE ADITIVOS PARA CONCRETO LTDA;15;Indústria Química;1;Produção de substâncias e fabricação de produtos químicos;11/06/2019;;Alto;SANTANA DE PARNAIBA;SAO PAULO;-23,437944;-46,944722;Ativa;21/03/2026 20:28
33931486000564;MOSAIC FERTILIZANTES P&K LTDA;15;Indústria Química;1;Produção de substâncias e fabricação de produtos químicos;19/07/2012;;Alto;CAJATI;SAO PAULO;-24,736056;-48,122778;Ativa;21/03/2026 20:28
33958534000184;DANUTA COMERCIO E SERVIÇOS EIRELI;15;Indústria Química;1;Produção de substâncias e fabricação de produtos químicos;18/08/2020;;Alto;SAO PAULO;SAO PAULO;-23,48805;-46,731444;Ativa;21/03/2026 20:28
33958695000682;UNIPAR CARBOCLORO S.A.;15;Indústria Química;1;Produção de substâncias e fabricação de produtos químicos;01/10/2013;;Alto;CUBATAO;SAO PAULO;-23,87;-46,412778;Ativa;21/03/2026 20:28
34132575000180;SILICAMP INDUSTRIA E COMERCIO DE LUBRIFICANTES ESPECIAIS LTDA;15;Indústria Química;1;Produção de substâncias e fabricação de produtos químicos;05/07/2019;;Alto;VINHEDO;SAO PAULO;-23,02365;-46,990853;Ativa;21/03/2026 20:28
34237043000107;APEX CHEMICAL BRASIL INDUSTRIA E COMERCIO LTDA;15;Indústria Química;1;Produção de substâncias e fabricação de produtos químicos;03/02/2023;;Alto;ITUPEVA;SAO PAULO;-23,147;-47,052389;Ativa;21/03/2026 20:28
34299718000142;DR. BHOREST INDUSTRIA E COMERCIO LTDA;15;Indústria Química;1;Produção de substâncias e fabricação de produtos químicos;23/07/2019;01/02/2022;Alto;ATIBAIA;SAO PAULO;-23,186167;-46,581583;Ativa;21/03/2026 20:28
34317873000225;TAG STOCK COMERCIO DE PRODUTOS QUIMICOS E LOCAÇÃO DE TANQUES LTDA;15;Indústria Química;1;Produção de substâncias e fabricação de produtos químicos;01/01/2025;;Alto;SANTA MARIA DA SERRA;SAO PAULO;-22,572411;-48,142231;Ativa;21/03/2026 20:28
34335335000182;ALLBIOM BIOTECNOLOGIA LTDA. - EPP;15;Indústria Química;1;Produção de substâncias e fabricação de produtos químicos;01/09/2020;;Alto;CAJURU;SAO PAULO;-21,273306;-47,325806;Ativa;21/03/2026 20:28
34428212000196;OLIVEIRA FABRICAÇÃO DE COSMÉTICOS E SANEANTES LTDA;15;Indústria Química;1;Produção de substâncias e fabricação de produtos químicos;01/01/2022;;Alto;GUARULHOS;SAO PAULO;-23,411917;-46,384667;Ativa;21/03/2026 20:28
34505193000154;PURIDIESEL AXION QUIMICA LTDA;15;Indústria Química;1;Produção de substâncias e fabricação de produtos químicos;01/07/2020;;Alto;SUMARE;SAO PAULO;-22,831903;-47,156692;Ativa;21/03/2026 20:28
34536406000105;JARAGUÁ QUÍMICA EIRELI;15;Indústria Química;1;Produção de substâncias e fabricação de produtos químicos;28/02/2020;;Alto;MAUA;SAO PAULO;-23,655278;-46,496667;Ativa;21/03/2026 20:28
34595930000157;COLA PAULISTA EIRELI;15;Indústria Química;1;Produção de substâncias e fabricação de produtos químicos;06/12/2019;;Alto;SAO PAULO;SAO PAULO;-23,599083;-46,587444;Ativa;21/03/2026 20:28
34640814000102;AMBITEC GESTÃO AMBIENTAL EIRELI;15;Indústria Química;1;Produção de substâncias e fabricação de produtos químicos;25/04/2022;;Alto;ARACARIGUAMA;SAO PAULO;-23,415364;-47,104233;Ativa;21/03/2026 20:28
34643993000131;OXYGEN COMERCIO D EPRODUTOS QUIMICAS LTDA;15;Indústria Química;1;Produção de substâncias e fabricação de produtos químicos;23/08/2019;;Alto;ITAPEVI;SAO PAULO;-23,523889;-46,941944;Ativa;21/03/2026 20:28
34741612000157;TCL QUIMICA INDUSTRIA DE MATERIAIS ODONTOLOGICOS, COMERCIO, IMPORTACAO E EXPORTACAO LTDA;15;Indústria Química;1;Produção de substâncias e fabricação de produtos químicos;17/09/2019;;Alto;PIRASSUNUNGA;SAO PAULO;-22,0075;-47,40075;Ativa;21/03/2026 20:28
35033178000113;RENOVA PQS INDUSTRIA E COMERCIO DE PRODUTOS QUIMICOS LTDA;15;Indústria Química;1;Produção de substâncias e fabricação de produtos químicos;06/01/2025;;Alto;LEME;SAO PAULO;-22,173719;-47,397233;Ativa;21/03/2026 20:28
35288055000123;COLORNAT INDUSTRIA E COMERCIO LTDA;15;Indústria Química;1;Produção de substâncias e fabricação de produtos químicos;23/10/2019;;Alto;VALINHOS;SAO PAULO;-22,940792;-46,977639;Ativa;21/03/2026 20:28
35456634000138;AVALON QUÍMICA LTDA;15;Indústria Química;1;Produção de substâncias e fabricação de produtos químicos;25/11/2019;;Alto;MOGI GUACU;SAO PAULO;-22,32725;-46,863333;Ativa;21/03/2026 20:28
35458644000293;ADIMAX INDUSTRIA E COMERCIO LTDA;15;Indústria Química;1;Produção de substâncias e fabricação de produtos químicos;08/04/2022;;Alto;BARUERI;SAO PAULO;-23,510806;-46,814694;Ativa;21/03/2026 20:28
35634515000128;MAIAN INDUSTRIA DE PRODUTOS QUÍMICOS LTDA;15;Indústria Química;1;Produção de substâncias e fabricação de produtos químicos;27/11/2019;;Alto;JANDIRA;SAO PAULO;-23,526667;-46,913611;Ativa;21/03/2026 20:28
35820448006924;WHITE MARTINS GASES INDUSTRIAIS LTDA;15;Indústria Química;1;Produção de substâncias e fabricação de produtos químicos;01/01/2001;18/11/2021;Alto;GUARULHOS;SAO PAULO;-23,447556;-46,448667;Ativa;21/03/2026 20:28
35820448008110;WHITE MARTINS GASES INDUSTRIAS LTDA;15;Indústria Química;1;Produção de substâncias e fabricação de produtos químicos;01/04/2004;;Alto;DIADEMA;SAO PAULO;-23,68475;-46,636917;Ativa;21/03/2026 20:28
35820448009435;WHITE MARTINS GASES INDUSTRIAIS LTDA;15;Indústria Química;1;Produção de substâncias e fabricação de produtos químicos;01/01/2001;;Alto;SERTAOZINHO;SAO PAULO;-21,143306;-47,985806;Ativa;21/03/2026 20:28
35820448009516;WHITE MARTINS GASES INDUSTRIAIS LTDA;15;Indústria Química;1;Produção de substâncias e fabricação de produtos químicos;01/01/2005;;Alto;BAURU;SAO PAULO;-22,32975;-49,053917;Ativa;21/03/2026 20:28
35820448009869;WHITE MARTINS GASES INDUSTRIAIS LTDA;15;Indústria Química;1;Produção de substâncias e fabricação de produtos químicos;01/07/2003;;Alto;SANTO ANDRE;SAO PAULO;-23,657056;-46,538056;Ativa;21/03/2026 20:28
35820448009940;WHITE MARTINS GASES INDUSTRIAIS LTDA;15;Indústria Química;1;Produção de substâncias e fabricação de produtos químicos;01/01/2005;;Alto;PIRACICABA;SAO PAULO;-22,695;-47,661389;Ativa;21/03/2026 20:28
35820448010018;WHITE MARTINS GASES INDUSTRIAIS LTDA;15;Indústria Química;1;Produção de substâncias e fabricação de produtos químicos;01/01/2001;;Alto;JACAREI;SAO PAULO;-23,311917;-45,972278;Ativa;21/03/2026 20:28
35820448010360;WHITE MARTINS GASES INDUSTRIAIS SA;15;Indústria Química;1;Produção de substâncias e fabricação de produtos químicos;01/01/2001;;Alto;JUNDIAI;SAO PAULO;-23,172194;-46,926917;Ativa;21/03/2026 20:28
35820448010522;WHITE MARTINS GASES INDUSTRIAIS LTDA;15;Indústria Química;1;Produção de substâncias e fabricação de produtos químicos;01/01/2001;;Alto;CACAPAVA;SAO PAULO;-23,131917;-45,754667;Ativa;21/03/2026 20:28
35820448014196;WHITE MARTINS GASES INDUSTRIAIS LTDA;15;Indústria Química;1;Produção de substâncias e fabricação de produtos químicos;01/10/2003;;Alto;CUBATAO;SAO PAULO;-23,885806;-46,411667;Ativa;21/03/2026 20:28
35820448015915;WHITE MARTINS GAS IND. LTDA;15;Indústria Química;1;Produção de substâncias e fabricação de produtos químicos;01/07/2003;;Alto;AMERICANA;SAO PAULO;-22,745778;-47,307056;Ativa;21/03/2026 20:28
35820448016806;WHITE MARTINS GASES INDUSTRIAIS;15;Indústria Química;1;Produção de substâncias e fabricação de produtos químicos;01/10/2003;;Alto;CUBATAO;SAO PAULO;-23,895806;-46,417167;Ativa;21/03/2026 20:28
35820448017454;WHITE MARTINS GASES INDUSTRIAIS LTDA;15;Indústria Química;1;Produção de substâncias e fabricação de produtos químicos;31/01/2002;;Alto;CUBATAO;SAO PAULO;-23,902139;-46,413056;Ativa;21/03/2026 20:28
35820448018264;WHITE MARTINS GASES INDUSTRIAIS LTDA.;15;Indústria Química;1;Produção de substâncias e fabricação de produtos químicos;01/01/2006;;Alto;PAULINIA;SAO PAULO;-22,776167;-47,114806;Ativa;21/03/2026 20:28
35820448018930;WHITE MARTINS GASES INDUSTRIAIS LTDA;15;Indústria Química;1;Produção de substâncias e fabricação de produtos químicos;07/07/2015;29/01/2020;Alto;PINDAMONHANGABA;SAO PAULO;-22,898167;-45,349056;Ativa;21/03/2026 20:28
35820448019317;WHITE MARTINS GASES INDUSTRIAIS LTDA.;15;Indústria Química;1;Produção de substâncias e fabricação de produtos químicos;15/09/2006;;Alto;RIO CLARO;SAO PAULO;-22,431306;-47,587278;Ativa;21/03/2026 20:28
35820448019660;WHITE MARTINS GASES INDUSTRIAIS LTDA;15;Indústria Química;1;Produção de substâncias e fabricação de produtos químicos;01/04/2013;;Alto;SANTO ANDRE;SAO PAULO;-23,75;-46,366667;Ativa;21/03/2026 20:28
35820448020676;WHITE MARTINS GASES INDUSTRIAIS LTDA;15;Indústria Química;1;Produção de substâncias e fabricação de produtos químicos;15/12/2014;;Alto;SUZANO;SAO PAULO;-23,536917;-46,282278;Ativa;21/03/2026 20:28
35820448020838;WHITE MARTINS GASES INDUSTRIAIS LTDA;15;Indústria Química;1;Produção de substâncias e fabricação de produtos químicos;28/07/2023;;Alto;PIRACICABA;SAO PAULO;-22,697806;-47,655;Ativa;21/03/2026 20:28
35820448021303;WHITE MARTINS GASES INDUSTRIAIS LTDA;15;Indústria Química;1;Produção de substâncias e fabricação de produtos químicos;20/01/2020;;Alto;VINHEDO;SAO PAULO;-23,068889;-46,99925;Ativa;21/03/2026 20:28
35820448021990;WHITE MARTINS GASES INDUSTRIAIS LTDA;15;Indústria Química;1;Produção de substâncias e fabricação de produtos químicos;01/09/2021;;Alto;LENCOIS PAULISTA;SAO PAULO;-22,569417;-48,820278;Ativa;21/03/2026 20:28
35826722000184;GAM COMERCIO DE PRODUTOS DE LIMPEZA E LUBRIFICANTES EIRELI;15;Indústria Química;1;Produção de substâncias e fabricação de produtos químicos;01/01/2020;;Alto;AMERICANA;SAO PAULO;-22,695806;-47,3075;Ativa;21/03/2026 20:28
35848130000163;MARBOCOTE BRASIL DESMOLDANTES E PRODUTOS AUXILIARES LTDA;15;Indústria Química;1;Produção de substâncias e fabricação de produtos químicos;09/10/2023;;Alto;BARUERI;SAO PAULO;-23,474056;-46,886167;Ativa;21/03/2026 20:28
35916694000196;BESSER AGROQUIMICA LTDA;15;Indústria Química;1;Produção de substâncias e fabricação de produtos químicos;01/08/2025;;Alto;JABOTICABAL;SAO PAULO;-21,290108;-48,26365;Ativa;21/03/2026 20:28
35981107000142;AURHORA ANÁLISES QUÍMICAS LTDA;15;Indústria Química;1;Produção de substâncias e fabricação de produtos químicos;04/11/2021;;Alto;SAO PAULO;SAO PAULO;-23,565078;-46,735028;Ativa;21/03/2026 20:28
36094615000171;BIOACIES INDÚSTRIA E COMÉRCIO DE PRODUTOS E SERVIÇOS BIOLÓGICOS LTDA;15;Indústria Química;1;Produção de substâncias e fabricação de produtos químicos;01/08/2023;;Alto;SAO CARLOS;SAO PAULO;-22,035556;-47,878333;Ativa;21/03/2026 20:28
36356932000119;CONFIANCE - TRATAMENTO DE AGUAS INDUSTRIAIS LTDA;15;Indústria Química;1;Produção de substâncias e fabricação de produtos químicos;26/02/2021;;Alto;SANTA BARBARA D'OESTE;SAO PAULO;-22,741556;-47,360667;Ativa;21/03/2026 20:28
36498229000145;SIKA MBCC BRASIL INDUSTRIA E COMERCIO DE QUIMICOS PARA CONSTRUCAO LTDA;15;Indústria Química;1;Produção de substâncias e fabricação de produtos químicos;01/07/2020;31/03/2025;Alto;SAO PAULO;SAO PAULO;-23,605917;-46,543306;Ativa;21/03/2026 20:28
36642823000168;ECOSIGN INOVACOES TECNOLOGICAS LTDA;15;Indústria Química;1;Produção de substâncias e fabricação de produtos químicos;12/02/2026;;Alto;VALINHOS;SAO PAULO;-23,010158;-47,020444;Ativa;21/03/2026 20:28
36900631000104;QUIMICANOBRE INDUSTRIA E COMERCIO DE PRODUTOS QUIMICOS LTDA;15;Indústria Química;1;Produção de substâncias e fabricação de produtos químicos;08/04/2020;;Alto;PONTAL;SAO PAULO;-21,014581;-48,041436;Ativa;21/03/2026 20:28
37122535000145;NOVACOL ADESIVOS E SELANTES LTDA;15;Indústria Química;1;Produção de substâncias e fabricação de produtos químicos;02/01/2021;;Alto;ITAPIRA;SAO PAULO;-22,443333;-46,808056;Ativa;21/03/2026 20:28
37258702000180;KAIZEN QUÍMICA E INOVAÇÃO INDUSTRIAL LTDA;15;Indústria Química;1;Produção de substâncias e fabricação de produtos químicos;17/03/2023;;Alto;ARACARIGUAMA;SAO PAULO;-23,418056;-47,102167;Ativa;21/03/2026 20:28
37318489000154;VTEX INDUSTRIA E COMERCIO DE ADESIVOS LTDA;15;Indústria Química;1;Produção de substâncias e fabricação de produtos químicos;01/07/2021;03/03/2026;Alto;AMPARO;SAO PAULO;-22,716306;-46,798417;Ativa;21/03/2026 20:28
37462869000168;VMZ INDUSTRIA E COMERCIO DE PRODUTOS QUIMICOS LTDA;15;Indústria Química;1;Produção de substâncias e fabricação de produtos químicos;19/11/2021;;Alto;LIMEIRA;SAO PAULO;-22,698353;-47,301781;Ativa;21/03/2026 20:28
38118704000136;PURETH LTDA - ME;15;Indústria Química;1;Produção de substâncias e fabricação de produtos químicos;14/10/2024;;Alto;IBATE;SAO PAULO;-21,936944;-48,015;Ativa;21/03/2026 20:28
38152121000121;ATA QUIMICA PRODUTOS QUIMICOS LTDA.;15;Indústria Química;1;Produção de substâncias e fabricação de produtos químicos;30/01/2025;;Alto;ARACATUBA;SAO PAULO;-21,137778;-50,4625;Ativa;21/03/2026 20:28
38238464000103;VALENZZA INDÚSTRIA E COMÉRCIO DE COSMÉTICOS LTDA ME;15;Indústria Química;1;Produção de substâncias e fabricação de produtos químicos;29/01/2026;;Alto;VALINHOS;SAO PAULO;-22,939444;-46,976667;Ativa;21/03/2026 20:28
38327113000179;JEISYS MEDICAL BRASIL LTDA;15;Indústria Química;1;Produção de substâncias e fabricação de produtos químicos;12/08/2025;;Alto;SANTANA DE PARNAIBA;SAO PAULO;-23,431389;-46,860278;Ativa;21/03/2026 20:28
38438085000167;PERFYL TECH QUIMICA LTDA;15;Indústria Química;1;Produção de substâncias e fabricação de produtos químicos;22/11/2021;;Alto;SAO BERNARDO DO CAMPO;SAO PAULO;-23,674083;-46,587444;Ativa;21/03/2026 20:28
38464098000100;PORTOQUIM INDUSTRIA, COMERCIO E DISTRIBUICAO DE PRODUTOS QUIMICOS LTDA. - ME;15;Indústria Química;1;Produção de substâncias e fabricação de produtos químicos;01/11/2022;;Alto;CRAVINHOS;SAO PAULO;-21,310833;-47,735;Ativa;21/03/2026 20:28
38499942000139;FERMAT ADICTIVIES INDUSTRIA EIRELI;15;Indústria Química;1;Produção de substâncias e fabricação de produtos químicos;30/09/2022;;Alto;TATUI;SAO PAULO;-23,3025;-47,888333;Ativa;21/03/2026 20:28
38819826000150;EASY COAT LTDA;15;Indústria Química;1;Produção de substâncias e fabricação de produtos químicos;22/10/2024;;Alto;IRACEMAPOLIS;SAO PAULO;-22,579944;-47,505806;Ativa;21/03/2026 20:28
38856605000151;RJR NUTRIENTES E FARMOQUIMICOS LTDA.;15;Indústria Química;1;Produção de substâncias e fabricação de produtos químicos;01/04/2002;05/06/2002;Alto;OSASCO;SAO PAULO;-23,540056;-46,782528;Ativa;21/03/2026 20:28
38896601000105;POLYCROM QUÍMICA DO BRASIL LTDA;15;Indústria Química;1;Produção de substâncias e fabricação de produtos químicos;01/01/2001;;Alto;ARUJA;SAO PAULO;-23,400714;-46,349208;Ativa;21/03/2026 20:28
39685064000109;MIGUANA INDUSTRIA E COMERCIO LTDA;15;Indústria Química;1;Produção de substâncias e fabricação de produtos químicos;09/11/2020;;Alto;TREMEMBE;SAO PAULO;-22,990697;-45,525303;Ativa;21/03/2026 20:28
39711209000107;CASTELO INDÚSTRIA QUÍMICA LTDA;15;Indústria Química;1;Produção de substâncias e fabricação de produtos químicos;09/11/2020;;Alto;CESARIO LANGE;SAO PAULO;-23,201214;-47,8463;Ativa;21/03/2026 20:28
39728455000163;NANO QUÍMICA LTDA EPP;15;Indústria Química;1;Produção de substâncias e fabricação de produtos químicos;10/11/2020;;Alto;PRADOPOLIS;SAO PAULO;-21,351056;-48,072167;Ativa;21/03/2026 20:28
39795095000112;COCAL CO2 GASES INDUSTRIAIS LTDA.;15;Indústria Química;1;Produção de substâncias e fabricação de produtos químicos;02/12/2021;;Alto;NARANDIBA;SAO PAULO;-22,524194;-51,516667;Ativa;21/03/2026 20:28
39817405000152;DUCATTUS INDÚSTRIA E COMERCIO LTDA-EPP;15;Indústria Química;1;Produção de substâncias e fabricação de produtos químicos;17/11/2020;;Alto;BARUERI;SAO PAULO;-23,493889;-46,895556;Ativa;21/03/2026 20:28
40015668000127;ALD INDUSTRIA E COMERCIO DE PRODUTOS QUIMICOS LTDA;15;Indústria Química;1;Produção de substâncias e fabricação de produtos químicos;18/03/2021;;Alto;LIMEIRA;SAO PAULO;-22,575511;-47,417181;Ativa;21/03/2026 20:28
40036120000163;NOVA MULTI QUIMICA COMERCIAL LTDA;15;Indústria Química;1;Produção de substâncias e fabricação de produtos químicos;10/01/2022;;Alto;SANTA BARBARA D'OESTE;SAO PAULO;-22,759567;-47,380778;Ativa;21/03/2026 20:28
40313283000146;IMPERACQUA INDUSTRIA DE PRODUTOS QUÍMICOS LTDA;15;Indústria Química;1;Produção de substâncias e fabricação de produtos químicos;08/01/2021;;Alto;FRANCA;SAO PAULO;-20,54625;-47,45675;Ativa;21/03/2026 20:28
40421467000120;SPALC INDUSTRIAL LTDA;15;Indústria Química;1;Produção de substâncias e fabricação de produtos químicos;15/01/2021;12/07/2022;Alto;SOROCABA;SAO PAULO;-23,45205;-47,428381;Ativa;21/03/2026 20:28
40492713000134;POLIACRYL INDUSTRIA E COMERCIO DE POLIMEROS LTDA;15;Indústria Química;1;Produção de substâncias e fabricação de produtos químicos;08/05/2023;;Alto;SAO ROQUE;SAO PAULO;-23,5266;-47,147089;Ativa;21/03/2026 20:28
40517822000169;CAT DOG CIA PRODUTOS VETERINARIOS LTDA;15;Indústria Química;1;Produção de substâncias e fabricação de produtos químicos;30/09/2022;;Alto;ITAQUAQUECETUBA;SAO PAULO;-23,4625;-46,314722;Ativa;21/03/2026 20:28
40647205000269;TEKNOFERT FERTILIZANTES BRASIL LTDA;15;Indústria Química;1;Produção de substâncias e fabricação de produtos químicos;15/06/2025;;Alto;LIMEIRA;SAO PAULO;-22,521889;-47,314333;Ativa;21/03/2026 20:28
40993237000135;AGROVITTAE FERTILIZANTES LTDA;15;Indústria Química;1;Produção de substâncias e fabricação de produtos químicos;08/02/2022;;Alto;RIBEIRAO PRETO;SAO PAULO;-21,197778;-47,761111;Ativa;21/03/2026 20:28
41109045000186;INNOVACARB INDÚSTRIA E COMÉRCIO LTDA.;15;Indústria Química;1;Produção de substâncias e fabricação de produtos químicos;13/05/2025;;Alto;SANTANA DE PARNAIBA;SAO PAULO;-23,421083;-46,893583;Ativa;21/03/2026 20:28
41141360000190;INNOVATION COLOURS LTDA;15;Indústria Química;1;Produção de substâncias e fabricação de produtos químicos;31/07/2025;;Alto;VINHEDO;SAO PAULO;-23,037222;-46,999167;Ativa;21/03/2026 20:28
41385882000138;MICRO FORGE INDÚSTRIA E COMÉRCIO DE REAGENTES LTDA;15;Indústria Química;1;Produção de substâncias e fabricação de produtos químicos;03/05/2021;;Alto;PAULINIA;SAO PAULO;-22,780556;-47,155806;Ativa;21/03/2026 20:28
41608994000100;PINK LUBRIFICANTES AUTOMOTIVOS LTDA;15;Indústria Química;1;Produção de substâncias e fabricação de produtos químicos;01/01/2022;;Alto;GUARULHOS;SAO PAULO;-23,411917;-46,385;Ativa;21/03/2026 20:28
41646806000139;ALCALEX ARTIGOS DIDÁTICOS LTDA.;15;Indústria Química;1;Produção de substâncias e fabricação de produtos químicos;11/03/2022;;Alto;BARUERI;SAO PAULO;-23,491836;-46,897172;Ativa;21/03/2026 20:28
41721075000149;CO4 BRASIL CORPORAÇÃO QUIMICA LTDA;15;Indústria Química;1;Produção de substâncias e fabricação de produtos químicos;01/04/2023;;Alto;IPERO;SAO PAULO;-23,355;-47,714167;Ativa;21/03/2026 20:28
41866397000186;USICHEM INDUSTRIA QUIMICA LTDA;15;Indústria Química;1;Produção de substâncias e fabricação de produtos químicos;01/07/2021;;Alto;ITAQUAQUECETUBA;SAO PAULO;-23,486667;-46,348889;Ativa;21/03/2026 20:28
41932244000270;OXCLOR INDÚSTRIA QUÍMICA LTDA.;15;Indústria Química;1;Produção de substâncias e fabricação de produtos químicos;05/08/2021;;Alto;RIBEIRAO PIRES;SAO PAULO;-23,715306;-46,421917;Ativa;21/03/2026 20:28
41945795000198;BLUAR INDUSTRIA E COMÉRCIO LTDA.;15;Indústria Química;1;Produção de substâncias e fabricação de produtos químicos;14/05/2021;;Alto;BOITUVA;SAO PAULO;-23,296917;-47,667167;Ativa;21/03/2026 20:28
42150391005059;BRASKEM S/A;15;Indústria Química;1;Produção de substâncias e fabricação de produtos químicos;13/11/2014;;Alto;SANTO ANDRE;SAO PAULO;-23,639667;-46,486667;Ativa;21/03/2026 20:28
42150391005482;BRASKEM S/A;15;Indústria Química;1;Produção de substâncias e fabricação de produtos químicos;01/12/2017;;Alto;MAUA;SAO PAULO;-23,6325;-46,48275;Ativa;21/03/2026 20:28
42177850000100;ALQUIMIA PRODUTOS PARA GALVANOPLASTIA LTDA;15;Indústria Química;1;Produção de substâncias e fabricação de produtos químicos;29/06/2021;;Alto;LIMEIRA;SAO PAULO;-22,585778;-47,374028;Ativa;21/03/2026 20:28
42205633000186;ARALTEC PRODUTOS QUIMICOS LTDA;15;Indústria Química;1;Produção de substâncias e fabricação de produtos químicos;18/07/2018;05/12/2024;Alto;GUARULHOS;SAO PAULO;-23,483717;-46,546814;Ativa;21/03/2026 20:28
42352559000120;CHEVRON ORONITE BRASIL LTDA;15;Indústria Química;1;Produção de substâncias e fabricação de produtos químicos;02/12/2003;;Alto;MAUA;SAO PAULO;-23,640806;-46,465278;Ativa;21/03/2026 20:28
42593962001385;LUBRIZOL DO BRASIL ADITIVOS LTDA;15;Indústria Química;1;Produção de substâncias e fabricação de produtos químicos;01/09/2015;;Alto;PAULINIA;SAO PAULO;-22,775806;-47,101389;Ativa;21/03/2026 20:28
42957490000169;DIVINO COMÉRCIO DE GASES LTDA. - EPP;15;Indústria Química;1;Produção de substâncias e fabricação de produtos químicos;02/08/2021;;Alto;RIBEIRAO PRETO;SAO PAULO;-21,125;-47,771917;Ativa;21/03/2026 20:28
43016773000179;QUELUZ QUIMICA LTDA;15;Indústria Química;1;Produção de substâncias e fabricação de produtos químicos;07/01/2002;22/09/2023;Alto;QUELUZ;SAO PAULO;-22,489694;-44,783306;Ativa;21/03/2026 20:28
43083153000152;IMAGRAF NDÚSTRIA QUÍMICA LTDA;15;Indústria Química;1;Produção de substâncias e fabricação de produtos químicos;26/01/2005;;Alto;MAIRINQUE;SAO PAULO;-23,539167;-47,188056;Ativa;21/03/2026 20:28
43085349000186;HOMY INDÚSTRIA E COMÉRCIO DE PRODUTOS QUÍMICOS - LTDA.;15;Indústria Química;1;Produção de substâncias e fabricação de produtos químicos;01/07/2002;;Alto;JARDINOPOLIS;SAO PAULO;-21,043417;-47,828056;Ativa;21/03/2026 20:28
43117399000289;OXICAP INDÚSTRIA DE GASES LTDA;15;Indústria Química;1;Produção de substâncias e fabricação de produtos químicos;01/07/2003;;Alto;MAUA;SAO PAULO;-23,638028;-46,474639;Ativa;21/03/2026 20:28
43165042000195;AMONEX DO BRASIL INDUSTRIA E COMERCIO LTDA;15;Indústria Química;1;Produção de substâncias e fabricação de produtos químicos;23/05/2006;;Alto;JANDIRA;SAO PAULO;-23,520056;-46,926667;Ativa;21/03/2026 20:28
43210603000120;NOVA ADITIVOS BRASIL LTDA.;15;Indústria Química;1;Produção de substâncias e fabricação de produtos químicos;29/08/2021;;Alto;ITUPEVA;SAO PAULO;-23,144667;-47,021056;Ativa;21/03/2026 20:28
43218296000124;PETROCOQUE S.A. INDUSTRIA E COMERCIO;15;Indústria Química;1;Produção de substâncias e fabricação de produtos químicos;20/07/1989;;Alto;CUBATAO;SAO PAULO;-23,866389;-46,421056;Ativa;21/03/2026 20:28
43311032000110;BRASIL FORTESCUE SUSTAINABLE INDUSTRIES LTDA.;15;Indústria Química;1;Produção de substâncias e fabricação de produtos químicos;08/01/2024;;Alto;SAO PAULO;SAO PAULO;-23,545278;-46,633306;Ativa;21/03/2026 20:28
43312297000133;IND.E COM.DE LUBRIFICANTES AVANÇO LTDA;15;Indústria Química;1;Produção de substâncias e fabricação de produtos químicos;03/11/2005;;Alto;SAO PAULO;SAO PAULO;-23,5075;-46,729444;Ativa;21/03/2026 20:28
43461789000190;QUIMICA AMPARO LTDA;15;Indústria Química;1;Produção de substâncias e fabricação de produtos químicos;01/01/2001;;Alto;AMPARO;SAO PAULO;-22,717639;-46,787;Ativa;21/03/2026 20:28
43500834000179;AWETA PRODUTOS QUIMICOS LTDA.;15;Indústria Química;1;Produção de substâncias e fabricação de produtos químicos;03/04/1980;;Alto;DIADEMA;SAO PAULO;-23,696944;-46,605556;Ativa;21/03/2026 20:28
43571066000144;PULVITEC S.A. INDUSTRIA E COMERCIO;15;Indústria Química;1;Produção de substâncias e fabricação de produtos químicos;01/01/2005;06/09/2007;Alto;SAO PAULO;SAO PAULO;-23,535;-46,754722;Ativa;21/03/2026 20:28
43588045000131;ZOETIS INDUSTRIA DE PRODUTOS VETERINÁRIOS LTDA.;15;Indústria Química;1;Produção de substâncias e fabricação de produtos químicos;20/07/1989;20/03/2023;Alto;CAMPINAS;SAO PAULO;-22,891056;-47,123889;Ativa;21/03/2026 20:28
43588045000565;ZOETIS INDUSTRIA DE PRODUTIOS VETERINÁRIOS LTDA.;15;Indústria Química;1;Produção de substâncias e fabricação de produtos químicos;20/07/1989;;Alto;PAULINIA;SAO PAULO;-22,7475;-47,183889;Ativa;21/03/2026 20:28
43623727000138;METALGAMICA PRODUTOS GRÁFICOS LTDA;15;Indústria Química;1;Produção de substâncias e fabricação de produtos químicos;01/01/2002;;Alto;ITAQUAQUECETUBA;SAO PAULO;-23,455025;-46,350756;Ativa;21/03/2026 20:28
43633601000144;ATOTECH DO BRASIL GALVANOTECNICA LTDA;15;Indústria Química;1;Produção de substâncias e fabricação de produtos químicos;01/01/2001;;Alto;TABOAO DA SERRA;SAO PAULO;-23,619556;-46,794806;Ativa;21/03/2026 20:28
43677178000184;INNOVATIVE WATER CARE INDUSTRIA E COMERCIO DE PRODUTOS QUIMICOS BRASIL LTDA;15;Indústria Química;1;Produção de substâncias e fabricação de produtos químicos;01/01/2001;;Alto;SOROCABA;SAO PAULO;-23,387167;-47,391056;Ativa;21/03/2026 20:28
43691393000130;GENCO QUIMICA INDUSTRIAL LTDA.;15;Indústria Química;1;Produção de substâncias e fabricação de produtos químicos;01/04/2002;;Alto;GUARULHOS;SAO PAULO;-23,465278;-46,478167;Ativa;21/03/2026 20:28
43736099000288;INTERCUF INDUSTRIA E COMERCIO LTDA;15;Indústria Química;1;Produção de substâncias e fabricação de produtos químicos;17/11/2021;;Alto;CAMPINAS;SAO PAULO;-22,906389;-47,061667;Ativa;21/03/2026 20:28
43752260000126;TEXPAL QUÍMICA LTDA;15;Indústria Química;1;Produção de substâncias e fabricação de produtos químicos;28/01/2009;;Alto;VALINHOS;SAO PAULO;-23,002667;-47,043278;Ativa;21/03/2026 20:28
43805456000131;VEROS PRODUTOS QUIMICOS;15;Indústria Química;1;Produção de substâncias e fabricação de produtos químicos;06/03/2004;;Alto;GUARULHOS;SAO PAULO;-23,462556;-46,4705;Ativa;21/03/2026 20:28
43818418000113;NOURYON PULP AND PERFORMANCE INDÚSTRIA QUÍMICA LTDA;15;Indústria Química;1;Produção de substâncias e fabricação de produtos químicos;01/01/2001;;Alto;JUNDIAI;SAO PAULO;-23,173917;-46,953556;Ativa;21/03/2026 20:28
43818418000385;NOURYON PULP AND PERFORMANCE INDÚSTRIA QUÍMICA LTDA;15;Indústria Química;1;Produção de substâncias e fabricação de produtos químicos;01/01/2003;;Alto;JACAREI;SAO PAULO;-23,373667;-46,024306;Ativa;21/03/2026 20:28
43818418000890;NOURYON PULP AND PERFORMANCE INDÚSTRIA QUÍMICA LTDA.;15;Indústria Química;1;Produção de substâncias e fabricação de produtos químicos;22/11/2017;;Alto;ITUPEVA;SAO PAULO;-23,242778;-47,035694;Ativa;21/03/2026 20:28
43818418000970;NOURYON PULP AND PERFORMANCE INDÚSTRIA QUÍMICA LTDA.;15;Indústria Química;1;Produção de substâncias e fabricação de produtos químicos;22/11/2017;;Alto;ITUPEVA;SAO PAULO;-23,242778;-47,035694;Ativa;21/03/2026 20:28
43818418001195;NOURYON PULP AND PERFORMANCE INDÚSTRIA QUÍMICA LTDA.;15;Indústria Química;1;Produção de substâncias e fabricação de produtos químicos;23/11/2017;;Alto;PAULINIA;SAO PAULO;-22,750583;-47,133444;Ativa;21/03/2026 20:28
43821164000192;BAERLOCHER DO BRASIL S.A.;15;Indústria Química;1;Produção de substâncias e fabricação de produtos químicos;01/01/2001;;Alto;AMERICANA;SAO PAULO;-22,6975;-47,356056;Ativa;21/03/2026 20:28
43829282000147;H.B.FULLER BRASIL LTDA;15;Indústria Química;1;Produção de substâncias e fabricação de produtos químicos;01/01/2001;;Alto;GUARULHOS;SAO PAULO;-23,432833;-46,394667;Ativa;21/03/2026 20:28
43838796000169;LINHAL IND E COM DE MATERIAIS PARA CONSTRUCAO LTDA;15;Indústria Química;1;Produção de substâncias e fabricação de produtos químicos;19/11/2010;;Alto;SAO PAULO;SAO PAULO;-23,560306;-46,61925;Ativa;21/03/2026 20:28
43843358000350;AIR PRODUCTS BRASIL LTDA.;15;Indústria Química;1;Produção de substâncias e fabricação de produtos químicos;01/01/2001;;Alto;MOGI DAS CRUZES;SAO PAULO;-23,51775;-46,208833;Ativa;21/03/2026 20:28
43843358001594;AIR PRODUCTS BRASIL LTDA.;15;Indústria Química;1;Produção de substâncias e fabricação de produtos químicos;01/01/2001;;Alto;MOGI GUACU;SAO PAULO;-22,356806;-46,971778;Ativa;21/03/2026 20:28
43843358001756;AIR PRODUCTS BRASIL LTDA.;15;Indústria Química;1;Produção de substâncias e fabricação de produtos químicos;01/01/2003;;Alto;ARARAQUARA;SAO PAULO;-21,822444;-48,147889;Ativa;21/03/2026 20:28
43843358001918;AIR PRODUCTS BRASIL LTDA.;15;Indústria Química;1;Produção de substâncias e fabricação de produtos químicos;01/01/2001;;Alto;LUIS ANTONIO;SAO PAULO;-21,571333;-47,914528;Ativa;21/03/2026 20:28
43843358002051;AIR PRODUCTS BRASIL LTDA.;15;Indústria Química;1;Produção de substâncias e fabricação de produtos químicos;01/01/2001;;Alto;JACAREI;SAO PAULO;-23,375167;-46,028556;Ativa;21/03/2026 20:28
43843358002302;AIR PRODUCTS BRASIL LTDA.;15;Indústria Química;1;Produção de substâncias e fabricação de produtos químicos;05/09/2011;;Alto;SANTO ANDRE;SAO PAULO;-23,767778;-46,378833;Ativa;21/03/2026 20:28
43843358003023;AIR PRODUCTS BRASIL LTDA.;15;Indústria Química;1;Produção de substâncias e fabricação de produtos químicos;17/11/2017;;Alto;TATUI;SAO PAULO;-23,320008;-47,818967;Ativa;21/03/2026 20:28
43843358003457;AIR PRODUCTS BRASIL LTDA.;15;Indústria Química;1;Produção de substâncias e fabricação de produtos químicos;24/02/2014;;Alto;GUARATINGUETA;SAO PAULO;-22,782;-45,138778;Ativa;21/03/2026 20:28
43843358003619;AIR PRODUCTS BRASIL LTDA.;15;Indústria Química;1;Produção de substâncias e fabricação de produtos químicos;10/06/2017;;Alto;GUARATINGUETA;SAO PAULO;-22,780944;-45,16975;Ativa;21/03/2026 20:28
43857382000187;AUTO POSTO CEMBIRA LTDA;15;Indústria Química;1;Produção de substâncias e fabricação de produtos químicos;29/06/2018;;Alto;SAO PAULO;SAO PAULO;-23,604167;-46,623583;Ativa;21/03/2026 20:28
43874289000342;QUIMICOS E SOLUÇÕES SUSTENTÁVEIS DO BRASIL S.A.;15;Indústria Química;1;Produção de substâncias e fabricação de produtos químicos;30/06/2023;;Alto;TABOAO DA SERRA;SAO PAULO;-23,632167;-46,806056;Ativa;21/03/2026 20:28
43874289000423;QUÍMICOS E SOLUÇÕES SUSTENTÁVEIS DO BRASIL SA;15;Indústria Química;1;Produção de substâncias e fabricação de produtos químicos;30/06/2023;;Alto;ITATIBA;SAO PAULO;-23,056917;-46,844417;Ativa;21/03/2026 20:28
43879884000109;MIRAI QUIMICA INDUSTRIA, COMERCIO E REPRESENTACOES LTDA;15;Indústria Química;1;Produção de substâncias e fabricação de produtos químicos;16/05/2022;;Alto;BARUERI;SAO PAULO;-23,496806;-46,893028;Ativa;21/03/2026 20:28
43924305000100;JMC CANAA PROMESSA DE TERRA FERTIL LTDA;15;Indústria Química;1;Produção de substâncias e fabricação de produtos químicos;19/10/2021;;Alto;SANTA CRUZ DO RIO PARDO;SAO PAULO;-22,908194;-49,619889;Ativa;21/03/2026 20:28
43940758000112;SYMRISE AROMAS E FRAGRANCIAS LTDA;15;Indústria Química;1;Produção de substâncias e fabricação de produtos químicos;01/01/2002;;Alto;SAO PAULO;SAO PAULO;-23,997389;-46,711917;Ativa;21/03/2026 20:28
43998350000100;RAS INDUSTRIAL COMERCIAL LTDA;15;Indústria Química;1;Produção de substâncias e fabricação de produtos químicos;16/01/1974;;Alto;SANTANA DE PARNAIBA;SAO PAULO;-23,451917;-46,932194;Ativa;21/03/2026 20:28
44012250000117;OXIQUIMA PRODUTOS QUIMICOS LTDA;15;Indústria Química;1;Produção de substâncias e fabricação de produtos químicos;24/11/2010;;Alto;SAO PAULO;SAO PAULO;-23,647444;-46,712222;Ativa;21/03/2026 20:28
44012540000160;YUSHIRO DO BRASIL INDÚSTRIA QUÍMICA LTDA;15;Indústria Química;1;Produção de substâncias e fabricação de produtos químicos;01/04/2002;26/03/2003;Alto;CACAPAVA;SAO PAULO;-23,125;-45,733056;Ativa;21/03/2026 20:28
44019644000288;TOHZAI QUÍMICA LTDA.;15;Indústria Química;1;Produção de substâncias e fabricação de produtos químicos;01/01/2001;;Alto;DIADEMA;SAO PAULO;-23,698889;-46,6075;Ativa;21/03/2026 20:28
44136221000167;EVODEN INDUSTRIA COM IMP EXP DE PRODUTOS ODONTOLOGICOS LTDA;15;Indústria Química;1;Produção de substâncias e fabricação de produtos químicos;18/11/2021;;Alto;PIRASSUNUNGA;SAO PAULO;-22,026917;-47,433944;Ativa;21/03/2026 20:28
44144293000156;CRODA DO BRASIL LTDA.;15;Indústria Química;1;Produção de substâncias e fabricação de produtos químicos;01/01/2005;;Alto;CAMPINAS;SAO PAULO;-22,995;-47,116056;Ativa;21/03/2026 20:28
44158495000157;STAR GREEN INDUSTRIA E COMERCIO LTDA;15;Indústria Química;1;Produção de substâncias e fabricação de produtos químicos;08/11/2021;;Alto;GUARULHOS;SAO PAULO;-23,458583;-46,470278;Ativa;21/03/2026 20:28
44246528000110;ASK CRIOS PRODUTOS QUIMICOS DO BRASIL LTDA;15;Indústria Química;1;Produção de substâncias e fabricação de produtos químicos;01/04/2002;;Alto;RIO CLARO;SAO PAULO;-22,353167;-47,549778;Ativa;21/03/2026 20:28
44256212000100;ARBI INDUSTRIAS QUÍMICAS E BIOLÓGICAS LTDA.;15;Indústria Química;1;Produção de substâncias e fabricação de produtos químicos;15/09/2008;;Alto;SUMARE;SAO PAULO;-22,80775;-47,219278;Ativa;21/03/2026 20:28
44256279000144;IBROSUL INDUSTRIA BRASILEIRA DE OXIDOS E SULFATOS LTDA;15;Indústria Química;1;Produção de substâncias e fabricação de produtos químicos;03/11/2005;;Alto;ROSEIRA;SAO PAULO;-22,895547;-45,336661;Ativa;21/03/2026 20:28
44281038000155;DIADEMA AGRO INDUSTRIAL LTDA;15;Indústria Química;1;Produção de substâncias e fabricação de produtos químicos;01/01/2001;;Alto;ITAPECERICA DA SERRA;SAO PAULO;-23,716667;-46,833306;Ativa;21/03/2026 20:28
44330975003179;COLOMBO AGROINDÚSTRIA S/A;15;Indústria Química;1;Produção de substâncias e fabricação de produtos químicos;01/03/2020;;Alto;SANTA ADELIA;SAO PAULO;-21,235833;-48,810556;Ativa;21/03/2026 20:28
44381747000102;LUKSNOVA INDUSTRIA E COMERCIO LTDA;15;Indústria Química;1;Produção de substâncias e fabricação de produtos químicos;01/01/2001;;Alto;SAO BERNARDO DO CAMPO;SAO PAULO;-23,693889;-46,565;Ativa;21/03/2026 20:28
44386894000175;ZINCAGEM MARISA LTDA;15;Indústria Química;1;Produção de substâncias e fabricação de produtos químicos;01/01/2001;26/03/2002;Alto;MAUA;SAO PAULO;-23,65735;-46,473636;Ativa;21/03/2026 20:28
44391603000137;PLATING LIMEIRA INDUSTRIA E COMERCIO IMPORTAÇÃO E EXPORTAÇÃO LTDA;15;Indústria Química;1;Produção de substâncias e fabricação de produtos químicos;26/11/2021;;Alto;LIMEIRA;SAO PAULO;-22,610278;-47,370556;Ativa;21/03/2026 20:28
44526838000199;CRIS COMERCIAL LTDA.;15;Indústria Química;1;Produção de substâncias e fabricação de produtos químicos;30/05/2022;;Alto;GUARULHOS;SAO PAULO;-23,462778;-46,532778;Ativa;21/03/2026 20:28
44583854000113;QUIMIL INDUSTRIAL LTDA;15;Indústria Química;1;Produção de substâncias e fabricação de produtos químicos;01/01/2001;;Alto;DIADEMA;SAO PAULO;-23,719983;-46,631469;Ativa;21/03/2026 20:28
44589885000181;BUCKMAN LABORATORIOS LTDA;15;Indústria Química;1;Produção de substâncias e fabricação de produtos químicos;01/01/2001;;Alto;SUMARE;SAO PAULO;-22,835556;-47,172167;Ativa;21/03/2026 20:28
44603645000194;LIBERTY CHEMICALS INDUSTRIA E COMERCIO LTDA - EPP;15;Indústria Química;1;Produção de substâncias e fabricação de produtos químicos;01/01/2002;;Alto;AMERICANA;SAO PAULO;-22,729944;-47,293167;Ativa;21/03/2026 20:28
44667963000119;FORTIS QUÍMICA LTDA;15;Indústria Química;1;Produção de substâncias e fabricação de produtos químicos;30/01/2023;;Alto;SAO JOAO DA BOA VISTA;SAO PAULO;-22,0;-46,8125;Ativa;21/03/2026 20:28
44699346000952;ARTECOLA QUÍMICA SA;15;Indústria Química;1;Produção de substâncias e fabricação de produtos químicos;01/01/2001;03/04/2002;Alto;TATUI;SAO PAULO;-23,318639;-47,876944;Ativa;21/03/2026 20:28
44769321000120;TAPMATIC DO BRASIL INDUSTRIA E COMERCIO LTDA.;15;Indústria Química;1;Produção de substâncias e fabricação de produtos químicos;01/01/2001;;Alto;BARUERI;SAO PAULO;-23,495642;-46,898217;Ativa;21/03/2026 20:28
45035888000136;HOLLD MEYER DO BRASIL INDÚSTRIAS QUÍMICAS LTDA;15;Indústria Química;1;Produção de substâncias e fabricação de produtos químicos;01/01/2001;;Alto;SAO CAETANO DO SUL;SAO PAULO;-23,610028;-46,552278;Ativa;21/03/2026 20:28
45036670000104;CHEMLUB PRODUTOS QUÍMICOS LTDA;15;Indústria Química;1;Produção de substâncias e fabricação de produtos químicos;01/01/2003;;Alto;VALINHOS;SAO PAULO;-23,012417;-47,020667;Ativa;21/03/2026 20:28
45110236000119;CPA CORANTES E PRODUTOS PARA ANODIZAÇÃO DE ALUMÍNIO LTDA - EPP;15;Indústria Química;1;Produção de substâncias e fabricação de produtos químicos;01/12/2009;;Alto;DIADEMA;SAO PAULO;-23,696917;-46,605;Ativa;21/03/2026 20:28
45244004000153;R2L INDUSTRIALIZAÇÃO QUIMICA LTDA;15;Indústria Química;1;Produção de substâncias e fabricação de produtos químicos;10/02/2022;;Alto;SUZANO;SAO PAULO;-23,577778;-46,31;Ativa;21/03/2026 20:28
45365558000702;VITTIA S.A;15;Indústria Química;1;Produção de substâncias e fabricação de produtos químicos;29/06/2018;;Alto;ITUVERAVA;SAO PAULO;-20,330556;-47,803889;Ativa;21/03/2026 20:28
45480860000108;PYROZZAR INDÚSTRIA QUÍMICA E COMÉRCIO LTDA.;15;Indústria Química;1;Produção de substâncias e fabricação de produtos químicos;05/07/1973;;Alto;SALTO;SAO PAULO;-23,178306;-47,265806;Ativa;21/03/2026 20:28
45837400000194;EDEMM PRODUTOS E COMPOSTOS PLÁSTICOS LTDA;15;Indústria Química;1;Produção de substâncias e fabricação de produtos químicos;30/03/2023;11/12/2024;Alto;ITUPEVA;SAO PAULO;-23,157056;-47,053528;Ativa;21/03/2026 20:28
45985371000108;3M DO BRASIL LTDA;15;Indústria Química;1;Produção de substâncias e fabricação de produtos químicos;01/04/2004;;Alto;SUMARE;SAO PAULO;-22,823889;-47,188556;Ativa;21/03/2026 20:28
45985371003395;3M DO BRASIL LTDA;15;Indústria Química;1;Produção de substâncias e fabricação de produtos químicos;01/04/2005;;Alto;RIBEIRAO PRETO;SAO PAULO;-21,256056;-47,796917;Ativa;21/03/2026 20:28
45985371006220;3M DO BRASIL LTDA;15;Indústria Química;1;Produção de substâncias e fabricação de produtos químicos;01/01/2001;;Alto;ITAPETININGA;SAO PAULO;-23,601389;-48,095556;Ativa;21/03/2026 20:28
45992535000205;ICL ADITIVOS E INGREDIENTES LTDA;15;Indústria Química;1;Produção de substâncias e fabricação de produtos químicos;03/10/2022;;Alto;SAO JOSE DOS CAMPOS;SAO PAULO;-23,217167;-45,891056;Ativa;21/03/2026 20:28
45992535000396;ICL ADITIVOS E INGREDIENTES LTDA;15;Indústria Química;1;Produção de substâncias e fabricação de produtos químicos;03/10/2022;;Alto;CAJATI;SAO PAULO;-24,736056;-48,122778;Ativa;21/03/2026 20:28
46040242000100;MIRACEMA-NUODEX INDÚSTRIA QUÍMICA LTDA;15;Indústria Química;1;Produção de substâncias e fabricação de produtos químicos;01/01/2001;;Alto;CAMPINAS;SAO PAULO;-22,957194;-47,095278;Ativa;21/03/2026 20:28
46044616000165;INDUSTRIA CAMPINEIRA DE SABAO E GLICERINA;15;Indústria Química;1;Produção de substâncias e fabricação de produtos químicos;03/11/2005;;Alto;CAMPINAS;SAO PAULO;-22,852556;-47,0295;Ativa;21/03/2026 20:28
46181989000188;AMS QUÍMICA LTDA;15;Indústria Química;1;Produção de substâncias e fabricação de produtos químicos;04/10/2023;;Alto;COTIA;SAO PAULO;-23,603889;-46,919167;Ativa;21/03/2026 20:28
46271011000107;ERVIEGAS QUIMICA FINA E PLASTICOS LTDA;15;Indústria Química;1;Produção de substâncias e fabricação de produtos químicos;18/05/2021;;Alto;INDAIATUBA;SAO PAULO;-23,090278;-47,218056;Ativa;21/03/2026 20:28
46273637000152;CECON - CENTRO DE CONTROLE E PRODUTOS P/DIAGNÓSTICOS LTDA;15;Indústria Química;1;Produção de substâncias e fabricação de produtos químicos;01/01/2001;;Alto;SAO PAULO;SAO PAULO;-23,547222;-46,635833;Ativa;21/03/2026 20:28
46278016000242;DANISCO BRASIL LTDA;15;Indústria Química;1;Produção de substâncias e fabricação de produtos químicos;01/01/2001;;Alto;PIRAPOZINHO;SAO PAULO;-22,281056;-51,500278;Ativa;21/03/2026 20:28
46303855000192;INDUSTRIA E COMERCIO SANTA THEREZA LTDA;15;Indústria Química;1;Produção de substâncias e fabricação de produtos químicos;01/01/2001;;Alto;JUNDIAI;SAO PAULO;-23,163167;-46,939583;Ativa;21/03/2026 20:28
46344354000405;AJINOMOTO DO BRASIL INDÚSTRIA E COMÉRCIO DE ALIMENTOS LTDA.;15;Indústria Química;1;Produção de substâncias e fabricação de produtos químicos;15/05/2006;;Alto;PEDERNEIRAS;SAO PAULO;-22,358139;-48,725778;Ativa;21/03/2026 20:28
46344354000588;AJINOMOTO DO BRASIL IND. E COM. DE ALIMENTOS LTDA.;15;Indústria Química;1;Produção de substâncias e fabricação de produtos químicos;01/06/2010;;Alto;LIMEIRA;SAO PAULO;-22,680278;-47,291056;Ativa;21/03/2026 20:28
46375894000103;DIB QUIMICA LTDA;15;Indústria Química;1;Produção de substâncias e fabricação de produtos químicos;28/06/2022;;Alto;SAO PAULO;SAO PAULO;-23,535389;-46,753833;Ativa;21/03/2026 20:28
46390273000190;WAZE INDÚSTRIA E COMÉRCIO DE PRODUTOS QUÍMICOS LTDA;15;Indústria Química;1;Produção de substâncias e fabricação de produtos químicos;20/06/2022;;Alto;SERTAOZINHO;SAO PAULO;-21,142667;-48,005889;Ativa;21/03/2026 20:28
46390273000271;WAZE INDUSTRIA E COMERCIO DE PRODUTOS QUIMICOS LTDA;15;Indústria Química;1;Produção de substâncias e fabricação de produtos químicos;24/07/2024;;Alto;SERTAOZINHO;SAO PAULO;-21,157778;-48,008333;Ativa;21/03/2026 20:28
46393484000187;KURITA DO BRASIL LTDA.;15;Indústria Química;1;Produção de substâncias e fabricação de produtos químicos;01/01/2001;;Alto;ARTUR NOGUEIRA;SAO PAULO;-22,596167;-47,185889;Ativa;21/03/2026 20:28
46481156000132;HIDROMAR INDUSTRIA QUIMICA LTDA;15;Indústria Química;1;Produção de substâncias e fabricação de produtos químicos;01/01/2001;;Alto;CUBATAO;SAO PAULO;-23,868806;-46,414167;Ativa;21/03/2026 20:28
46507828000131;SILITEX INDUSTRIA, COMERCIO E IMPORTAÇAO LTDA.;15;Indústria Química;1;Produção de substâncias e fabricação de produtos químicos;01/04/2002;14/03/2005;Alto;SAO PAULO;SAO PAULO;-23,510167;-46,461417;Ativa;21/03/2026 20:28
46741441000145;BIOXYZ BIOTECNOLOGIA MICROBIANA E BIOPROCESSOS INDUSTRIAIS LTDA;15;Indústria Química;1;Produção de substâncias e fabricação de produtos químicos;10/06/2022;;Alto;PIRACICABA;SAO PAULO;-22,673611;-47,628889;Ativa;21/03/2026 20:28
46792592000122;RED INDUSTRIA E COMERCIO LTDA;15;Indústria Química;1;Produção de substâncias e fabricação de produtos químicos;29/08/2023;;Alto;BADY BASSITT;SAO PAULO;-20,898194;-49,437778;Ativa;21/03/2026 20:28
46928552000165;DOVAC INDUSTRIA E COMERCIO LTDA;15;Indústria Química;1;Produção de substâncias e fabricação de produtos químicos;01/01/2001;;Alto;SAO BERNARDO DO CAMPO;SAO PAULO;-23,735278;-46,566667;Ativa;21/03/2026 20:28
47003579000100;NHEEL QUIMICA LTDA;15;Indústria Química;1;Produção de substâncias e fabricação de produtos químicos;01/01/2001;;Alto;RIO CLARO;SAO PAULO;-22,413556;-47,585278;Ativa;21/03/2026 20:28
47010863000103;EDEN QUIMICA INDUSTRIAL LTDA;15;Indústria Química;1;Produção de substâncias e fabricação de produtos químicos;01/01/2001;;Alto;CAPIVARI;SAO PAULO;-22,9975;-47,453333;Ativa;21/03/2026 20:28
47050403000109;SULAMERICANA GASES LTDA;15;Indústria Química;1;Produção de substâncias e fabricação de produtos químicos;17/01/2024;;Alto;SANTO ANDRE;SAO PAULO;-23,661667;-46,547778;Ativa;21/03/2026 20:28
47098918001746;VEOLIA WATER TECHNOLOGIES AND SOLUTIONS BRASIL TRATAMENTO DE AGUAS LTDA;15;Indústria Química;1;Produção de substâncias e fabricação de produtos químicos;09/08/2022;;Alto;LUIS ANTONIO;SAO PAULO;-21,571944;-47,916361;Ativa;21/03/2026 20:28
47178385000145;47.178.385 MARIANA GOMES DIAS DOS ANJOS;15;Indústria Química;1;Produção de substâncias e fabricação de produtos químicos;20/12/2023;;Alto;BARUERI;SAO PAULO;-23,523056;-46,898889;Ativa;21/03/2026 20:28
47297943000191;PETROTEC ASFALTO - COMERCIO DE DERIVADOS DE PETROLEO LTDA;15;Indústria Química;1;Produção de substâncias e fabricação de produtos químicos;06/10/2023;;Alto;RIBEIRAO PRETO;SAO PAULO;-21,242778;-47,794167;Ativa;21/03/2026 20:28
47434295000178;A AEROJET BRASILEIRA DE FIBERGLASS LTDA;15;Indústria Química;1;Produção de substâncias e fabricação de produtos químicos;01/01/2001;;Alto;SAO PAULO;SAO PAULO;-23,633556;-46,695478;Ativa;21/03/2026 20:28
47460320000198;FORTAG IND. COM. IMP. EXP. LTDA;15;Indústria Química;1;Produção de substâncias e fabricação de produtos químicos;02/01/2024;;Alto;LOUVEIRA;SAO PAULO;-23,076389;-46,960556;Ativa;21/03/2026 20:28
47566906000131;LABORATÓRIOS UNIVERSAL INDÚSTRIA E COMÉRCIO LTDA.;15;Indústria Química;1;Produção de substâncias e fabricação de produtos químicos;01/01/2004;;Alto;TAUBATE;SAO PAULO;-23,030833;-45,548333;Ativa;21/03/2026 20:28
47679469000162;CERAFIX MANUFATURA E COMERCIO DE CERAS PARA MOLDES;15;Indústria Química;1;Produção de substâncias e fabricação de produtos químicos;05/09/2019;;Alto;PRADOPOLIS;SAO PAULO;-21,364056;-48,074611;Ativa;21/03/2026 20:28
47680376000158;ATLANTA QUÍMICA INDUSTRIAL LTDA;15;Indústria Química;1;Produção de substâncias e fabricação de produtos químicos;01/01/2001;14/05/2024;Alto;GUARULHOS;SAO PAULO;-23,421167;-46,371306;Ativa;21/03/2026 20:28
47684386000161;CHT BRASIL QUIMICA LTDA;15;Indústria Química;1;Produção de substâncias e fabricação de produtos químicos;01/01/2004;;Alto;CAJAMAR;SAO PAULO;-23,343167;-46,840167;Ativa;21/03/2026 20:28
47684386000242;CHT BRASIL QUIMICA LTDA;15;Indústria Química;1;Produção de substâncias e fabricação de produtos químicos;01/05/2021;;Alto;PIRACAIA;SAO PAULO;-23,102583;-46,406306;Ativa;21/03/2026 20:28
47793079000119;INNOVA32 LTDA;15;Indústria Química;1;Produção de substâncias e fabricação de produtos químicos;23/03/2023;;Alto;VINHEDO;SAO PAULO;-23,042167;-47,005528;Ativa;21/03/2026 20:28
47859426000169;RESYPAR INDUSTRIA E COMERCIO LTDA;15;Indústria Química;1;Produção de substâncias e fabricação de produtos químicos;01/01/2001;;Alto;ARUJA;SAO PAULO;-23,411778;-46,33725;Ativa;21/03/2026 20:28
47902424000105;ECADIL INDUSTRIA QUIMICA S/A;15;Indústria Química;1;Produção de substâncias e fabricação de produtos químicos;01/01/2001;25/01/2008;Alto;COSMOPOLIS;SAO PAULO;-22,631389;-47,185806;Ativa;21/03/2026 20:28
47929671000103;EUROPA PRODUTOS DE PETROLEO S/A;15;Indústria Química;1;Produção de substâncias e fabricação de produtos químicos;13/09/2022;;Alto;ARARAS;SAO PAULO;-22,407806;-47,390639;Ativa;21/03/2026 20:28
47959697000358;AMAZONAS INDUSTRIA E COMÉRCIO LTDA;15;Indústria Química;1;Produção de substâncias e fabricação de produtos químicos;01/01/2001;;Alto;FRANCA;SAO PAULO;-20,558417;-47,547167;Ativa;21/03/2026 20:28
47963319000186;ANIDROL INDUSTRIA QUIMICA LTDA;15;Indústria Química;1;Produção de substâncias e fabricação de produtos químicos;01/01/2001;;Alto;DIADEMA;SAO PAULO;-23,704028;-46,593167;Ativa;21/03/2026 20:28
47963319000429;ANIDROL INDUSTRIA QUIMICA LTDA;15;Indústria Química;1;Produção de substâncias e fabricação de produtos químicos;06/07/2023;;Alto;PINDAMONHANGABA;SAO PAULO;-22,917639;-45,424028;Ativa;21/03/2026 20:28
48391247000102;REPROCESSA RESÍDUOS INDUSTRIAIS LTDA;15;Indústria Química;1;Produção de substâncias e fabricação de produtos químicos;01/01/2001;;Alto;CACAPAVA;SAO PAULO;-23,166944;-45,750278;Ativa;21/03/2026 20:28
48394942000128;GRAN QUIMICA SOLUCOES INDUSTRIAIS LTDA;15;Indústria Química;1;Produção de substâncias e fabricação de produtos químicos;28/03/2023;;Alto;AMERICANA;SAO PAULO;-22,75;-47,332222;Ativa;21/03/2026 20:28
48439341000194;BASF CATALISADORES LTDA;15;Indústria Química;1;Produção de substâncias e fabricação de produtos químicos;01/07/2023;;Alto;INDAIATUBA;SAO PAULO;-23,142417;-47,247139;Ativa;21/03/2026 20:28
48539407000207;BASF S.A;15;Indústria Química;1;Produção de substâncias e fabricação de produtos químicos;01/01/2001;;Alto;GUARATINGUETA;SAO PAULO;-22,783778;-45,168306;Ativa;21/03/2026 20:28
48539407004458;BASF S.A;15;Indústria Química;1;Produção de substâncias e fabricação de produtos químicos;03/11/2009;12/07/2019;Alto;PAULINIA;SAO PAULO;-22,763333;-47,116972;Ativa;21/03/2026 20:28
48539407007392;BASF S/A;15;Indústria Química;1;Produção de substâncias e fabricação de produtos químicos;01/01/2001;;Alto;SAO BERNARDO DO CAMPO;SAO PAULO;-23,763667;-46,563056;Ativa;21/03/2026 20:28
48539407009255;BASF S.A.;15;Indústria Química;1;Produção de substâncias e fabricação de produtos químicos;26/09/2011;;Alto;JACAREI;SAO PAULO;-23,274306;-45,9745;Ativa;21/03/2026 20:28
48555775000745;OBRA SOCIAL NOSSA SENHORA DA GLÓRIA - FAZENDA DA ESPERANÇA;15;Indústria Química;1;Produção de substâncias e fabricação de produtos químicos;01/01/2001;;Alto;GUARATINGUETA;SAO PAULO;-22,734417;-45,343889;Ativa;21/03/2026 20:28
48636513000110;TECHGALVANO INDUSTRIA E COMERCIO DE PRODUTOS GALVANOTECNICOS LTDA;15;Indústria Química;1;Produção de substâncias e fabricação de produtos químicos;24/01/2023;;Alto;GUARULHOS;SAO PAULO;-23,502917;-46,55075;Ativa;21/03/2026 20:28
48688245000180;LGS QUIMICA LTDA;15;Indústria Química;1;Produção de substâncias e fabricação de produtos químicos;24/07/2023;;Alto;INDAIATUBA;SAO PAULO;-23,1425;-47,233056;Ativa;21/03/2026 20:28
48724621000144;LIFE PARTNER ODONTO INDUSTRIA E COMERCIO LTDA;15;Indústria Química;1;Produção de substâncias e fabricação de produtos químicos;01/04/2023;;Alto;VARGEM GRANDE PAULISTA;SAO PAULO;-23,651389;-46,994722;Ativa;21/03/2026 20:28
48767645000180;RENAN AGROCHEMICALS LTDA;15;Indústria Química;1;Produção de substâncias e fabricação de produtos químicos;02/07/2023;;Alto;SAO ROQUE;SAO PAULO;-23,423722;-47,142856;Ativa;21/03/2026 20:28
48773943000183;VANESSA MIRAS ANDRADE GOMES;15;Indústria Química;1;Produção de substâncias e fabricação de produtos químicos;13/02/2023;;Alto;RESTINGA;SAO PAULO;-20,585772;-47,464811;Ativa;21/03/2026 20:28
48774863000142;MARKEY IND E COM DE MARCADORES INDUSTRIAIS LTDA EPP;15;Indústria Química;1;Produção de substâncias e fabricação de produtos químicos;09/11/2011;;Alto;GUARULHOS;SAO PAULO;-23,412178;-46,387486;Ativa;21/03/2026 20:28
48794697000146;PRODUTOS QUIMICOS QUIMIDREAM LTDA;15;Indústria Química;1;Produção de substâncias e fabricação de produtos químicos;01/01/2001;;Alto;BARUERI;SAO PAULO;-23,476944;-46,883611;Ativa;21/03/2026 20:28
48795926000147;LAMBERTI BRASIL PRODUTOS QUIMICOS LTDA;15;Indústria Química;1;Produção de substâncias e fabricação de produtos químicos;01/01/2001;;Alto;NOVA ODESSA;SAO PAULO;-22,785167;-47,23325;Ativa;21/03/2026 20:28
48831142000127;PINDA INDÚSTRIA QUÍMICA LTDA;15;Indústria Química;1;Produção de substâncias e fabricação de produtos químicos;07/05/2024;;Alto;TAUBATE;SAO PAULO;-23,03835;-45,537717;Ativa;21/03/2026 20:28
48893573000118;OXVALE INDUSTRAI E COMERCIO LTDA;15;Indústria Química;1;Produção de substâncias e fabricação de produtos químicos;14/12/2022;;Alto;ROSEIRA;SAO PAULO;-22,893333;-45,335556;Ativa;21/03/2026 20:28
48922009000186;GARIN & CIA LIMITADA;15;Indústria Química;1;Produção de substâncias e fabricação de produtos químicos;01/01/2001;19/04/2017;Alto;BARUERI;SAO PAULO;-23,485556;-46,876389;Ativa;21/03/2026 20:28
48922769000193;RISCOFER TINTAS E VERNIZES LTDA;15;Indústria Química;1;Produção de substâncias e fabricação de produtos químicos;10/10/2011;;Alto;SAO PAULO;SAO PAULO;-23,584417;-46,596667;Ativa;21/03/2026 20:28
49034481000145;PIRATININGA IND COM DE PRODUTOS ESCOLARES EIRELI;15;Indústria Química;1;Produção de substâncias e fabricação de produtos químicos;27/09/2023;;Alto;GUARULHOS;SAO PAULO;-23,4825;-46,551917;Ativa;21/03/2026 20:28
49039829000197;INDUSTRIA QUIMICA RIVER LTDA;15;Indústria Química;1;Produção de substâncias e fabricação de produtos químicos;01/01/2001;;Alto;GUARULHOS;SAO PAULO;-23,442778;-46,3925;Ativa;21/03/2026 20:28
49127668000193;ECORRIZIUM AGROBIOTECNOLOGIA INDUSTRIA E COMERCIO LTDA;15;Indústria Química;1;Produção de substâncias e fabricação de produtos químicos;08/04/2024;;Alto;SAO JOSE DO RIO PRETO;SAO PAULO;-20,838667;-49,350806;Ativa;21/03/2026 20:28
49169642000108;UNIBRAS AGRO QUIMICA LTDA;15;Indústria Química;1;Produção de substâncias e fabricação de produtos químicos;01/01/2001;23/07/2018;Alto;RIBEIRAO PRETO;SAO PAULO;-21,148417;-47,776389;Ativa;21/03/2026 20:28
49209877000186;PRAID PRODUTOS QUIMICOS LTDA;15;Indústria Química;1;Produção de substâncias e fabricação de produtos químicos;04/10/2007;;Alto;CERQUILHO;SAO PAULO;-23,165;-47,743556;Ativa;21/03/2026 20:28
49312148000150;ORIGINAL INDÚSTRIA E COMERCIO DE PRODUTOS QUÍMICOS LTDA ME;15;Indústria Química;1;Produção de substâncias e fabricação de produtos químicos;24/01/2023;;Alto;BURI;SAO PAULO;-23,641917;-48,749167;Ativa;21/03/2026 20:28
49323579000112;WACKER QUÍMICA DO BRASIL LTDA;15;Indústria Química;1;Produção de substâncias e fabricação de produtos químicos;01/01/2005;;Alto;JANDIRA;SAO PAULO;-23,520556;-46,9275;Ativa;21/03/2026 20:28
49325236000278;QUIMICA ZEW PRODUTOS E EQUIPAMENTOS LTDA;15;Indústria Química;1;Produção de substâncias e fabricação de produtos químicos;01/01/2001;;Alto;SAO CAETANO DO SUL;SAO PAULO;-23,624306;-46,572556;Ativa;21/03/2026 20:28
49351786000261;BAXTER HOSPITALAR LTDA;15;Indústria Química;1;Produção de substâncias e fabricação de produtos químicos;01/01/2001;28/03/2003;Alto;SAO PAULO;SAO PAULO;-23,680806;-46,691389;Ativa;21/03/2026 20:28
49363187000187;CETUS IND E COM DE PROD QUIMICOS LTDA;15;Indústria Química;1;Produção de substâncias e fabricação de produtos químicos;01/01/2001;;Alto;ARACARIGUAMA;SAO PAULO;-23,436306;-47,064556;Ativa;21/03/2026 20:28
49449309000152;CLEOMAR QUIMICA INDUSTRIA E COMERCIO LTDA;15;Indústria Química;1;Produção de substâncias e fabricação de produtos químicos;01/01/2001;;Alto;INDAIATUBA;SAO PAULO;-23,122167;-47,215556;Ativa;21/03/2026 20:28
49486665000146;ALKALLIS BRASIL IND COM PRODS QUIMS LTDA;15;Indústria Química;1;Produção de substâncias e fabricação de produtos químicos;01/01/2001;;Alto;GUARULHOS;SAO PAULO;-23,458;-46,476194;Ativa;21/03/2026 20:28
49493653000149;PROQUITEC IND DE PROD QUIMICOS E REPRESENTACAO COMERCIAL S.A;15;Indústria Química;1;Produção de substâncias e fabricação de produtos químicos;01/01/2001;;Alto;VARGEM GRANDE PAULISTA;SAO PAULO;-23,601806;-47,017028;Ativa;21/03/2026 20:28
49495773000185;AUTO POSTO ESTRELA DO LESTE LTDA;15;Indústria Química;1;Produção de substâncias e fabricação de produtos químicos;29/06/2018;;Alto;SAO PAULO;SAO PAULO;-23,537944;-46,46975;Ativa;21/03/2026 20:28
49524192000205;MEXTRA ENGENHARIA EXTRATIVA DE METAIS LTDA;15;Indústria Química;1;Produção de substâncias e fabricação de produtos químicos;01/02/2014;;Alto;TAUBATE;SAO PAULO;-23,004417;-45,507056;Ativa;21/03/2026 20:28
49524192000477;MEXTRA ENGENHARIA EXTRATIVA DE METAIS LTDA;15;Indústria Química;1;Produção de substâncias e fabricação de produtos químicos;01/04/2023;;Alto;TAUBATE;SAO PAULO;-23,041067;-45,567328;Ativa;21/03/2026 20:28
49571329000100;L V M F INDUSTRIA E COMERCIO DE ADITIVOS DE USO INDUSTRIAL;15;Indústria Química;1;Produção de substâncias e fabricação de produtos químicos;01/03/2023;;Alto;AMERICANA;SAO PAULO;-22,7025;-47,301944;Ativa;21/03/2026 20:28
49610260000178;ARACACLORO SOLUCOES E SERVICOS LTDA.;15;Indústria Química;1;Produção de substâncias e fabricação de produtos químicos;08/08/2025;;Alto;ARACATUBA;SAO PAULO;-21,215;-50,463306;Ativa;21/03/2026 20:28
49641863000137;HAUROP GROUP INDUSTRIA E COMERCIO LTDA;15;Indústria Química;1;Produção de substâncias e fabricação de produtos químicos;01/01/2005;;Alto;SAO CAETANO DO SUL;SAO PAULO;-23,611583;-46,575333;Ativa;21/03/2026 20:28
49673351000152;PRODUS INDUSTRIA E COMERCIO DE PRODUTOS QUIMICOS LTDA;15;Indústria Química;1;Produção de substâncias e fabricação de produtos químicos;22/02/2023;;Alto;AMERICANA;SAO PAULO;-22,691106;-47,310347;Ativa;21/03/2026 20:28
49696990000133;MULTIONIC IND.COM.PRODS HIG. LIMP. LTDA;15;Indústria Química;1;Produção de substâncias e fabricação de produtos químicos;01/01/2001;;Alto;TAUBATE;SAO PAULO;-23,030619;-45,624514;Ativa;21/03/2026 20:28
49875628000120;DIAL DRIN PRODUTOS QUÍMICOS EIRELI;15;Indústria Química;1;Produção de substâncias e fabricação de produtos químicos;01/01/2001;;Alto;VARGEM GRANDE PAULISTA;SAO PAULO;-23,6075;-47,044167;Ativa;21/03/2026 20:28
49885168000110;BELLOPOLIMEROS INDUSTRIA E COMERCIO LTDA;15;Indústria Química;1;Produção de substâncias e fabricação de produtos químicos;10/03/2023;;Alto;LEME;SAO PAULO;-22,209417;-47,398056;Ativa;21/03/2026 20:28
49976439000143;AJJS INDUSTRIA DE DISTRIBUIDORA LTDA;15;Indústria Química;1;Produção de substâncias e fabricação de produtos químicos;22/02/2024;;Alto;SAO BERNARDO DO CAMPO;SAO PAULO;-23,694694;-46,5825;Ativa;21/03/2026 20:28
49997808000184;FORTEX QUIMICA MARCHEZANI, INDUSTRIA, IMPORTACAO E EXPORTACAO LTDA;15;Indústria Química;1;Produção de substâncias e fabricação de produtos químicos;20/03/2023;;Alto;LORENA;SAO PAULO;-22,706514;-45,129131;Ativa;21/03/2026 20:28
50025469000404;ULTRAFINE TECHNOLOGIES INDUSTRIA E COMERCIO DE PRODUTOS QUIMICOS LTDA;15;Indústria Química;1;Produção de substâncias e fabricação de produtos químicos;25/01/2017;;Alto;INDAIATUBA;SAO PAULO;-23,123556;-47,263944;Ativa;21/03/2026 20:28
50077017000115;ALLIANCE GERENCIAMENTO DE RESIDUOS LTDA;15;Indústria Química;1;Produção de substâncias e fabricação de produtos químicos;14/09/2023;;Alto;ITAQUAQUECETUBA;SAO PAULO;-23,449417;-46,323306;Ativa;21/03/2026 20:28
50251636000265;COMARPLAST INDUSTRIA E COMERCIO LTDA;15;Indústria Química;1;Produção de substâncias e fabricação de produtos químicos;01/01/2001;;Alto;CAPAO BONITO;SAO PAULO;-24,246944;-48,142083;Ativa;21/03/2026 20:28
50272962000682;WALLERSTEIN INDUSTRIAL E COMERCIAL LTDA;15;Indústria Química;1;Produção de substâncias e fabricação de produtos químicos;11/07/2019;;Alto;BARUERI;SAO PAULO;-23,51775;-46,913417;Ativa;21/03/2026 20:28
50423383000189;AGRARIA INDUSTRIA E COMERCIO LTDA;15;Indústria Química;1;Produção de substâncias e fabricação de produtos químicos;01/04/2005;;Alto;JARDINOPOLIS;SAO PAULO;-21,03;-47,783056;Ativa;21/03/2026 20:28
50423383000502;AGRÁRIA INDÚSTRIA E COMÉRCIO LTDA;15;Indústria Química;1;Produção de substâncias e fabricação de produtos químicos;01/01/2001;;Alto;JARDINOPOLIS;SAO PAULO;-21,039242;-47,815628;Ativa;21/03/2026 20:28
50472471000251;PROTECHNO TECNICA E COMERCIAL LTDA;15;Indústria Química;1;Produção de substâncias e fabricação de produtos químicos;08/12/2020;;Alto;IBIUNA;SAO PAULO;-23,6775;-47,130556;Ativa;21/03/2026 20:28
50484476000113;LUBRISINT LUBRIFICANTES SINTÉTICOS ESPECIAIS S.A.;15;Indústria Química;1;Produção de substâncias e fabricação de produtos químicos;01/07/2002;;Alto;DIADEMA;SAO PAULO;-23,671056;-46,626389;Ativa;21/03/2026 20:28
50606125000138;ISOTT COMERCIO FABRICAÇÃO E SERVICOS DE ISOLANTES LTDA;15;Indústria Química;1;Produção de substâncias e fabricação de produtos químicos;09/05/2023;;Alto;SAO BERNARDO DO CAMPO;SAO PAULO;-23,660467;-46,611333;Ativa;21/03/2026 20:28
50665629000129;OXY QUIMICA E METALURGICA LTDA.;15;Indústria Química;1;Produção de substâncias e fabricação de produtos químicos;01/01/2001;;Alto;JUQUITIBA;SAO PAULO;-23,938564;-47,073669;Ativa;21/03/2026 20:28
50676113000180;CHEMICAL SPECIALTIES INDUSTRIA E COMERCIO LTDA-EPP;15;Indústria Química;1;Produção de substâncias e fabricação de produtos químicos;01/01/2001;19/03/2002;Alto;GUARULHOS;SAO PAULO;-23,462778;-46,532778;Ativa;21/03/2026 20:28
50679157000163;GLOBAL ARLA LTDA;15;Indústria Química;1;Produção de substâncias e fabricação de produtos químicos;15/05/2023;;Alto;AMERICANA;SAO PAULO;-22,749417;-47,299694;Ativa;21/03/2026 20:28
50770643000192;AUDAX QUIMICA INDUSTRIA E COMERCIO DE PRODUTOS PARA HIGIENE E LIMPEZA LTDA;15;Indústria Química;1;Produção de substâncias e fabricação de produtos químicos;02/08/2018;;Alto;VINHEDO;SAO PAULO;-23,046639;-47,006056;Ativa;21/03/2026 20:28
50770643000940;AUDAX QUIMICA INDUSTRIA E COMERCIO DE PRODUTOS PARA HIGIENE E LIMPEZA LTDA;15;Indústria Química;1;Produção de substâncias e fabricação de produtos químicos;26/05/2020;;Alto;ITUPEVA;SAO PAULO;-23,142778;-47,039167;Ativa;21/03/2026 20:28
50891399000116;AUTO POSTO PALMEIRAS LTDA;15;Indústria Química;1;Produção de substâncias e fabricação de produtos químicos;01/01/2020;;Alto;SAO PAULO;SAO PAULO;-23,496;-46,685444;Ativa;21/03/2026 20:28
50892934000153;METAL-CHEK BRASIL INDÚSTRIA E COMÉRCIO LTDA;15;Indústria Química;1;Produção de substâncias e fabricação de produtos químicos;01/01/2001;;Alto;BRAGANCA PAULISTA;SAO PAULO;-22,922167;-46,545278;Ativa;21/03/2026 20:28
51033340000150;IMPERIAL GASES DO BRASIL LTDA;15;Indústria Química;1;Produção de substâncias e fabricação de produtos químicos;13/06/2023;;Alto;SAO PAULO;SAO PAULO;-23,446944;-46,569167;Ativa;21/03/2026 20:28
51123339000116;CLOROETIL SOLVENTES ACETICOS S/A EM RECUPERAÇÃO JUDICIAL;15;Indústria Química;1;Produção de substâncias e fabricação de produtos químicos;01/01/2003;;Alto;MOJI MIRIM;SAO PAULO;-22,364667;-47,006167;Ativa;21/03/2026 20:28
51123339000540;CLOROETIL SOLVENTES ACETICOS S.A. EM RECUPERAÇÃO JUDICIAL;15;Indústria Química;1;Produção de substâncias e fabricação de produtos químicos;01/10/2025;;Alto;SAO BERNARDO DO CAMPO;SAO PAULO;-23,7225;-46,595278;Ativa;21/03/2026 20:28
51141174000105;PROTHAL INDUSTRIAL LTDA;15;Indústria Química;1;Produção de substâncias e fabricação de produtos químicos;01/01/2001;;Alto;DIADEMA;SAO PAULO;-23,700222;-46,605806;Ativa;21/03/2026 20:28
51164169000118;QUIMISCICLE INDUSTRIA QUIMICA LTDA;15;Indústria Química;1;Produção de substâncias e fabricação de produtos químicos;23/06/2023;;Alto;SANTO ANDRE;SAO PAULO;-23,638528;-46,532556;Ativa;21/03/2026 20:28
51333862000177;TINN KOL TINTAS E ADEVISOS LTDA;15;Indústria Química;1;Produção de substâncias e fabricação de produtos químicos;06/12/2010;;Alto;DIADEMA;SAO PAULO;-23,697667;-46,6075;Ativa;21/03/2026 20:28
51362296000121;RIZOMA AGRICULTURA LTDA;15;Indústria Química;1;Produção de substâncias e fabricação de produtos químicos;19/03/2026;;Alto;ITIRAPINA;SAO PAULO;-22,226667;-47,748611;Ativa;21/03/2026 20:28
51462471000152;LABSYNTH PRODUTOS PARA LABORATÓRIOS LTDA;15;Indústria Química;1;Produção de substâncias e fabricação de produtos químicos;09/09/1982;;Alto;DIADEMA;SAO PAULO;-23,683889;-46,598333;Ativa;21/03/2026 20:28
51466860002957;SAO MARTINHO S/A;15;Indústria Química;1;Produção de substâncias e fabricação de produtos químicos;01/09/2011;;Alto;IRACEMAPOLIS;SAO PAULO;-22,585417;-47,528194;Ativa;21/03/2026 20:28
51545150000111;TOCAM IMPREGNAÇÃO INDÚSTRIA E COMÉRCIO LTDA;15;Indústria Química;1;Produção de substâncias e fabricação de produtos químicos;01/07/2004;06/08/2004;Alto;SAO PAULO;SAO PAULO;-23,5475;-46,636111;Ativa;21/03/2026 20:28
51557106000121;FOSECO INDUSTRIAL E COMERCIAL LTDA;15;Indústria Química;1;Produção de substâncias e fabricação de produtos químicos;01/01/2001;;Alto;SAO PAULO;SAO PAULO;-23,586417;-46,759694;Ativa;21/03/2026 20:28
51557106001284;FOSECO INDUSTRIAL E COMERCIAL LTDA;15;Indústria Química;1;Produção de substâncias e fabricação de produtos químicos;08/09/2010;;Alto;COTIA;SAO PAULO;-23,593889;-46,877167;Ativa;21/03/2026 20:28
51656783000105;ITAMARATI METAL QUIMICA LTDA;15;Indústria Química;1;Produção de substâncias e fabricação de produtos químicos;01/01/2001;;Alto;BOM JESUS DOS PERDOES;SAO PAULO;-23,148139;-46,464458;Ativa;21/03/2026 20:28
51776465000170;CLS INDÚSTRIA DE PRODUTOS QUÍMICOS LTDA.;15;Indústria Química;1;Produção de substâncias e fabricação de produtos químicos;11/08/2023;;Alto;JABOTICABAL;SAO PAULO;-21,258656;-48,357344;Ativa;21/03/2026 20:28
51780468000268;JANSSEN CILAG FARMACEUTICA LTDA;15;Indústria Química;1;Produção de substâncias e fabricação de produtos químicos;01/01/2001;;Alto;SAO JOSE DOS CAMPOS;SAO PAULO;-23,238889;-45,927778;Ativa;21/03/2026 20:28
51781287000175;LN AGRO SCIENCE LTDA - EPP;15;Indústria Química;1;Produção de substâncias e fabricação de produtos químicos;15/07/2025;;Alto;SERRANA;SAO PAULO;-21,1925;-47,590833;Ativa;21/03/2026 20:28
51866804000109;PAX LUBRIFICANTES LTDA;15;Indústria Química;1;Produção de substâncias e fabricação de produtos químicos;01/01/2001;;Alto;CAMPINAS;SAO PAULO;-22,858556;-47,103306;Ativa;21/03/2026 20:28
51904261000177;SOUZA & MACEDO TRANSPORTES LTDA;15;Indústria Química;1;Produção de substâncias e fabricação de produtos químicos;12/09/2023;03/05/2024;Alto;CUBATAO;SAO PAULO;-23,925833;-46,368611;Ativa;21/03/2026 20:28
51920650000196;FARKON INDUSTRIA E COMERCIO QUIMICO LTDA;15;Indústria Química;1;Produção de substâncias e fabricação de produtos químicos;23/05/2016;;Alto;JUNDIAI;SAO PAULO;-23,190833;-46,883889;Ativa;21/03/2026 20:28
51931954000159;EP ENGENHARIA DO PROCESSO LTDA;15;Indústria Química;1;Produção de substâncias e fabricação de produtos químicos;19/01/2018;17/03/2022;Alto;NAZARE PAULISTA;SAO PAULO;-23,181667;-46,403528;Ativa;21/03/2026 20:28
52147418000120;BR HYALURONIC LTDA;15;Indústria Química;1;Produção de substâncias e fabricação de produtos químicos;12/09/2023;;Alto;SAO CARLOS;SAO PAULO;-21,999444;-47,915278;Ativa;21/03/2026 20:28
52216726000160;MOTTUS INDUSTRIA QUIMICA LTDA;15;Indústria Química;1;Produção de substâncias e fabricação de produtos químicos;18/09/2023;;Alto;RIBEIRAO PRETO;SAO PAULO;-21,198642;-47,770897;Ativa;21/03/2026 20:28
52336476000100;HS BOND INDUSTRIA, COMÉRCIO, IMPORTAÇÃO E EXPORTAÇÃO LTDA;15;Indústria Química;1;Produção de substâncias e fabricação de produtos químicos;08/09/2011;;Alto;ARACATUBA;SAO PAULO;-21,143056;-50,4625;Ativa;21/03/2026 20:28
52342094000180;PRO-BRILL INDUSTRIA E COMERCIO LTDA;15;Indústria Química;1;Produção de substâncias e fabricação de produtos químicos;01/01/2001;;Alto;DIADEMA;SAO PAULO;-23,696917;-46,607;Ativa;21/03/2026 20:28
52342094000342;PRO BRIL INDÚSTRIA E COMÉRCIO LTDA;15;Indústria Química;1;Produção de substâncias e fabricação de produtos químicos;24/11/2010;;Alto;DIADEMA;SAO PAULO;-23,69175;-46,605917;Ativa;21/03/2026 20:28
52417904000110;H&N HOMEOPATIA E PRODUTOS NATURAIS LTDA;15;Indústria Química;1;Produção de substâncias e fabricação de produtos químicos;28/08/1983;;Alto;SAO PAULO;SAO PAULO;-23,502639;-46,627944;Ativa;21/03/2026 20:28
52684982000181;GLITTER INDUSTRIA COMERCIO IMPORTAÇÃO E EXPORTAÇÃO EIRELI;15;Indústria Química;1;Produção de substâncias e fabricação de produtos químicos;28/09/2018;;Alto;CARAPICUIBA;SAO PAULO;-23,564667;-46,824806;Ativa;21/03/2026 20:28
52720459000163;HF EXTRATOS NATURAIS LTDA;15;Indústria Química;1;Produção de substâncias e fabricação de produtos químicos;08/11/2023;;Alto;INDAIATUBA;SAO PAULO;-23,128653;-47,218167;Ativa;21/03/2026 20:28
52742277000193;PRODUTOS QUIMICOS GUAÇU INDÚSTRIA E COMÉRCIO LTDA;15;Indústria Química;1;Produção de substâncias e fabricação de produtos químicos;01/01/2001;;Alto;ESTIVA GERBI;SAO PAULO;-22,289056;-46,947306;Ativa;21/03/2026 20:28
52923208000186;NEOQUIM INDUSTRIAS QUIMICAS LTDA.;15;Indústria Química;1;Produção de substâncias e fabricação de produtos químicos;01/10/2003;;Alto;ITAQUAQUECETUBA;SAO PAULO;-23,486056;-46,348306;Ativa;21/03/2026 20:28
52984622000103;IQA - INDÚSTRIAS QUÍMICAS ARUJÁ LTDA;15;Indústria Química;1;Produção de substâncias e fabricação de produtos químicos;01/01/2001;;Alto;ARUJA;SAO PAULO;-23,413056;-46,363889;Ativa;21/03/2026 20:28
53137527000129;DENVER INDÚSTRIA E COMÉRCIO DE PRODUTOS QUIMICOS LTDA.;15;Indústria Química;1;Produção de substâncias e fabricação de produtos químicos;01/07/2004;;Alto;SUZANO;SAO PAULO;-23,5425;-46,310806;Ativa;21/03/2026 20:28
53145723000145;BARRAGAS GASES ESPECIAIS LTDA;15;Indústria Química;1;Produção de substâncias e fabricação de produtos químicos;01/08/2025;;Alto;BARRA BONITA;SAO PAULO;-22,471167;-48,557278;Ativa;21/03/2026 20:28
53163499000114;TRIER PRODUTOS QUIMICOS LTDA;15;Indústria Química;1;Produção de substâncias e fabricação de produtos químicos;01/01/2004;04/03/2004;Alto;SAO PAULO;SAO PAULO;-23,633139;-46,690583;Ativa;21/03/2026 20:28
53235180000157;D P V PRODUTOS QUIMICOS LIMITADA;15;Indústria Química;1;Produção de substâncias e fabricação de produtos químicos;01/01/2001;;Alto;RIO CLARO;SAO PAULO;-22,417167;-47,5825;Ativa;21/03/2026 20:28
53350047000141;BBC INDUSTRIA E COMERCIO LTDA;15;Indústria Química;1;Produção de substâncias e fabricação de produtos químicos;01/01/2001;;Alto;ITUPEVA;SAO PAULO;-23,097167;-47,043306;Ativa;21/03/2026 20:28
53393690000152;QUIMESP QUÍMICA LTDA;15;Indústria Química;1;Produção de substâncias e fabricação de produtos químicos;01/01/2001;;Alto;GUARULHOS;SAO PAULO;-23,463247;-46,5271;Ativa;21/03/2026 20:28
53402541000102;FREEDOM COSMETICOS LTDA.;15;Indústria Química;1;Produção de substâncias e fabricação de produtos químicos;01/01/2001;21/03/2025;Alto;SAO PAULO;SAO PAULO;-23,64425;-46,718778;Ativa;21/03/2026 20:28
53425120000105;OSWALDO CRUZ QUIMICA INDUSTRIA E COMERCIO LTDA;15;Indústria Química;1;Produção de substâncias e fabricação de produtos químicos;01/01/2001;;Alto;GUARULHOS;SAO PAULO;-23,418889;-46,56;Ativa;21/03/2026 20:28
53425120000792;OSWALDO CRUZ QUIMICA INDUSTRIA E COMERCIO LTDA.;15;Indústria Química;1;Produção de substâncias e fabricação de produtos químicos;01/11/2008;;Alto;GUARULHOS;SAO PAULO;-23,418889;-46,56;Ativa;21/03/2026 20:28
53446597000169;DYNEL'S PRINT DO BRASIL INDÚSTRIA E COMÉRCIO LTDA-EPP;15;Indústria Química;1;Produção de substâncias e fabricação de produtos químicos;21/04/1884;13/09/2011;Alto;SUMARE;SAO PAULO;-22,789386;-47,22985;Ativa;21/03/2026 20:28
53526711000160;HR COLOR IND E COM MATERIAS FOTOGRAFICOS LTDA;15;Indústria Química;1;Produção de substâncias e fabricação de produtos químicos;01/01/2023;;Alto;SAO PAULO;SAO PAULO;-23,503103;-46,66865;Ativa;21/03/2026 20:28
53739652000109;BRASOXIDOS INDUSTRIA QUIMICA LTDA;15;Indústria Química;1;Produção de substâncias e fabricação de produtos químicos;01/01/2001;;Alto;MAUA;SAO PAULO;-23,667778;-46,461389;Ativa;21/03/2026 20:28
53763009000110;HI TEC INDÚSTRIA E COMÉRCIO DE PRODUTOS QUÍMICOS LTDA;15;Indústria Química;1;Produção de substâncias e fabricação de produtos químicos;01/01/2001;;Alto;INDAIATUBA;SAO PAULO;-23,128556;-47,223083;Ativa;21/03/2026 20:28
53763009000382;HI-TEC INDUSTRIA E COMERCIO DE PRODUTOS QUIMICOS LTDA;15;Indústria Química;1;Produção de substâncias e fabricação de produtos químicos;23/07/2012;;Alto;MIRASSOL;SAO PAULO;-20,807492;-49,512164;Ativa;21/03/2026 20:28
53793899000103;MULTICEL PIGMENTOS INDUSTRIA E COMERCIO LTDA;15;Indústria Química;1;Produção de substâncias e fabricação de produtos químicos;01/01/2002;;Alto;SAO BERNARDO DO CAMPO;SAO PAULO;-23,726944;-46,5925;Ativa;21/03/2026 20:28
53793899000375;MULTICEL PIGMENTOS INDÚSTRIA E COMÉRCIO LTDA;15;Indústria Química;1;Produção de substâncias e fabricação de produtos químicos;13/06/2011;;Alto;SOROCABA;SAO PAULO;-23,436583;-47,355583;Ativa;21/03/2026 20:28
53877627000191;DOW BRASIL SUDESTE INDUSTRIAL LTDA;15;Indústria Química;1;Produção de substâncias e fabricação de produtos químicos;01/01/2001;08/03/2006;Alto;SAO PAULO;SAO PAULO;-23,624694;-46,700806;Ativa;21/03/2026 20:28
53877627000949;DOW BRASIL SUDESTE INDUSTRIAL LTDA;15;Indústria Química;1;Produção de substâncias e fabricação de produtos químicos;16/10/2006;;Alto;GUARUJA;SAO PAULO;-23,977167;-46,273056;Ativa;21/03/2026 20:28
53877627001325;DOW BRASIL SUDESTE INDUSTRIAL LTDA.;15;Indústria Química;1;Produção de substâncias e fabricação de produtos químicos;17/10/2017;;Alto;HORTOLANDIA;SAO PAULO;-22,897778;-47,188556;Ativa;21/03/2026 20:28
53879151000128;DIMETIL QUIMICA LTDA - EPP;15;Indústria Química;1;Produção de substâncias e fabricação de produtos químicos;15/10/1990;;Alto;SAO JOSE DO RIO PARDO;SAO PAULO;-21,596789;-46,886386;Ativa;21/03/2026 20:28
53929519000115;CHARMON DESTYL INDÚSTRIA QUÍMICA LTDA.;15;Indústria Química;1;Produção de substâncias e fabricação de produtos químicos;01/07/2004;29/01/2018;Alto;CAMPINAS;SAO PAULO;-22,905556;-47,060806;Ativa;21/03/2026 20:28
53933768000184;FINQUÍMICA INDÚSTRIA E COMÉRCIO DE PRODUTOS QUÍMICOS FINOS L;15;Indústria Química;1;Produção de substâncias e fabricação de produtos químicos;01/07/2002;;Alto;CRUZEIRO;SAO PAULO;-22,583611;-44,979444;Ativa;21/03/2026 20:28
53945341000104;ALPHA GALVANO - QUIMICA BRASILEIRA LTDA;15;Indústria Química;1;Produção de substâncias e fabricação de produtos químicos;20/07/1989;;Alto;ITAQUAQUECETUBA;SAO PAULO;-23,443306;-46,339167;Ativa;21/03/2026 20:28
54058136000181;NOF METAL COATINGS SOUTH AMERICA INDUSTRIA E COMERCIO LTDA;15;Indústria Química;1;Produção de substâncias e fabricação de produtos químicos;01/01/2005;;Alto;DIADEMA;SAO PAULO;-23,679694;-46,620444;Ativa;21/03/2026 20:28
54086210000173;EXTRAFERTIL INDUSTRIA E COMERCIO DE FERTILIZANTES LTDA;15;Indústria Química;1;Produção de substâncias e fabricação de produtos químicos;01/01/2001;;Alto;PAULINIA;SAO PAULO;-22,75525;-47,148333;Ativa;21/03/2026 20:28
54097159000286;APLIQUIM INDUSTRIA COMERCIO E SERVIÇOS LTDA;15;Indústria Química;1;Produção de substâncias e fabricação de produtos químicos;01/01/2001;;Alto;PAULINIA;SAO PAULO;-22,794028;-47,122306;Ativa;21/03/2026 20:28
54105671000731;CP KELCO BRASIL S/A;15;Indústria Química;1;Produção de substâncias e fabricação de produtos químicos;28/09/2016;;Alto;MATAO;SAO PAULO;-21,591667;-48,438056;Ativa;21/03/2026 20:28
54105671000812;CP KELCO BRASIL S/A;15;Indústria Química;1;Produção de substâncias e fabricação de produtos químicos;31/03/2022;;Alto;LIMEIRA;SAO PAULO;-22,548342;-47,405736;Ativa;21/03/2026 20:28
54111737000100;MICROSAL INDUSTRIA E COMERCIO LTDA;15;Indústria Química;1;Produção de substâncias e fabricação de produtos químicos;01/01/2001;;Alto;CAPIVARI;SAO PAULO;-22,995556;-47,473889;Ativa;21/03/2026 20:28
54289830000100;DOREMUS ALIMENTOS LTDA;15;Indústria Química;1;Produção de substâncias e fabricação de produtos químicos;19/04/2012;;Alto;GUARULHOS;SAO PAULO;-23,419306;-46,405667;Ativa;21/03/2026 20:28
54361175000153;BUTILAMIL INDÚSTRIAS REUNIDAS S/A;15;Indústria Química;1;Produção de substâncias e fabricação de produtos químicos;15/07/1959;;Alto;PIRACICABA;SAO PAULO;-22,674944;-47,676167;Ativa;21/03/2026 20:28
54392378000107;QUIMPIL QUIM. IND. PIRACICABANA LTDA;15;Indústria Química;1;Produção de substâncias e fabricação de produtos químicos;01/01/2001;;Alto;PIRACICABA;SAO PAULO;-22,735833;-47,5825;Ativa;21/03/2026 20:28
54470604000201;GREENTECH BRASIL PRODUTOS FARMACOCOSMETICOS LTDA;15;Indústria Química;1;Produção de substâncias e fabricação de produtos químicos;01/02/2021;;Alto;DIADEMA;SAO PAULO;-23,677556;-46,598917;Ativa;21/03/2026 20:28
54516661000284;JOHNSON & JOHNSON BR.IND.COM.PR.SAUDE LT;15;Indústria Química;1;Produção de substâncias e fabricação de produtos químicos;01/01/2001;;Alto;SAO JOSE DOS CAMPOS;SAO PAULO;-23,238889;-45,927778;Ativa;21/03/2026 20:28
54705039000133;ISODENT INDUSTRIA E COMERCIO DE PRODUTOS ODONTOLOGICOS LTDA;15;Indústria Química;1;Produção de substâncias e fabricação de produtos químicos;28/08/2024;;Alto;PORTO FERREIRA;SAO PAULO;-21,843389;-47,473806;Ativa;21/03/2026 20:28
54730445000156;RHEOGEL QUÍMICA EIRELI;15;Indústria Química;1;Produção de substâncias e fabricação de produtos químicos;01/01/2001;;Alto;GUARULHOS;SAO PAULO;-23,448189;-46,427142;Ativa;21/03/2026 20:28
54733019000176;AMINO QUIMICA LTDA;15;Indústria Química;1;Produção de substâncias e fabricação de produtos químicos;20/07/1989;;Alto;DIADEMA;SAO PAULO;-23,687222;-46,601111;Ativa;21/03/2026 20:28
54742838000180;MECANOCHEMIE INDUSTRIAS QUIMICAS LTDA;15;Indústria Química;1;Produção de substâncias e fabricação de produtos químicos;01/01/2001;;Alto;BARUERI;SAO PAULO;-23,498417;-46,885361;Ativa;21/03/2026 20:28
54744841000213;UBE LATIN AMERICA LTDA;15;Indústria Química;1;Produção de substâncias e fabricação de produtos químicos;02/01/2025;;Alto;PORTO FELIZ;SAO PAULO;-23,212194;-47,573056;Ativa;21/03/2026 20:28
54765615000138;FBS LUBRIFICANTES ESPECIAIS LTDA;15;Indústria Química;1;Produção de substâncias e fabricação de produtos químicos;18/05/2018;;Alto;ARACOIABA DA SERRA;SAO PAULO;-23,500556;-47,629444;Ativa;21/03/2026 20:28
54823455000721;PARKER HANNIFIN INDÚSTRIA E COMÉRCIO LTDA.;15;Indústria Química;1;Produção de substâncias e fabricação de produtos químicos;18/03/2019;01/09/2023;Alto;SAO JOSE DOS CAMPOS;SAO PAULO;-23,217167;-45,891056;Ativa;21/03/2026 20:28
54823455003747;PARKER HANNIFIN INDUSTRIA E COMERCIO LTDA;15;Indústria Química;1;Produção de substâncias e fabricação de produtos químicos;09/11/2022;;Alto;JUNDIAI;SAO PAULO;-23,151667;-46,938306;Ativa;21/03/2026 20:28
54866213000120;BOLOGNESI INDUSTRIA QUIMICA LTDA;15;Indústria Química;1;Produção de substâncias e fabricação de produtos químicos;25/02/2025;;Alto;SANTA BARBARA D'OESTE;SAO PAULO;-22,759167;-47,378056;Ativa;21/03/2026 20:28
54870092000190;MICRO QUIMICA PRODUTOS PARA LABORATORIOS LTDA;15;Indústria Química;1;Produção de substâncias e fabricação de produtos químicos;01/01/2001;;Alto;COTIA;SAO PAULO;-23,604667;-46,8825;Ativa;21/03/2026 20:28
54938840000129;SILAEX QUIMICA LTDA;15;Indústria Química;1;Produção de substâncias e fabricação de produtos químicos;01/01/2001;;Alto;SAO PAULO;SAO PAULO;-23,533056;-46,756083;Ativa;21/03/2026 20:28
54947908000136;DEGANI VADUZ INDUSTRIA QUIMICA LTDA;15;Indústria Química;1;Produção de substâncias e fabricação de produtos químicos;01/01/2001;;Alto;GUARULHOS;SAO PAULO;-23,459528;-46,465583;Ativa;21/03/2026 20:28
55013718000104;SINTEGLAS IND.E COM.DE RESINAS E PLASTICOS LTDA.;15;Indústria Química;1;Produção de substâncias e fabricação de produtos químicos;01/01/2001;;Alto;GUARULHOS;SAO PAULO;-23,461042;-46,478478;Ativa;21/03/2026 20:28
55117535000139;FULLTEV INDUSTRIA E COMERCIO LTDA;15;Indústria Química;1;Produção de substâncias e fabricação de produtos químicos;01/04/2015;;Alto;MAUA;SAO PAULO;-23,667778;-46,461389;Ativa;21/03/2026 20:28
55243570000609;BRASINTER PRODUTOS QUIMICOS LTDA;15;Indústria Química;1;Produção de substâncias e fabricação de produtos químicos;07/11/2023;;Alto;ITU;SAO PAULO;-23,265806;-47,299167;Ativa;21/03/2026 20:28
55279954000177;TICON INDUSTRIA, COMERCIO, IMPORTACAO E EXPORTACAO DE TINTAS CONDUTIVAS LTDA;15;Indústria Química;1;Produção de substâncias e fabricação de produtos químicos;30/01/2009;;Alto;SOROCABA;SAO PAULO;-23,501667;-47,458056;Ativa;21/03/2026 20:28
55372064000105;CHO INDÚSTRIA E COMÉRCIO LTDA;15;Indústria Química;1;Produção de substâncias e fabricação de produtos químicos;01/01/2001;;Alto;GUARULHOS;SAO PAULO;-23,427778;-46,516111;Ativa;21/03/2026 20:28
55420970000138;ATA ASSESSORIA IND. E COM. DE TENSOATIVOS LTDA;15;Indústria Química;1;Produção de substâncias e fabricação de produtos químicos;04/02/1990;06/09/2019;Alto;SAO PAULO;SAO PAULO;-23,480833;-46,636111;Ativa;21/03/2026 20:28
55420970000480;ATA ASSESSORIA IND. E COM. DE TENSOATIVOS LTDA;15;Indústria Química;1;Produção de substâncias e fabricação de produtos químicos;01/01/2013;;Alto;MAIRIPORA;SAO PAULO;-23,246944;-46,591111;Ativa;21/03/2026 20:28
55531925000150;CHEM-TREND IND. E COM. PROD. QUIMICOS LTDA.;15;Indústria Química;1;Produção de substâncias e fabricação de produtos químicos;01/01/2001;;Alto;VALINHOS;SAO PAULO;-22,993278;-47,04275;Ativa;21/03/2026 20:28
55625750000140;CENTER ROYAL QUÍMICA INDUSTRIAL LTDA;15;Indústria Química;1;Produção de substâncias e fabricação de produtos químicos;01/01/2001;;Alto;ARACATUBA;SAO PAULO;-21,165556;-50,465833;Ativa;21/03/2026 20:28
55643555000143;RIOQUÍMICA S.A.;15;Indústria Química;1;Produção de substâncias e fabricação de produtos químicos;01/01/2001;;Alto;SAO JOSE DO RIO PRETO;SAO PAULO;-20,791389;-49,353889;Ativa;21/03/2026 20:28
55667794000133;JERZZA PRODUTOS QUIMICOS LTDA;15;Indústria Química;1;Produção de substâncias e fabricação de produtos químicos;01/01/2001;;Alto;GUARULHOS;SAO PAULO;-23,432361;-46,394389;Ativa;21/03/2026 20:28
55720908000242;SOLENIS ESPECIALIDADES QUÍMICAS LTDA.;15;Indústria Química;1;Produção de substâncias e fabricação de produtos químicos;01/01/2001;;Alto;PAULINIA;SAO PAULO;-22,755556;-47,129722;Ativa;21/03/2026 20:28
55720908001133;SOLENIS ESPECIALIDADES QUIMICAS LTDA;15;Indústria Química;1;Produção de substâncias e fabricação de produtos químicos;01/09/2019;;Alto;AMERICANA;SAO PAULO;-22,697556;-47,354917;Ativa;21/03/2026 20:28
55720908001303;SOLENIS ESPECIALIDADES QUIMICAS LTDA;15;Indústria Química;1;Produção de substâncias e fabricação de produtos químicos;01/09/2019;;Alto;ARARAQUARA;SAO PAULO;-21,794694;-48,176667;Ativa;21/03/2026 20:28
55743298000383;PILAR QUIMICA DO BRASIL LTDA.;15;Indústria Química;1;Produção de substâncias e fabricação de produtos químicos;01/01/2025;;Alto;ARACARIGUAMA;SAO PAULO;-23,399722;-47,095;Ativa;21/03/2026 20:28
55923064000156;GOTALUBE ADITIVOS LTDA;15;Indústria Química;1;Produção de substâncias e fabricação de produtos químicos;01/01/2001;;Alto;SAO PAULO;SAO PAULO;-23,644525;-46,625978;Ativa;21/03/2026 20:28
55980684000127;ADIUM S.A;15;Indústria Química;1;Produção de substâncias e fabricação de produtos químicos;01/01/2001;14/03/2003;Alto;PINDAMONHANGABA;SAO PAULO;-22,915556;-45,425806;Ativa;21/03/2026 20:28
56045172000136;DALTON DYNAMICS QUIMICA INDUSTRIAL LTDA;15;Indústria Química;1;Produção de substâncias e fabricação de produtos químicos;01/01/2001;;Alto;SAO PAULO;SAO PAULO;-23,409278;-46,836889;Ativa;21/03/2026 20:28
56065568000145;GOLDEN TECHNOLOGY LTDA;15;Indústria Química;1;Produção de substâncias e fabricação de produtos químicos;01/04/2001;;Alto;POTIM;SAO PAULO;-22,85;-45,275;Ativa;21/03/2026 20:28
56225229000189;BIOARX PRODUTOS MEDICOS LTDA;15;Indústria Química;1;Produção de substâncias e fabricação de produtos químicos;02/08/2024;;Alto;SAO CARLOS;SAO PAULO;-22,00745;-47,91975;Ativa;21/03/2026 20:28
56385914000172;CIMENO COMPANHIA INDUSTRIAL DE METAIS NOBRES LTDA;15;Indústria Química;1;Produção de substâncias e fabricação de produtos químicos;08/08/2024;;Alto;LIMEIRA;SAO PAULO;-22,573611;-47,417222;Ativa;21/03/2026 20:28
56395189000113;AURO'S QUIMICA INDUSTRIA E COMERCIO LTDA;15;Indústria Química;1;Produção de substâncias e fabricação de produtos químicos;01/11/2007;;Alto;SAO PAULO;SAO PAULO;-23,656389;-46,662167;Ativa;21/03/2026 20:28
56589930000187;DILETA ELETROQUIMICA LTDA;15;Indústria Química;1;Produção de substâncias e fabricação de produtos químicos;06/12/2010;;Alto;LIMEIRA;SAO PAULO;-22,589306;-47,372167;Ativa;21/03/2026 20:28
56601552000100;EPOXIGLASS IND. E COM. DE PRODS QUÍMICOS LTDA;15;Indústria Química;1;Produção de substâncias e fabricação de produtos químicos;02/01/2015;;Alto;DIADEMA;SAO PAULO;-23,686111;-46,622778;Ativa;21/03/2026 20:28
56992951000149;DSM PRODUTOS NUTRICIONAIS BRASIL SA;15;Indústria Química;1;Produção de substâncias e fabricação de produtos químicos;20/07/1989;;Alto;SAO PAULO;SAO PAULO;-23,642667;-46,7235;Ativa;21/03/2026 20:28
56992951004560;DSM PRODUTOS NUTRICIONAIS BRASIL S.A;15;Indústria Química;1;Produção de substâncias e fabricação de produtos químicos;10/12/2018;;Alto;BROTAS;SAO PAULO;-22,354417;-48,113556;Ativa;21/03/2026 20:28
56995046000142;OTOCARVA INDÚSTRIA E COMÉRCIO LTDA EPP;15;Indústria Química;1;Produção de substâncias e fabricação de produtos químicos;10/09/2014;27/11/2019;Alto;SAO PAULO;SAO PAULO;-23,687167;-46,69875;Ativa;21/03/2026 20:28
57010449000158;IRMAOS TAKATA LTDA;15;Indústria Química;1;Produção de substâncias e fabricação de produtos químicos;01/01/2018;;Alto;SAO PAULO;SAO PAULO;-23,556667;-46,620278;Ativa;21/03/2026 20:28
57109241000190;MEGH INDUSTRIA E COMERCIO LTDA.;15;Indústria Química;1;Produção de substâncias e fabricação de produtos químicos;01/01/2020;;Alto;SAO PAULO;SAO PAULO;-23,594167;-46,59;Ativa;21/03/2026 20:28
57109241000514;MEGH INDUSTRIA E COMERCIO LTDA;15;Indústria Química;1;Produção de substâncias e fabricação de produtos químicos;02/01/2017;;Alto;PORTO FELIZ;SAO PAULO;-23,212222;-47,521278;Ativa;21/03/2026 20:28
57374332000153;ITALTECNO DO BRASIL LTDA;15;Indústria Química;1;Produção de substâncias e fabricação de produtos químicos;01/01/2001;;Alto;SAO PAULO;SAO PAULO;-23,459417;-46,741056;Ativa;21/03/2026 20:28
57402620000174;PETITE MARIE QUIMICA FINA IND.COM.PROD.QUIM.LTDA;15;Indústria Química;1;Produção de substâncias e fabricação de produtos químicos;11/11/2010;;Alto;ITAQUAQUECETUBA;SAO PAULO;-23,437917;-46,340194;Ativa;21/03/2026 20:28
57485591000151;FRIMOX QUIMICA LTDA;15;Indústria Química;1;Produção de substâncias e fabricação de produtos químicos;01/01/2001;;Alto;MAUA;SAO PAULO;-23,691944;-46,479794;Ativa;21/03/2026 20:28
57505240000165;ANCHIETA INDUSTRIA E COMERCIO DE DERIVADOS QUIMICOS LTDA;15;Indústria Química;1;Produção de substâncias e fabricação de produtos químicos;08/01/1960;;Alto;SAO BERNARDO DO CAMPO;SAO PAULO;-23,668278;-46,613917;Ativa;21/03/2026 20:28
57507626000459;RHODIA BRASIL SA;15;Indústria Química;1;Produção de substâncias e fabricação de produtos químicos;27/02/2020;;Alto;PAULINIA;SAO PAULO;-22,751667;-47,095833;Ativa;21/03/2026 20:28
57507659000156;I.Q.B.C. PRODUTOS QUIMICOS LTDA;15;Indústria Química;1;Produção de substâncias e fabricação de produtos químicos;13/09/2011;;Alto;DIADEMA;SAO PAULO;-23,687806;-46,601167;Ativa;21/03/2026 20:28
57550225000481;TOTALENERGIES MARKETING SERVICES BRASIL LUBRIFICANTES LTDA;15;Indústria Química;1;Produção de substâncias e fabricação de produtos químicos;11/10/2024;06/02/2025;Alto;PINDAMONHANGABA;SAO PAULO;-22,977194;-45,462778;Ativa;21/03/2026 20:28
57617565000130;TEREFTALICOS INDUSTRIAS QUIMICAS LTDA;15;Indústria Química;1;Produção de substâncias e fabricação de produtos químicos;01/01/2002;;Alto;PAULINIA;SAO PAULO;-22,768556;-47,14575;Ativa;21/03/2026 20:28
57645665000170;CBA MINERVA COLOR BRASIL QUIMICA LTDA;15;Indústria Química;1;Produção de substâncias e fabricação de produtos químicos;01/01/2001;;Alto;CARAPICUIBA;SAO PAULO;-23,525528;-46,860917;Ativa;21/03/2026 20:28
57664872000171;CENTRAL MERCANTIL INDUSTRIAL LTDA -ME;15;Indústria Química;1;Produção de substâncias e fabricação de produtos químicos;01/01/2004;;Alto;SALTO DE PIRAPORA;SAO PAULO;-23,654417;-47,589167;Ativa;21/03/2026 20:28
57777724000163;LUBMASTER PRODUTOS ESPECIAIS LTDA;15;Indústria Química;1;Produção de substâncias e fabricação de produtos químicos;01/01/2002;;Alto;ITAQUAQUECETUBA;SAO PAULO;-23,450944;-46,385222;Ativa;21/03/2026 20:28
57786659000132;E.P.A QUIMICA LTDA;15;Indústria Química;1;Produção de substâncias e fabricação de produtos químicos;03/12/2010;;Alto;JUNDIAI;SAO PAULO;-23,186389;-46,884167;Ativa;21/03/2026 20:28
57907604000133;MASTER LIQUID INDUSTRIA E COMERCIO LTDA;15;Indústria Química;1;Produção de substâncias e fabricação de produtos químicos;30/01/2025;;Alto;ITUPEVA;SAO PAULO;-23,155036;-47,057083;Ativa;21/03/2026 20:28
57914717000166;MB TRADING BRASIL INDUSTRIA E COMERCIO DE QUIMICOS PARA CONSTRUÇÃO TDA.;15;Indústria Química;1;Produção de substâncias e fabricação de produtos químicos;03/11/2025;;Alto;SAO BERNARDO DO CAMPO;SAO PAULO;-23,702778;-46,579167;Ativa;21/03/2026 20:28
57922445000146;NAG INDUSTRIA E COMERCIO LTDA;15;Indústria Química;1;Produção de substâncias e fabricação de produtos químicos;01/01/2001;21/03/2003;Alto;SAO PAULO;SAO PAULO;-23,5475;-46,636056;Ativa;21/03/2026 20:28
57924110000167;SUGRA PRODUTOS QUIMICOS LTDA;15;Indústria Química;1;Produção de substâncias e fabricação de produtos químicos;01/01/1990;;Alto;SAO PAULO;SAO PAULO;-23,516056;-46,570806;Ativa;21/03/2026 20:28
57934812000121;HALOQUIMICA INDUSTRIA E COMERCIO LTDA;15;Indústria Química;1;Produção de substâncias e fabricação de produtos químicos;22/09/1987;;Alto;ITAQUAQUECETUBA;SAO PAULO;-23,439764;-46,331969;Ativa;21/03/2026 20:28
57988206000199;GLOBALFOOD SISTEMAS, INGR E TECN P/ ALIM LTDA;15;Indústria Química;1;Produção de substâncias e fabricação de produtos químicos;10/02/2011;;Alto;SAO PAULO;SAO PAULO;-23,653028;-46,662361;Ativa;21/03/2026 20:28
57988206000431;GLOBALFOOD SISTEMAS INGREDIENTES E TECNOLOGIA PARA ALIMENTOS LTDA.;15;Indústria Química;1;Produção de substâncias e fabricação de produtos químicos;17/04/2018;;Alto;ITATIBA;SAO PAULO;-22,980161;-46,815039;Ativa;21/03/2026 20:28
58007709000107;MPT QUÍMICA LTDA EPP;15;Indústria Química;1;Produção de substâncias e fabricação de produtos químicos;01/04/2004;;Alto;SAO PAULO;SAO PAULO;-23,586056;-46,591389;Ativa;21/03/2026 20:28
58016122000156;DIULLIMA INDUSTRIA E COMERCIO DE PRODUTOS QUIMICOS LTDA;15;Indústria Química;1;Produção de substâncias e fabricação de produtos químicos;01/01/2001;;Alto;SANTO ANDRE;SAO PAULO;-23,657103;-46,525725;Ativa;21/03/2026 20:28
58088832000191;UNION QUIMICA INDUSTRIA E COMERCIO DE PRODUTOS QUIMICOS LTDA;15;Indústria Química;1;Produção de substâncias e fabricação de produtos químicos;28/03/2019;;Alto;CESARIO LANGE;SAO PAULO;-23,229008;-47,945072;Ativa;21/03/2026 20:28
58092164000176;VERONESE INDUSTRIA QUIMICA LTDA;15;Indústria Química;1;Produção de substâncias e fabricação de produtos químicos;01/01/2001;24/02/2011;Alto;TAUBATE;SAO PAULO;-23,036708;-45,625203;Ativa;21/03/2026 20:28
58126020000436;CHENCLEAN INDUSTRIA QUIMICA , COMERCIO E SERVICOS LTDA;15;Indústria Química;1;Produção de substâncias e fabricação de produtos químicos;07/01/2022;;Alto;DIADEMA;SAO PAULO;-23,689917;-46,600306;Ativa;21/03/2026 20:28
58133703000178;BEQUISA INDÚSTRIA QUÍMICA DO BRASIL LTDA;15;Indústria Química;1;Produção de substâncias e fabricação de produtos químicos;01/01/2001;02/07/2021;Alto;SAO VICENTE;SAO PAULO;-23,957222;-46,468889;Ativa;21/03/2026 20:28
58202912000126;NORQUIMA PRODUTOS QUÍMICOS LTDA.;15;Indústria Química;1;Produção de substâncias e fabricação de produtos químicos;01/07/1994;;Alto;INDAIATUBA;SAO PAULO;-23,139556;-47,254556;Ativa;21/03/2026 20:28
58309709000153;CHEMYUNION LTDA;15;Indústria Química;1;Produção de substâncias e fabricação de produtos químicos;01/01/2001;;Alto;SOROCABA;SAO PAULO;-23,414806;-47,397056;Ativa;21/03/2026 20:28
58309709000587;CHEMYUNION LTDA;15;Indústria Química;1;Produção de substâncias e fabricação de produtos químicos;07/01/2010;;Alto;SOROCABA;SAO PAULO;-23,507306;-47,454389;Ativa;21/03/2026 20:28
58529165000135;J C HOMSI & CIA. LTDA.;15;Indústria Química;1;Produção de substâncias e fabricação de produtos químicos;01/01/2001;;Alto;SAO JOSE DO RIO PRETO;SAO PAULO;-20,838278;-49,350586;Ativa;21/03/2026 20:28
58543315000165;METALCLEAN PRODUTOS QUÍMICOS LTDA;15;Indústria Química;1;Produção de substâncias e fabricação de produtos químicos;20/01/1988;;Alto;ITUPEVA;SAO PAULO;-23,153056;-47,057778;Ativa;21/03/2026 20:28
58553447000178;RESIN INDUSTRIA COMÉRCIO DE RESINAS LTDA;15;Indústria Química;1;Produção de substâncias e fabricação de produtos químicos;02/01/2002;10/10/2015;Alto;DIADEMA;SAO PAULO;-23,679222;-46,583306;Ativa;21/03/2026 20:28
58681867000130;VIAPOL LTDA;15;Indústria Química;1;Produção de substâncias e fabricação de produtos químicos;01/01/2001;;Alto;CACAPAVA;SAO PAULO;-23,073889;-45,670278;Ativa;21/03/2026 20:28
58829094000196;RIKEN QUÍMICA INDÚSTRIA E COMÉRCIO LTDA.;15;Indústria Química;1;Produção de substâncias e fabricação de produtos químicos;01/04/2002;;Alto;RIO DAS PEDRAS;SAO PAULO;-22,843333;-47,606111;Ativa;21/03/2026 20:28
58830613000136;PRO COR INDUSTRIALIZACAO DE PIGMENTOS LTDA;15;Indústria Química;1;Produção de substâncias e fabricação de produtos químicos;01/01/2001;;Alto;VALINHOS;SAO PAULO;-22,989722;-47,037917;Ativa;21/03/2026 20:28
58842410000321;TERNEC LUBRIFICANTES LTDA;15;Indústria Química;1;Produção de substâncias e fabricação de produtos químicos;03/10/2013;;Alto;SUZANO;SAO PAULO;-23,541056;-46,303306;Ativa;21/03/2026 20:28
58958893000162;BASILE QUIMICA IND E COM LTDA;15;Indústria Química;1;Produção de substâncias e fabricação de produtos químicos;29/06/1988;;Alto;SAO PAULO;SAO PAULO;-23,480556;-46,765;Ativa;21/03/2026 20:28
59105767000128;QUIMICA NACIONAL QUIMIONAL LTDA;15;Indústria Química;1;Produção de substâncias e fabricação de produtos químicos;03/11/2005;;Alto;DIADEMA;SAO PAULO;-23,686389;-46,605278;Ativa;21/03/2026 20:28
59108647000184;OXIGEN SOC PRODUTOS ESPECIAIS P/ IND LTDA;15;Indústria Química;1;Produção de substâncias e fabricação de produtos químicos;01/01/2001;;Alto;SAO BERNARDO DO CAMPO;SAO PAULO;-23,684417;-46,565917;Ativa;21/03/2026 20:28
59114462000182;POSTO DE SERVICOS EVEREST LTDA;15;Indústria Química;1;Produção de substâncias e fabricação de produtos químicos;01/01/2001;;Alto;SAO BERNARDO DO CAMPO;SAO PAULO;-23,694806;-46,543556;Ativa;21/03/2026 20:28
59128553000177;STRATURA ASFALTOS LTDA.;15;Indústria Química;1;Produção de substâncias e fabricação de produtos químicos;01/01/2021;;Alto;SAO PAULO;SAO PAULO;-23,58275;-46,691833;Ativa;21/03/2026 20:28
59136127000185;INDUSTRIA QUIMICA WAYBOR LTDA.;15;Indústria Química;1;Produção de substâncias e fabricação de produtos químicos;01/01/2001;;Alto;DIADEMA;SAO PAULO;-23,685667;-46,606417;Ativa;21/03/2026 20:28
59205294000130;TRAMPPO COMÉRCIO E RECICLAGEM DE PROD. IND. LTDA;15;Indústria Química;1;Produção de substâncias e fabricação de produtos químicos;18/10/2007;27/08/2013;Alto;OSASCO;SAO PAULO;-23,548556;-46,758306;Ativa;21/03/2026 20:28
59274431000199;ARGAL QUIMICA INDUSTRIA E COMERCIO LTDA;15;Indústria Química;1;Produção de substâncias e fabricação de produtos químicos;01/01/2001;;Alto;SAO CAETANO DO SUL;SAO PAULO;-23,6225;-46,548889;Ativa;21/03/2026 20:28
59405332000107;POLOQUIMICA INDUSTRIAL LTDA;15;Indústria Química;1;Produção de substâncias e fabricação de produtos químicos;01/01/2001;;Alto;TABOAO DA SERRA;SAO PAULO;-23,626111;-46,791667;Ativa;21/03/2026 20:28
59456434000143;REPOLIETIL INDUSTRIA E COMERCIO DE ADITIVOS INDUSTRIAIS LTDA EPP;15;Indústria Química;1;Produção de substâncias e fabricação de produtos químicos;01/04/2017;;Alto;SAO PAULO;SAO PAULO;-23,578889;-46,5925;Ativa;21/03/2026 20:28
59468496000175;QUIMATECNICA INDUSTRIAL LTDA;15;Indústria Química;1;Produção de substâncias e fabricação de produtos químicos;07/10/2011;;Alto;DIADEMA;SAO PAULO;-23,695197;-46,616294;Ativa;21/03/2026 20:28
59568774000166;QUIRAVELLI IND.COM.PROD.QUIM.LTDA EPP;15;Indústria Química;1;Produção de substâncias e fabricação de produtos químicos;01/10/2004;;Alto;GUARULHOS;SAO PAULO;-23,40275;-46,549056;Ativa;21/03/2026 20:28
59596908000152;AW FABER CASTELL SA;15;Indústria Química;1;Produção de substâncias e fabricação de produtos químicos;10/12/2025;;Alto;SAO CARLOS;SAO PAULO;-22,014306;-47,894889;Ativa;21/03/2026 20:28
59596908000748;A.W. FABER CASTELL S.A.;15;Indústria Química;1;Produção de substâncias e fabricação de produtos químicos;01/01/2001;21/01/2019;Alto;SAO CARLOS;SAO PAULO;-21,973556;-47,933306;Ativa;21/03/2026 20:28
59599555000144;DISSOLTEX INDÚSTRIA QUÍMICA LTDA;15;Indústria Química;1;Produção de substâncias e fabricação de produtos químicos;24/10/2013;;Alto;SAO CARLOS;SAO PAULO;-21,987511;-47,886686;Ativa;21/03/2026 20:28
59710137000182;ELETROQUIMICA ITAPEVI LTDA;15;Indústria Química;1;Produção de substâncias e fabricação de produtos químicos;07/07/2015;;Alto;MAUA;SAO PAULO;-23,701667;-46,471944;Ativa;21/03/2026 20:28
59743773000100;IPEL-ITIBANYL PRODUTOS ESPECIAIS LTDA;15;Indústria Química;1;Produção de substâncias e fabricação de produtos químicos;01/01/2001;;Alto;JARINU;SAO PAULO;-23,09425;-46,717417;Ativa;21/03/2026 20:28
59748988000114;KENVUE LTDA.;15;Indústria Química;1;Produção de substâncias e fabricação de produtos químicos;01/01/2003;;Alto;SAO JOSE DOS CAMPOS;SAO PAULO;-23,239667;-45,928056;Ativa;21/03/2026 20:28
59821207000170;ORGANIC BRASIL ADITIVOS ESPECIAIS LTDA;15;Indústria Química;1;Produção de substâncias e fabricação de produtos químicos;14/12/1988;;Alto;BARUERI;SAO PAULO;-23,492667;-46,893556;Ativa;21/03/2026 20:28
59837310000108;MAHAL IMPEX COMERCIAL LTDA - ME;15;Indústria Química;1;Produção de substâncias e fabricação de produtos químicos;24/09/2018;;Alto;SUMARE;SAO PAULO;-22,791372;-47,230667;Ativa;21/03/2026 20:28
60028370000169;CENNABRAS INDÚSTRIA E COMÉRCIO LTDA;15;Indústria Química;1;Produção de substâncias e fabricação de produtos químicos;24/09/2005;;Alto;GUARULHOS;SAO PAULO;-23,453417;-46,485556;Ativa;21/03/2026 20:28
60064938000105;RELIQUIA LTDA;15;Indústria Química;1;Produção de substâncias e fabricação de produtos químicos;27/02/1990;17/12/2019;Alto;SALTO;SAO PAULO;-23,200806;-47,286917;Ativa;21/03/2026 20:28
60181468000666;AVIBRAS INDUSTRIA AEROESPACIAL S.A;15;Indústria Química;1;Produção de substâncias e fabricação de produtos químicos;20/07/1989;;Alto;LORENA;SAO PAULO;-22,67;-45,131389;Ativa;21/03/2026 20:28
60219250000220;PROMAFLEX INDUSTRIAL LTDA;15;Indústria Química;1;Produção de substâncias e fabricação de produtos químicos;12/08/2011;31/01/2013;Alto;TABOAO DA SERRA;SAO PAULO;-23,634167;-46,797194;Ativa;21/03/2026 20:28
60223179000178;IDEA QUIMICA LTDA;15;Indústria Química;1;Produção de substâncias e fabricação de produtos químicos;19/03/1989;;Alto;OSASCO;SAO PAULO;-23,485133;-46,783136;Ativa;21/03/2026 20:28
60232758000187;CCG INDUSTRIA DE COSMETICOS LTDA;15;Indústria Química;1;Produção de substâncias e fabricação de produtos químicos;01/01/2001;;Alto;DIADEMA;SAO PAULO;-23,703825;-46,609917;Ativa;21/03/2026 20:28
60318706000128;INDÚSTRIA QUÍMICA TOLEDO LTDA - EPP;15;Indústria Química;1;Produção de substâncias e fabricação de produtos químicos;28/10/2020;;Alto;SAO PAULO;SAO PAULO;-23,649056;-46,747083;Ativa;21/03/2026 20:28
60336088000149;VALIN INDÚSTRIA E COMÉRCIO LTDA;15;Indústria Química;1;Produção de substâncias e fabricação de produtos químicos;01/04/2003;;Alto;JACAREI;SAO PAULO;-23,271417;-45,98225;Ativa;21/03/2026 20:28
60397775000840;TAKEDA PHARMA LTDA;15;Indústria Química;1;Produção de substâncias e fabricação de produtos químicos;01/01/2002;02/06/2022;Alto;JAGUARIUNA;SAO PAULO;-22,681667;-47,006056;Ativa;21/03/2026 20:28
60397874000741;FUJIFILM DO BRASIL LTDA;15;Indústria Química;1;Produção de substâncias e fabricação de produtos químicos;01/01/2017;;Alto;ARUJA;SAO PAULO;-23,404917;-46,351306;Ativa;21/03/2026 20:28
60398138000112;ICL AMERICA DO SUL S.A.;15;Indústria Química;1;Produção de substâncias e fabricação de produtos químicos;01/01/2001;13/04/2004;Alto;SAO PAULO;SAO PAULO;-23,573056;-46,6975;Ativa;21/03/2026 20:28
60398138000384;ICL AMERICA DO SUL S.A.;15;Indústria Química;1;Produção de substâncias e fabricação de produtos químicos;01/04/2003;;Alto;SUZANO;SAO PAULO;-23,535278;-46,278056;Ativa;21/03/2026 20:28
60398138000465;ICL AMERICA DO SUL S.A.;15;Indústria Química;1;Produção de substâncias e fabricação de produtos químicos;01/02/2010;;Alto;SUZANO;SAO PAULO;-23,622278;-46,323556;Ativa;21/03/2026 20:28
60398138000546;ICL AMERICA DO SUL S.A.;15;Indústria Química;1;Produção de substâncias e fabricação de produtos químicos;01/07/2003;;Alto;MAUA;SAO PAULO;-23,657306;-46,491306;Ativa;21/03/2026 20:28
60398138000899;ICL AMERICA DO SUL S.A.;15;Indústria Química;1;Produção de substâncias e fabricação de produtos químicos;08/06/2007;;Alto;JACAREI;SAO PAULO;-23,275806;-46,060417;Ativa;21/03/2026 20:28
60398138001356;ICL AMERICA DO SUL S.A.;15;Indústria Química;1;Produção de substâncias e fabricação de produtos químicos;02/05/2014;;Alto;JACAREI;SAO PAULO;-23,266417;-46,064139;Ativa;21/03/2026 20:28
60422011000191;FÁBRICA DE TINTAS CASTELO LTDA;15;Indústria Química;1;Produção de substâncias e fabricação de produtos químicos;01/01/2001;;Alto;JACAREI;SAO PAULO;-23,303583;-45,972194;Ativa;21/03/2026 20:28
60435351000157;DOW BRASIL INDUSTRIA E COMERCIO DE PRODUTOS QUIMICOS LTDA;15;Indústria Química;1;Produção de substâncias e fabricação de produtos químicos;01/07/2003;07/02/2006;Alto;SAO PAULO;SAO PAULO;-23,624694;-46,700806;Ativa;21/03/2026 20:28
60435351004730;DOW BRASIL INDUSTRIA E COMERCIO DE PRODUTOS QUIMICOS LTDA;15;Indústria Química;1;Produção de substâncias e fabricação de produtos químicos;01/01/2001;;Alto;JUNDIAI;SAO PAULO;-23,142778;-46,937778;Ativa;21/03/2026 20:28
60447133000132;WOLF LUB LUBRIFICANTES INDUSTRIAIS LTDA;15;Indústria Química;1;Produção de substâncias e fabricação de produtos químicos;01/04/2002;;Alto;INDAIATUBA;SAO PAULO;-23,124969;-47,223661;Ativa;21/03/2026 20:28
60498706007836;CARGILL AGRICOLA S A;15;Indústria Química;1;Produção de substâncias e fabricação de produtos químicos;19/02/2018;;Alto;MAIRINQUE;SAO PAULO;-23,54;-47,176389;Ativa;21/03/2026 20:28
60501913000113;INDUSTRIA E COMERCIO TINTA MAGICA LTDA;15;Indústria Química;1;Produção de substâncias e fabricação de produtos químicos;05/05/2017;;Alto;SAO PAULO;SAO PAULO;-23,5475;-46,636056;Ativa;21/03/2026 20:28
60561719004463;AKZO NOBEL LTDA.;15;Indústria Química;1;Produção de substâncias e fabricação de produtos químicos;03/11/2005;28/03/2019;Alto;GUARULHOS;SAO PAULO;-23,475806;-46,466056;Ativa;21/03/2026 20:28
60600152000238;INDÚSTRIA QUÍMICA UNA LTDA;15;Indústria Química;1;Produção de substâncias e fabricação de produtos químicos;01/01/2002;;Alto;ITAQUAQUECETUBA;SAO PAULO;-23,454694;-46,374111;Ativa;21/03/2026 20:28
60619202000229;MESSER GASES LTDA;15;Indústria Química;1;Produção de substâncias e fabricação de produtos químicos;01/01/2005;;Alto;SAO PAULO;SAO PAULO;-23,657028;-46,596056;Ativa;21/03/2026 20:28
60619202002515;MESSER GASES LTDA;15;Indústria Química;1;Produção de substâncias e fabricação de produtos químicos;01/01/2001;;Alto;SERTAOZINHO;SAO PAULO;-21,149;-47,996278;Ativa;21/03/2026 20:28
60619202003910;MESSER GASES LTDA;15;Indústria Química;1;Produção de substâncias e fabricação de produtos químicos;01/07/2004;;Alto;JUNDIAI;SAO PAULO;-23,18675;-46,974917;Ativa;21/03/2026 20:28
60619202004054;MESSER GASES LTDA;15;Indústria Química;1;Produção de substâncias e fabricação de produtos químicos;02/07/2012;;Alto;LENCOIS PAULISTA;SAO PAULO;-22,568556;-48,816667;Ativa;21/03/2026 20:28
60619202004801;MESSER GASES LTDA;15;Indústria Química;1;Produção de substâncias e fabricação de produtos químicos;01/01/2005;;Alto;CUBATAO;SAO PAULO;-23,862667;-46,413889;Ativa;21/03/2026 20:28
60619202005700;MESSER GASES LTDA;15;Indústria Química;1;Produção de substâncias e fabricação de produtos químicos;01/01/2001;;Alto;BAURU;SAO PAULO;-22,308528;-49,030083;Ativa;21/03/2026 20:28
60621141000668;WEG TINTAS LTDA;15;Indústria Química;1;Produção de substâncias e fabricação de produtos químicos;26/09/2018;;Alto;MAUA;SAO PAULO;-23,692417;-46,464806;Ativa;21/03/2026 20:28
60623253000143;CAROBI IND E COM DE PRODUTOS QUIMICOS LTDA;15;Indústria Química;1;Produção de substâncias e fabricação de produtos químicos;01/01/2001;;Alto;PORTO FELIZ;SAO PAULO;-23,217222;-47,525278;Ativa;21/03/2026 20:28
60659463000191;ACHÉ LABORATÓRIOS FARMACÊUTICOS S/A;15;Indústria Química;1;Produção de substâncias e fabricação de produtos químicos;01/01/2001;;Alto;GUARULHOS;SAO PAULO;-23,493306;-46,521389;Ativa;21/03/2026 20:28
60672920000188;LABORATORIO OKOCHI LTDA;15;Indústria Química;1;Produção de substâncias e fabricação de produtos químicos;24/09/2005;;Alto;RIBEIRAO PIRES;SAO PAULO;-23,689722;-46,3375;Ativa;21/03/2026 20:28
60755519000101;USIQUIMICA DO BRASIL LTDA.;15;Indústria Química;1;Produção de substâncias e fabricação de produtos químicos;01/01/2004;;Alto;GUARULHOS;SAO PAULO;-23,462778;-46,533306;Ativa;21/03/2026 20:28
60758702000160;HMA INDUSTRIA E COMERCIO LTDA;15;Indústria Química;1;Produção de substâncias e fabricação de produtos químicos;05/01/2026;;Alto;MOGI DAS CRUZES;SAO PAULO;-23,522778;-46,187778;Ativa;21/03/2026 20:28
60768421000199;PERFUMARIA ROSENTAL LTDA;15;Indústria Química;1;Produção de substâncias e fabricação de produtos químicos;01/01/2013;;Alto;SAO PAULO;SAO PAULO;-23,516389;-46,615278;Ativa;21/03/2026 20:28
60776788000154;QUIRIOS PRODUTOS QUIMICOS LTDA;15;Indústria Química;1;Produção de substâncias e fabricação de produtos químicos;01/01/2001;;Alto;BARUERI;SAO PAULO;-23,489983;-46,886139;Ativa;21/03/2026 20:28
60819919000133;IRMÃOS FRANCCAROLI;15;Indústria Química;1;Produção de substâncias e fabricação de produtos químicos;01/01/2001;;Alto;SAO PAULO;SAO PAULO;-23,521889;-46,664833;Ativa;21/03/2026 20:28
60858131000136;SUALL INDUSTRIA E COMERCIO LTDA;15;Indústria Química;1;Produção de substâncias e fabricação de produtos químicos;01/01/2001;;Alto;LAVRINHAS;SAO PAULO;-22,491167;-44,867806;Ativa;21/03/2026 20:28
60884459000127;MONTANA QUÍMICA LTDA;15;Indústria Química;1;Produção de substâncias e fabricação de produtos químicos;20/07/1989;;Alto;SAO PAULO;SAO PAULO;-23,663056;-46,720806;Ativa;21/03/2026 20:28
60888260000177;ROBERTET DO BRASIL INDUSTRIA E COMERCIO LTDA;15;Indústria Química;1;Produção de substâncias e fabricação de produtos químicos;01/04/2003;10/04/2003;Alto;BARUERI;SAO PAULO;-23,506056;-46,867667;Ativa;21/03/2026 20:28
60910023000165;INDUSTRIA DE TINTAS IRAJA LTDA;15;Indústria Química;1;Produção de substâncias e fabricação de produtos químicos;01/01/2001;;Alto;SAO PAULO;SAO PAULO;-23,604417;-46,462806;Ativa;21/03/2026 20:28
60928355000177;ANTICORROSIVA DO BRASIL LTDA;15;Indústria Química;1;Produção de substâncias e fabricação de produtos químicos;29/12/2011;24/09/2015;Alto;RIBEIRAO PRETO;SAO PAULO;-21,1775;-47,810278;Ativa;21/03/2026 20:28
60935608000482;COSMOQUÍMICA INDÚSTRIA E COMÉRCIO S.A;15;Indústria Química;1;Produção de substâncias e fabricação de produtos químicos;04/09/2020;;Alto;BARUERI;SAO PAULO;-23,510056;-46,908806;Ativa;21/03/2026 20:28
61064838014002;SAINT-GOBAIN DO BRASIL PRODS INDS E CONST LTDA.;15;Indústria Química;1;Produção de substâncias e fabricação de produtos químicos;01/01/2013;;Alto;MOGI DAS CRUZES;SAO PAULO;-23,525778;-46,214;Ativa;21/03/2026 20:28
61064838016560;SAINT GOBAIN DO BRASIL PRODUTOS INDUSTRIAIS E PARA CONSTRUÇÃO LTDA;15;Indústria Química;1;Produção de substâncias e fabricação de produtos químicos;29/04/2020;;Alto;EMBU;SAO PAULO;-23,667667;-46,854167;Ativa;21/03/2026 20:28
61067930000319;BANN QUÍMICA LTDA;15;Indústria Química;1;Produção de substâncias e fabricação de produtos químicos;01/01/2004;;Alto;PAULINIA;SAO PAULO;-22,759861;-47,121611;Ativa;21/03/2026 20:28
61079232000503;COMPANHIA BRASILEIRA DE ESTIRENO;15;Indústria Química;1;Produção de substâncias e fabricação de produtos químicos;01/10/2009;;Alto;SAO JOSE DOS CAMPOS;SAO PAULO;-23,243694;-45,938917;Ativa;21/03/2026 20:28
61079232000686;COMPANHIA BRASILEIRA DE ESTIRENO SA.;15;Indústria Química;1;Produção de substâncias e fabricação de produtos químicos;05/01/2011;;Alto;GUARUJA;SAO PAULO;-23,978556;-46,276389;Ativa;21/03/2026 20:28
61081683000143;QUIMICA SOLUBRAS INDUSTRIA E COMERCIO DE ANTIFERRUGINOSOS LTDA;15;Indústria Química;1;Produção de substâncias e fabricação de produtos químicos;01/01/2001;;Alto;ITUPEVA;SAO PAULO;-23,153056;-47,057778;Ativa;21/03/2026 20:28
61086823000176;CELM - CIA. EQUIPADORA DE LABORATÓRIOS MODERNOS;15;Indústria Química;1;Produção de substâncias e fabricação de produtos químicos;01/01/2001;;Alto;SAO CAETANO DO SUL;SAO PAULO;-23,649292;-46,569517;Ativa;21/03/2026 20:28
61136149000197;INBRA INDUSTRIAS QUIMICAS LTDA;15;Indústria Química;1;Produção de substâncias e fabricação de produtos químicos;01/01/2001;;Alto;DIADEMA;SAO PAULO;-23,690083;-46,581889;Ativa;21/03/2026 20:28
61136149000510;INBRA INDÚSTRIAS QUÍMICAS LTDA.;15;Indústria Química;1;Produção de substâncias e fabricação de produtos químicos;01/01/2009;;Alto;ELIAS FAUSTO;SAO PAULO;-23,004889;-47,376389;Ativa;21/03/2026 20:28
61142089001510;DIERBERGER OLEOS ESSENCIAIS S/A;15;Indústria Química;1;Produção de substâncias e fabricação de produtos químicos;21/07/1989;;Alto;BARRA BONITA;SAO PAULO;-22,480833;-48,567778;Ativa;21/03/2026 20:28
61146023000101;PRODUTOS QUÍMICOS SULFANIL LTDA;15;Indústria Química;1;Produção de substâncias e fabricação de produtos químicos;01/01/2001;;Alto;SAO PAULO;SAO PAULO;-23,640139;-46,647778;Ativa;21/03/2026 20:28
61150348000150;CIA. NITRO QUIMICA BRASILEIRA;15;Indústria Química;1;Produção de substâncias e fabricação de produtos químicos;01/01/2001;;Alto;SAO PAULO;SAO PAULO;-23,486056;-46,43725;Ativa;21/03/2026 20:28
61150348000583;COMPANHIA NITRO QUIMICA BRASILEIRA;15;Indústria Química;1;Produção de substâncias e fabricação de produtos químicos;01/11/2019;;Alto;CESARIO LANGE;SAO PAULO;-23,225556;-47,948889;Ativa;21/03/2026 20:28
61167060000198;INDUSTRIA QUIMICA KIMBERLIT LTDA;15;Indústria Química;1;Produção de substâncias e fabricação de produtos químicos;25/04/2024;;Alto;OLIMPIA;SAO PAULO;-20,717028;-48,996889;Ativa;21/03/2026 20:28
61179305000105;TECPUR IND E COM DE POLIURETANO LTDA.;15;Indústria Química;1;Produção de substâncias e fabricação de produtos químicos;31/07/1989;13/11/2012;Alto;MAUA;SAO PAULO;-23,709375;-46,482297;Ativa;21/03/2026 20:28
61186938001023;KODAK BRASILEIRA COM.DE PRODUTOS PARA IMAGEM E SERVIÇOS LTDA;15;Indústria Química;1;Produção de substâncias e fabricação de produtos químicos;01/01/2001;18/04/2006;Alto;SAO JOSE DOS CAMPOS;SAO PAULO;-23,321944;-45,812778;Ativa;21/03/2026 20:28
61188488000117;GIVAUDAN DO BRASIL LTDA;15;Indústria Química;1;Produção de substâncias e fabricação de produtos químicos;01/01/2001;13/12/2006;Alto;SAO PAULO;SAO PAULO;-23,534167;-46,748917;Ativa;21/03/2026 20:28
61198545000149;ROTO FINISH ACABTO DE ARTF DE METAIS LTDA;15;Indústria Química;1;Produção de substâncias e fabricação de produtos químicos;01/01/2001;;Alto;DIADEMA;SAO PAULO;-23,686056;-46,622778;Ativa;21/03/2026 20:28
61211470000199;AGROSYSTEM INDÚSTRIA, COMÉRCIO, IMPORTAÇÃO E EXPORTAÇÃO LTDA.;15;Indústria Química;1;Produção de substâncias e fabricação de produtos químicos;01/01/2003;06/02/2003;Alto;RIBEIRAO PRETO;SAO PAULO;-21,195556;-47,768306;Ativa;21/03/2026 20:28
61288577000216;WALBOR INDUSTRIA E COMERCIO DE TINTAS LTDA;15;Indústria Química;1;Produção de substâncias e fabricação de produtos químicos;01/04/2002;;Alto;GUARULHOS;SAO PAULO;-23,468056;-46,516056;Ativa;21/03/2026 20:28
61293783000133;COLDEMAR RESINAS SINTÉTICAS LTDA;15;Indústria Química;1;Produção de substâncias e fabricação de produtos químicos;01/01/2004;;Alto;VARZEA PAULISTA;SAO PAULO;-23,21425;-46,82305;Ativa;21/03/2026 20:28
61327904000706;IMERYS DO BRASIL COMÉRCIO DE EXTRAÇÃO DE MINÉRIOS LTDA;15;Indústria Química;1;Produção de substâncias e fabricação de produtos químicos;01/10/2003;16/10/2003;Alto;MOGI DAS CRUZES;SAO PAULO;-23,530389;-46,221417;Ativa;21/03/2026 20:28
61360574000165;FIRMENICH & CIA LTDA;15;Indústria Química;1;Produção de substâncias e fabricação de produtos químicos;10/12/2017;;Alto;COTIA;SAO PAULO;-23,594667;-46,864639;Ativa;21/03/2026 20:28
61363032000146;CHIESI FARMACÊUTICA LTDA;15;Indústria Química;1;Produção de substâncias e fabricação de produtos químicos;01/01/2001;03/12/2002;Alto;SANTANA DE PARNAIBA;SAO PAULO;-23,454167;-46,915556;Ativa;21/03/2026 20:28
61375754000110;TECNO PLATING COMÉRCIO DE METAIS LTDA. - ME;15;Indústria Química;1;Produção de substâncias e fabricação de produtos químicos;05/04/2016;;Alto;LIMEIRA;SAO PAULO;-22,566781;-47,400169;Ativa;21/03/2026 20:28
61401675000137;JAMARTIN PRODUTOS AUTOMOTIVOS E INDUSTRIAIS LTDA;15;Indústria Química;1;Produção de substâncias e fabricação de produtos químicos;01/05/2024;;Alto;JUNDIAI;SAO PAULO;-23,153486;-46,936381;Ativa;21/03/2026 20:28
61410528000123;UNIÃO QUÍMICA PAULISTA S/A;15;Indústria Química;1;Produção de substâncias e fabricação de produtos químicos;01/01/2001;;Alto;DIADEMA;SAO PAULO;-23,705389;-46,592417;Ativa;21/03/2026 20:28
61425237000109;DILETA INDUSTRIA E COMERCIO DE PRODUTOS QUIMICOS LTDA;15;Indústria Química;1;Produção de substâncias e fabricação de produtos químicos;30/10/2003;;Alto;SAO PAULO;SAO PAULO;-23,52075;-46,57225;Ativa;21/03/2026 20:28
61434288000105;CAPUANI DO BRASIL S/A;15;Indústria Química;1;Produção de substâncias e fabricação de produtos químicos;01/01/2001;;Alto;TIETE;SAO PAULO;-22,998056;-47,718;Ativa;21/03/2026 20:28
61451290000184;CAQ - CASA DA QUIMICA IND. E COM. LTDA.;15;Indústria Química;1;Produção de substâncias e fabricação de produtos químicos;01/01/2001;;Alto;DIADEMA;SAO PAULO;-23,698056;-46,609444;Ativa;21/03/2026 20:28
61460325000494;UNIPAR INDUPA DO BRASIL S/A;15;Indústria Química;1;Produção de substâncias e fabricação de produtos químicos;01/01/2001;;Alto;SANTO ANDRE;SAO PAULO;-23,773806;-46,375056;Ativa;21/03/2026 20:28
61465597000134;TAMCO LUBRIFICANTES E DERIVADOS LTDA;15;Indústria Química;1;Produção de substâncias e fabricação de produtos químicos;01/01/2001;;Alto;FRANCO DA ROCHA;SAO PAULO;-23,333333;-46,820103;Ativa;21/03/2026 20:28
61499406000155;FORT-QUIMICA INDUSTRIA E COMERCIO LTDA;15;Indústria Química;1;Produção de substâncias e fabricação de produtos químicos;01/01/2001;;Alto;GUARULHOS;SAO PAULO;-23,461833;-46,480028;Ativa;21/03/2026 20:28
61531398000187;CHEMICON IMPORTAÇÃO INDUSTRIA E COMERCIO LTDA;15;Indústria Química;1;Produção de substâncias e fabricação de produtos químicos;01/04/1963;;Alto;SAO PAULO;SAO PAULO;-23,583683;-46,786947;Ativa;21/03/2026 20:28
61532727000104;PLANET COLOR INDUSTRIA DE TERMOPLASTICOS LTDA;15;Indústria Química;1;Produção de substâncias e fabricação de produtos químicos;01/01/2001;31/12/2012;Alto;FRANCO DA ROCHA;SAO PAULO;-23,325278;-46,677194;Ativa;21/03/2026 20:28
61680740000100;LABRIT'S QUÍMICA LTDA;15;Indústria Química;1;Produção de substâncias e fabricação de produtos químicos;01/01/2001;;Alto;SAO PAULO;SAO PAULO;-23,5475;-46,636056;Ativa;21/03/2026 20:28
61745238000130;ITAQUIM INDUSTRIA E COMERCIO LTDA.;15;Indústria Química;1;Produção de substâncias e fabricação de produtos químicos;12/10/1989;;Alto;CARAPICUIBA;SAO PAULO;-23,525278;-46,855556;Ativa;21/03/2026 20:28
61775474000108;VITORIA QUIMICA TINTAS E ANTICORROSIVOS LTDA.;15;Indústria Química;1;Produção de substâncias e fabricação de produtos químicos;08/08/1978;;Alto;VALINHOS;SAO PAULO;-23,008417;-47,025861;Ativa;21/03/2026 20:28
61913703000103;SENERGEN ENERGIA RENOVAVEL S.A.;15;Indústria Química;1;Produção de substâncias e fabricação de produtos químicos;01/01/2005;;Alto;LORENA;SAO PAULO;-22,742861;-45,109864;Ativa;21/03/2026 20:28
61923017000105;TIRRENO IND. E COM. DE PRODUTOS QUÍMICOS LTDA;15;Indústria Química;1;Produção de substâncias e fabricação de produtos químicos;01/04/2003;07/04/2003;Alto;DIADEMA;SAO PAULO;-23,686056;-46,610556;Ativa;21/03/2026 20:28
61971040000418;QUIMICA ARAGUAYA INDUSTRIA, COMERCIO, IMPORTACAO E EXPORTACAO LTDA;15;Indústria Química;1;Produção de substâncias e fabricação de produtos químicos;18/08/2022;;Alto;ARACARIGUAMA;SAO PAULO;-23,437778;-47,064667;Ativa;21/03/2026 20:28
61976916000176;SINTENAC IND. E COMERC.PROD. SINTETICOS LTDA;15;Indústria Química;1;Produção de substâncias e fabricação de produtos químicos;01/01/2001;;Alto;DIADEMA;SAO PAULO;-23,677333;-46,596;Ativa;21/03/2026 20:28
62152194000106;BETICA COMERCIO IMPORTAÇÃO E EXPORTAÇÃO DE PNEUS LTDA;15;Indústria Química;1;Produção de substâncias e fabricação de produtos químicos;01/01/2024;21/08/2024;Alto;MAUA;SAO PAULO;-23,695944;-46,463222;Ativa;21/03/2026 20:28
62185905000130;VOGLER INGREDIENTS LTDA;15;Indústria Química;1;Produção de substâncias e fabricação de produtos químicos;04/03/2026;;Alto;SAO BERNARDO DO CAMPO;SAO PAULO;-23,724806;-46,595806;Ativa;21/03/2026 20:28
62239488000161;CONTECH PRODUTOS BIODEGRADÁVEIS S.A;15;Indústria Química;1;Produção de substâncias e fabricação de produtos químicos;01/01/2001;;Alto;VALINHOS;SAO PAULO;-23,003917;-47,019889;Ativa;21/03/2026 20:28
62417282000184;ELVIN LUBRIFICANTES INDÚSTRIA E COMÉCIO LTDA.;15;Indústria Química;1;Produção de substâncias e fabricação de produtos químicos;01/01/2001;;Alto;FRANCO DA ROCHA;SAO PAULO;-23,364167;-46,740556;Ativa;21/03/2026 20:28
62462015001010;APSEN FARMACEUTICA S/A;15;Indústria Química;1;Produção de substâncias e fabricação de produtos químicos;17/04/2017;21/11/2017;Alto;SAO PAULO;SAO PAULO;-23,6475;-46,711056;Ativa;21/03/2026 20:28
62534151000187;ANION QUÍMICA INDUSTRIAL LTDA;15;Indústria Química;1;Produção de substâncias e fabricação de produtos químicos;01/01/2002;;Alto;JANDIRA;SAO PAULO;-23,52;-46,924056;Ativa;21/03/2026 20:28
62545686000234;OXITENO S/A INDUSTRIA E COMERCIO;15;Indústria Química;1;Produção de substâncias e fabricação de produtos químicos;01/01/2001;;Alto;MAUA;SAO PAULO;-23,637778;-46,473306;Ativa;21/03/2026 20:28
62545686001125;OXITENO S/A INDÚSTRIA E COMÉRCIO;15;Indústria Química;1;Produção de substâncias e fabricação de produtos químicos;01/01/2001;;Alto;MAUA;SAO PAULO;-23,642778;-46,472167;Ativa;21/03/2026 20:28
62545686001206;OXITENO S/A INDÚSTRIA E COMÉRCIO;15;Indústria Química;1;Produção de substâncias e fabricação de produtos químicos;01/01/2001;;Alto;TREMEMBE;SAO PAULO;-22,969667;-45,558556;Ativa;21/03/2026 20:28
62545686001397;OXITENO S/A INDÚSTRIA E COMÉRCIO;15;Indústria Química;1;Produção de substâncias e fabricação de produtos químicos;02/01/2007;;Alto;SUZANO;SAO PAULO;-23,529167;-46,289167;Ativa;21/03/2026 20:28
62651955000670;IMCD BRASIL FARMACEUTICOS IMPORTACAO, EXPORTACAO E REPRESENTACOES LTDA.;15;Indústria Química;1;Produção de substâncias e fabricação de produtos químicos;01/10/2022;;Alto;DIADEMA;SAO PAULO;-23,686389;-46,623306;Ativa;21/03/2026 20:28
62695036004009;EVONIK BRASIL LTDA;15;Indústria Química;1;Produção de substâncias e fabricação de produtos químicos;01/01/2001;;Alto;AMERICANA;SAO PAULO;-22,703556;-47,349667;Ativa;21/03/2026 20:28
62728993000170;RESIMAPI PRODUTOS QUIMICOS LTDA;15;Indústria Química;1;Produção de substâncias e fabricação de produtos químicos;01/01/2001;25/03/2003;Alto;SAO PAULO;SAO PAULO;-23,541031;-46,603494;Ativa;21/03/2026 20:28
62728993000331;RESIMAPI PRODUTOS QUIMICOS LTDA.;15;Indústria Química;1;Produção de substâncias e fabricação de produtos químicos;01/01/2001;;Alto;ARUJA;SAO PAULO;-23,409008;-46,357786;Ativa;21/03/2026 20:28
62909239000136;MAMPOL QUIMICA LTDA;15;Indústria Química;1;Produção de substâncias e fabricação de produtos químicos;09/05/1990;;Alto;SAO PAULO;SAO PAULO;-23,600833;-46,591389;Ativa;21/03/2026 20:28
63025530008199;FAC. FILOSOFIA, CIÊNCIAS E LETRAS DE RIBEIRÃO PRETO/USP;15;Indústria Química;1;Produção de substâncias e fabricação de produtos químicos;14/06/2017;19/07/2017;Alto;RIBEIRAO PRETO;SAO PAULO;-21,125444;-47,768556;Ativa;21/03/2026 20:28
63034037000150;INDÚSTRIA QUÍMICA DEL MONTE LTDA;15;Indústria Química;1;Produção de substâncias e fabricação de produtos químicos;01/01/2001;;Alto;DIADEMA;SAO PAULO;-23,688444;-46,603528;Ativa;21/03/2026 20:28
63067904000235;LIFE TECHNOLOGIES BRASIL COM. E IND. DE PRODUTOS PARA BIOTECNOLOGIA LTDA;15;Indústria Química;1;Produção de substâncias e fabricação de produtos químicos;02/02/2010;;Alto;SAO PAULO;SAO PAULO;-23,597778;-46,621056;Ativa;21/03/2026 20:28
63082325000180;SUPERGAUSS PRODUTOS MAGNETICOS LTDA;15;Indústria Química;1;Produção de substâncias e fabricação de produtos químicos;01/01/2001;27/03/2003;Alto;SAO PAULO;SAO PAULO;-23,466083;-46,493889;Ativa;21/03/2026 20:28
64116726000177;MONTENEGRO QUIMICA LTDA;15;Indústria Química;1;Produção de substâncias e fabricação de produtos químicos;11/07/2005;;Alto;PIRACAIA;SAO PAULO;-23,052667;-46,377028;Ativa;21/03/2026 20:28
64170582000137;RINEN IND. E COM. DE PRODUTOS QUIMICOS LTDA;15;Indústria Química;1;Produção de substâncias e fabricação de produtos químicos;09/10/1990;;Alto;SALTINHO;SAO PAULO;-22,851917;-47,687778;Ativa;21/03/2026 20:28
64645096000128;SENDER OIL INDÚSTRIA E COMÉRCIO LTDA;15;Indústria Química;1;Produção de substâncias e fabricação de produtos químicos;01/01/2004;;Alto;SAO CARLOS;SAO PAULO;-21,987856;-47,899831;Ativa;21/03/2026 20:28
64708407000150;BRUMMA COMERCIAL E INDUSTRIAL DE PRODUTOS QUIMICOS LTDA;15;Indústria Química;1;Produção de substâncias e fabricação de produtos químicos;01/01/2001;;Alto;PINDAMONHANGABA;SAO PAULO;-22,973778;-45,462139;Ativa;21/03/2026 20:28
64747280000189;MAXIOIL DO BRASIL IND E COM DE PRODUTOS QUÍMICOS LTDA;15;Indústria Química;1;Produção de substâncias e fabricação de produtos químicos;01/01/2001;;Alto;SAO BERNARDO DO CAMPO;SAO PAULO;-23,727778;-46,595556;Ativa;21/03/2026 20:28
64815806000110;SUZAQUIM INDÚSTRIAS QUÍMICAS LTDA.;15;Indústria Química;1;Produção de substâncias e fabricação de produtos químicos;01/01/2001;;Alto;SUZANO;SAO PAULO;-23,576389;-46,301389;Ativa;21/03/2026 20:28
64822885000197;QEEL - QUIMICA ESPECIALIZADA ERICH LTDA.;15;Indústria Química;1;Produção de substâncias e fabricação de produtos químicos;01/01/2001;;Alto;SAO PAULO;SAO PAULO;-23,642806;-46,732139;Ativa;21/03/2026 20:28
64909344000109;VET-LIFE PRODUTOS VETERINARIOS LTDA EPP;15;Indústria Química;1;Produção de substâncias e fabricação de produtos químicos;21/11/1990;31/10/2016;Alto;NOVA ODESSA;SAO PAULO;-22,804458;-47,281722;Ativa;21/03/2026 20:28
64949480000114;L'ESSENCE INDUSTRIA E COMERCIO LTDA;15;Indústria Química;1;Produção de substâncias e fabricação de produtos químicos;09/08/2011;;Alto;ITAQUAQUECETUBA;SAO PAULO;-23,457406;-46,329908;Ativa;21/03/2026 20:28
64989601000151;CHEMAX INDUSTRIA E COMERCIO LTDA;15;Indústria Química;1;Produção de substâncias e fabricação de produtos químicos;02/01/2004;;Alto;ITAPEVI;SAO PAULO;-23,523228;-46,924411;Ativa;21/03/2026 20:28
65017931000148;DATA QUIMICA INDUSTRIA E COMERCIO LTDA;15;Indústria Química;1;Produção de substâncias e fabricação de produtos químicos;01/01/2001;;Alto;SANTOS;SAO PAULO;-23,959556;-46,309806;Ativa;21/03/2026 20:28
65426538000108;COIM BRASIL LTDA.;15;Indústria Química;1;Produção de substâncias e fabricação de produtos químicos;01/07/2002;;Alto;VINHEDO;SAO PAULO;-23,029722;-46,974444;Ativa;21/03/2026 20:28
65603714000482;ARUÁ COMÉRCIO E SERVIÇOS LTDA.;15;Indústria Química;1;Produção de substâncias e fabricação de produtos químicos;01/01/2018;;Alto;MATAO;SAO PAULO;-21,632667;-48,367306;Ativa;21/03/2026 20:28
65714164000479;ICOBIT IMPERMEABILIZANTES LTDA;15;Indústria Química;1;Produção de substâncias e fabricação de produtos químicos;20/03/2019;;Alto;MOGI GUACU;SAO PAULO;-22,29525;-46,971917;Ativa;21/03/2026 20:28
65865057000107;LUMEN QUÍMICA LTDA;15;Indústria Química;1;Produção de substâncias e fabricação de produtos químicos;01/10/2002;;Alto;ROSEIRA;SAO PAULO;-22,890778;-45,338539;Ativa;21/03/2026 20:28
66138827000174;OXILITE QUIMICA LTDA. EPP;15;Indústria Química;1;Produção de substâncias e fabricação de produtos químicos;26/06/1991;;Alto;DIADEMA;SAO PAULO;-23,683333;-46,606111;Ativa;21/03/2026 20:28
66156852000180;BIG CROMO INDUSTRIA E COMERCIO, IMPORTACAO E EXPORTACAO LTDA;15;Indústria Química;1;Produção de substâncias e fabricação de produtos químicos;14/05/2014;;Alto;COTIA;SAO PAULO;-23,596;-46,82025;Ativa;21/03/2026 20:28
66703745000125;RESICRYL INDUSTRIA E COMERCIO LTDA;15;Indústria Química;1;Produção de substâncias e fabricação de produtos químicos;01/01/2001;;Alto;ARACARIGUAMA;SAO PAULO;-23,423889;-47,105278;Ativa;21/03/2026 20:28
66715459000856;ANIDRO DO BRASIL EXTRACOES S.A.;15;Indústria Química;1;Produção de substâncias e fabricação de produtos químicos;21/08/2024;;Alto;BOTUCATU;SAO PAULO;-22,82085;-48,46065;Ativa;21/03/2026 20:28
66773482000120;MELTCHEM POLIMEROS INDUSTRIA QUIMICA LTDA;15;Indústria Química;1;Produção de substâncias e fabricação de produtos químicos;26/08/1991;01/04/2009;Alto;TABOAO DA SERRA;SAO PAULO;-23,631842;-46,815786;Ativa;21/03/2026 20:28
66805425000186;TREMEMBE INDUSTRIAS QUIMICAS LTDA.;15;Indústria Química;1;Produção de substâncias e fabricação de produtos químicos;01/07/2001;;Alto;TAUBATE;SAO PAULO;-22,993056;-45,513056;Ativa;21/03/2026 20:28
66851494000126;SODA QUÍMICA INDÚSTRIA E COMÉRCIO LTDA;15;Indústria Química;1;Produção de substâncias e fabricação de produtos químicos;01/01/2001;;Alto;SUMARE;SAO PAULO;-22,851472;-47,166667;Ativa;21/03/2026 20:28
67080838000103;GRAX LUBRIFICANTES ESPECIAIS;15;Indústria Química;1;Produção de substâncias e fabricação de produtos químicos;01/01/2001;;Alto;MAUA;SAO PAULO;-23,630167;-46,483306;Ativa;21/03/2026 20:28
67287409000101;KUALITY PRODUTOS QUIMICOS LTDA;15;Indústria Química;1;Produção de substâncias e fabricação de produtos químicos;01/01/2001;23/01/2015;Alto;SALTO;SAO PAULO;-23,202778;-47,286389;Ativa;21/03/2026 20:28
67423152000178;IBG INDUSTRIA BRASILEIRA DE GASES LTDA;15;Indústria Química;1;Produção de substâncias e fabricação de produtos químicos;01/01/2000;;Alto;JUNDIAI;SAO PAULO;-23,167694;-46,92825;Ativa;21/03/2026 20:28
67423152000330;IBG INDUSTRIA BRASILEIRA DE GASES LTDA;15;Indústria Química;1;Produção de substâncias e fabricação de produtos químicos;08/09/2022;;Alto;TAUBATE;SAO PAULO;-23,047194;-45,614167;Ativa;21/03/2026 20:28
67423152000844;IBG INDUSTRIA BRASILEIRA DE GASES LTDA.;15;Indústria Química;1;Produção de substâncias e fabricação de produtos químicos;20/07/2022;;Alto;SAO JOSE DO RIO PRETO;SAO PAULO;-20,8075;-49,419167;Ativa;21/03/2026 20:28
67432930000195;J.J. COMERCIO IMPORTACAO EXPORTACAO E REPRESENTACOES LTDA;15;Indústria Química;1;Produção de substâncias e fabricação de produtos químicos;18/06/2018;;Alto;SAO PAULO;SAO PAULO;-23,658417;-46,652917;Ativa;21/03/2026 20:28
67533778000137;FENIX AGRO-PECUS INDUSTRIAL LTDA;15;Indústria Química;1;Produção de substâncias e fabricação de produtos químicos;22/09/2006;;Alto;TIETE;SAO PAULO;-22,929167;-47,717222;Ativa;21/03/2026 20:28
67548693000122;HIGHCHEM COMERCIO E INDUSTRIA DE PRODUTOS QUIMICOS;15;Indústria Química;1;Produção de substâncias e fabricação de produtos químicos;12/07/2011;;Alto;ITATIBA;SAO PAULO;-23,020556;-46,8375;Ativa;21/03/2026 20:28
67597989000133;RUDOLF BRASIL LTDA;15;Indústria Química;1;Produção de substâncias e fabricação de produtos químicos;23/04/2003;;Alto;BARUERI;SAO PAULO;-23,516667;-46,883278;Ativa;21/03/2026 20:28
67610089000189;RHOMICROM INDUSTRIA E COMERCIO LTDA;15;Indústria Química;1;Produção de substâncias e fabricação de produtos químicos;01/01/2001;;Alto;CAPIVARI;SAO PAULO;-22,9775;-47,506667;Ativa;21/03/2026 20:28
67666834000101;GARDEN QUIMICA INDUSTRIA E COMERCIO EIRELI;15;Indústria Química;1;Produção de substâncias e fabricação de produtos químicos;31/01/2012;03/02/2023;Alto;GUARULHOS;SAO PAULO;-23,462778;-46,533306;Ativa;21/03/2026 20:28
67666834000373;GARDEN QUIMICA INDUSTRIA E COMERCIO LTDA;15;Indústria Química;1;Produção de substâncias e fabricação de produtos químicos;19/08/2021;;Alto;GUARULHOS;SAO PAULO;-23,464167;-46,438889;Ativa;21/03/2026 20:28
67677823000127;GALVAMIT QUIMICA LTDA;15;Indústria Química;1;Produção de substâncias e fabricação de produtos químicos;01/04/2003;;Alto;MAUA;SAO PAULO;-23,659139;-46,438917;Ativa;21/03/2026 20:28
67742023000142;SLIP QUÍMICA INDÚSTRIA E COMÉRCIO LTDA;15;Indústria Química;1;Produção de substâncias e fabricação de produtos químicos;01/01/2001;;Alto;SAO BERNARDO DO CAMPO;SAO PAULO;-23,711844;-46,594717;Ativa;21/03/2026 20:28
67769935000108;ELECTROCHEMICAL INDUSTRIA E COMERCIO DE PROD QUIMICOS LTDA;15;Indústria Química;1;Produção de substâncias e fabricação de produtos químicos;13/01/2022;;Alto;GUARULHOS;SAO PAULO;-23,494167;-46,552556;Ativa;21/03/2026 20:28
67844183000100;RTT SOLUCOES INDUSTRIAIS LTDA;15;Indústria Química;1;Produção de substâncias e fabricação de produtos químicos;15/07/2003;;Alto;ATIBAIA;SAO PAULO;-23,044722;-46,665833;Ativa;21/03/2026 20:28
67845305000175;V.C.I. BRASIL INDUSTRIA E COMERCIO DE EMBALAGENS LTDA;15;Indústria Química;1;Produção de substâncias e fabricação de produtos químicos;09/03/2011;;Alto;BAURU;SAO PAULO;-22,380139;-49,030167;Ativa;21/03/2026 20:28
67865881000184;REBARBABRILHO INDUSTRIA E COMERCIO LTDA;15;Indústria Química;1;Produção de substâncias e fabricação de produtos químicos;14/05/1992;06/08/2015;Alto;DIADEMA;SAO PAULO;-23,7;-46,618306;Ativa;21/03/2026 20:28
67889550000184;TOPGEL INDUSTRIAL LTDA;15;Indústria Química;1;Produção de substâncias e fabricação de produtos químicos;31/07/2020;;Alto;SAO PAULO;SAO PAULO;-23,662303;-46,715689;Ativa;21/03/2026 20:28
67899443000137;AUTOPLAST LUBFLON COM. E IND. LTDA;15;Indústria Química;1;Produção de substâncias e fabricação de produtos químicos;01/01/2001;21/03/2002;Alto;MOGI GUACU;SAO PAULO;-22,348375;-46,948356;Ativa;21/03/2026 20:28
68060193000100;NICROM QUIMICA LTDA;15;Indústria Química;1;Produção de substâncias e fabricação de produtos químicos;01/01/2003;05/04/2010;Alto;SANTANA DE PARNAIBA;SAO PAULO;-23,472419;-46,828322;Ativa;21/03/2026 20:28
68065663000128;SAN GROUP BIOTECH BRASIL LTDA;15;Indústria Química;1;Produção de substâncias e fabricação de produtos químicos;27/05/1992;;Alto;CAMPINAS;SAO PAULO;-22,934389;-47,194;Ativa;21/03/2026 20:28
68149459000195;HILLMAN PRODUTOS QUIMICOS LTDA;15;Indústria Química;1;Produção de substâncias e fabricação de produtos químicos;01/04/2002;;Alto;SANTO ANDRE;SAO PAULO;-23,626917;-46,538306;Ativa;21/03/2026 20:28
68182898000108;SJ PRODUTOS QUIMICOS LTDA;15;Indústria Química;1;Produção de substâncias e fabricação de produtos químicos;24/07/1992;;Alto;RIBEIRAO PRETO;SAO PAULO;-21,134719;-47,780514;Ativa;21/03/2026 20:28
68184290000104;VEROMAR INDÚSTRIA E COMÉRCIO DE PRODUTOS PARA AQUICULTURA LTDA. ME;15;Indústria Química;1;Produção de substâncias e fabricação de produtos químicos;26/10/2018;;Alto;CAMPINAS;SAO PAULO;-22,825325;-47,098106;Ativa;21/03/2026 20:28
68210657000117;DINAMICA QUIMICA CONTEMPORANEA LTDA;15;Indústria Química;1;Produção de substâncias e fabricação de produtos químicos;26/01/2012;;Alto;INDAIATUBA;SAO PAULO;-23,1075;-47,201389;Ativa;21/03/2026 20:28
68219435000165;BIOSAN - INDUSTRIA E COMERCIO LTDA;15;Indústria Química;1;Produção de substâncias e fabricação de produtos químicos;31/01/2019;;Alto;PIRACICABA;SAO PAULO;-22,750514;-47,614178;Ativa;21/03/2026 20:28
68242361000188;CASSEMA INDÚSTRIA E COMÉRCIO DE PRODUTOS TEXTEIS LTDA-EPP;15;Indústria Química;1;Produção de substâncias e fabricação de produtos químicos;01/01/2013;;Alto;GUARULHOS;SAO PAULO;-23,473306;-46,443056;Ativa;21/03/2026 20:28
68264696000105;ALFACLEANER IND ECOM LTDA;15;Indústria Química;1;Produção de substâncias e fabricação de produtos químicos;01/07/2003;;Alto;OSASCO;SAO PAULO;-23,486944;-46,77925;Ativa;21/03/2026 20:28
68271717000101;RESINAR MATERIAIS COMPOSTOS LTDA;15;Indústria Química;1;Produção de substâncias e fabricação de produtos químicos;16/07/1992;29/05/2014;Alto;DIADEMA;SAO PAULO;-23,730028;-46,669917;Ativa;21/03/2026 20:28
68377894000177;QUÍMICA INDUSTRIAL SUPPLY LTDA;15;Indústria Química;1;Produção de substâncias e fabricação de produtos químicos;01/01/2001;;Alto;TAPIRAI;SAO PAULO;-23,963556;-47,507167;Ativa;21/03/2026 20:28
68399591000155;ATTON INDÚSTRIA E COMÉRCIO DE PRODUTOS QUÍMICOS LTDA;15;Indústria Química;1;Produção de substâncias e fabricação de produtos químicos;26/08/1992;;Alto;SAO CAETANO DO SUL;SAO PAULO;-23,627667;-46,572306;Ativa;21/03/2026 20:28
68867142000194;POLI-CONTROL - INSTRUMENTOS DE CONTROLE AMBIENTAL INDUSTRIA E COMERCIO LTDA.;15;Indústria Química;1;Produção de substâncias e fabricação de produtos químicos;01/01/2023;;Alto;DIADEMA;SAO PAULO;-23,697056;-46,615528;Ativa;21/03/2026 20:28
68946524000618;BTECH TECNOLOGIAS AGROPECUARIAS E COMERCIO LTDA;15;Indústria Química;1;Produção de substâncias e fabricação de produtos químicos;01/04/2023;;Alto;INDAIATUBA;SAO PAULO;-23,138556;-47,233306;Ativa;21/03/2026 20:28
68966035000113;RETILOX QUÍMICA ESPECIAL LTDA.;15;Indústria Química;1;Produção de substâncias e fabricação de produtos químicos;21/10/1992;;Alto;SANTANA DE PARNAIBA;SAO PAULO;-23,403306;-46,883056;Ativa;21/03/2026 20:28
69012631000127;GAP QUÍMICA LTDA.;15;Indústria Química;1;Produção de substâncias e fabricação de produtos químicos;01/01/2001;;Alto;GUARULHOS;SAO PAULO;-23,468583;-46,46825;Ativa;21/03/2026 20:28
69031953000628;MINERALS TECHNOLOGIES DO BRASIL COMERCIO E INDUSTRIA DE MINERAIS LTDA.;15;Indústria Química;1;Produção de substâncias e fabricação de produtos químicos;16/01/2004;;Alto;LUIS ANTONIO;SAO PAULO;-21,574894;-47,916286;Ativa;21/03/2026 20:28
69031953000709;MINERALS TECHNOLOGIES DO BRASIL COMERCIO E INDÚSTRIA DE MINERAIS LTDA.;15;Indústria Química;1;Produção de substâncias e fabricação de produtos químicos;16/01/2004;;Alto;JACAREI;SAO PAULO;-23,373825;-46,024983;Ativa;21/03/2026 20:28
69031953000890;MINERALS TECHNOLOGIES DO BRASIL COMERCIO E INDUSTRIA DE MINERAIS LTDA;15;Indústria Química;1;Produção de substâncias e fabricação de produtos químicos;16/01/2004;;Alto;SUZANO;SAO PAULO;-23,543056;-46,275556;Ativa;21/03/2026 20:28
69043867000120;PERIN & CIA. LTDA.;15;Indústria Química;1;Produção de substâncias e fabricação de produtos químicos;02/12/2010;21/01/2014;Alto;RIBEIRAO PRETO;SAO PAULO;-21,171417;-47,809389;Ativa;21/03/2026 20:28
69117661000106;ENGECLEAN PRODUTOS QUIMICOS E SERVIÇOS LTDA;15;Indústria Química;1;Produção de substâncias e fabricação de produtos químicos;10/03/1993;;Alto;RIBEIRAO PRETO;SAO PAULO;-21,194983;-47,767711;Ativa;21/03/2026 20:28
69170462000668;BARENTZ BRASIL DISTRIBUIDORA LTDA;15;Indústria Química;1;Produção de substâncias e fabricação de produtos químicos;01/01/2025;;Alto;OSASCO;SAO PAULO;-23,5325;-46,791667;Ativa;21/03/2026 20:28
69198356000188;SANILAR COMERCIAL LTDA;15;Indústria Química;1;Produção de substâncias e fabricação de produtos químicos;18/05/2023;;Alto;GUARULHOS;SAO PAULO;-23,474889;-46,46025;Ativa;21/03/2026 20:28
69212280000106;UNIKRAFHT COMERCIO DE PRODUTOS QUIMICOS LTDA;15;Indústria Química;1;Produção de substâncias e fabricação de produtos químicos;01/01/2001;;Alto;SAO PAULO;SAO PAULO;-23,512889;-46,71925;Ativa;21/03/2026 20:28
69217859000153;PROFINISH - INDUSTRIA E COMERCIO LTDA;15;Indústria Química;1;Produção de substâncias e fabricação de produtos químicos;01/01/2001;;Alto;GUARATINGUETA;SAO PAULO;-22,779167;-45,162167;Ativa;21/03/2026 20:28
69259182000116;C Q A COMERCIAL QUÍMICA AMERICANA LTDA;15;Indústria Química;1;Produção de substâncias e fabricação de produtos químicos;10/10/2023;14/05/2025;Alto;PAULINIA;SAO PAULO;-22,79725;-47,121389;Ativa;21/03/2026 20:28
71428908000149;POLKING COMERCIO LTDA;15;Indústria Química;1;Produção de substâncias e fabricação de produtos químicos;03/11/2005;;Alto;RESTINGA;SAO PAULO;-20,596339;-47,472658;Ativa;21/03/2026 20:28
71595748000394;NUCLEO QUIMIA ADITIVOS LTDA;15;Indústria Química;1;Produção de substâncias e fabricação de produtos químicos;30/12/2023;;Alto;SALTO DE PIRAPORA;SAO PAULO;-23,651322;-47,586353;Ativa;21/03/2026 20:28
71676001000107;ORIENTALTEC INDUSTRIA E COMERCIO LTDA;15;Indústria Química;1;Produção de substâncias e fabricação de produtos químicos;14/02/2012;;Alto;SAO BERNARDO DO CAMPO;SAO PAULO;-23,650583;-46,566333;Ativa;21/03/2026 20:28
71676001000280;ORIENTALTEC INDUSTRIA E COMERCIO LTDA;15;Indústria Química;1;Produção de substâncias e fabricação de produtos químicos;01/01/2013;;Alto;ITUPEVA;SAO PAULO;-23,176278;-47,050139;Ativa;21/03/2026 20:28
71676001000360;ORIENTALTEC INDUSTRIA E COMERCIO LTDA;15;Indústria Química;1;Produção de substâncias e fabricação de produtos químicos;26/01/2017;16/07/2018;Alto;SAO BERNARDO DO CAMPO;SAO PAULO;-23,671669;-46,574806;Ativa;21/03/2026 20:28
71806491000100;ACQUA PLUS PRODUTOS QUIMICOS LTDA;15;Indústria Química;1;Produção de substâncias e fabricação de produtos químicos;25/06/1993;;Alto;SUZANO;SAO PAULO;-23,577472;-46,297389;Ativa;21/03/2026 20:28
71844781000149;POLIPOX IND E COM LTDA;15;Indústria Química;1;Produção de substâncias e fabricação de produtos químicos;06/01/2014;;Alto;CESARIO LANGE;SAO PAULO;-23,21675;-47,950028;Ativa;21/03/2026 20:28
71913537000190;QUALITYTEC INDUSTRIA E COMERCIO DE PRODUTOS QUIMICOS LTDA;15;Indústria Química;1;Produção de substâncias e fabricação de produtos químicos;02/01/2017;;Alto;FRANCA;SAO PAULO;-20,543333;-47,438611;Ativa;21/03/2026 20:28
71915334000486;SUZANIL PRODUTOS QUÍMICOS LTDA;15;Indústria Química;1;Produção de substâncias e fabricação de produtos químicos;20/12/2001;;Alto;ITAQUAQUECETUBA;SAO PAULO;-23,420806;-46,3495;Ativa;21/03/2026 20:28
71917595000192;AMICIL S/A - INDUSTRIA, COMÉRCIO E IMPORTAÇÃO;15;Indústria Química;1;Produção de substâncias e fabricação de produtos químicos;01/01/2001;;Alto;GUARULHOS;SAO PAULO;-23,395556;-46,320556;Ativa;21/03/2026 20:28
72279961000198;INDÚSTRIAS QUÍMICAS TAUBATÉ S/A - IQT;15;Indústria Química;1;Produção de substâncias e fabricação de produtos químicos;01/01/2004;;Alto;TAUBATE;SAO PAULO;-23,020278;-45,584444;Ativa;21/03/2026 20:28
72770878000389;BRASILUX TINTAS TÉCNICAS LTDA;15;Indústria Química;1;Produção de substâncias e fabricação de produtos químicos;30/01/2014;;Alto;MATAO;SAO PAULO;-21,627492;-48,379114;Ativa;21/03/2026 20:28
72807043000194;LABORLAB PRODUTOS PARA LABORATÓRIOS LTDA.;15;Indústria Química;1;Produção de substâncias e fabricação de produtos químicos;19/07/2024;;Alto;GUARULHOS;SAO PAULO;-23,464417;-46,526667;Ativa;21/03/2026 20:28
72814163000119;QUIMICOR COMERCIAL E INDUSTRIAL LTDA;15;Indústria Química;1;Produção de substâncias e fabricação de produtos químicos;20/09/1993;;Alto;VARGEM GRANDE PAULISTA;SAO PAULO;-23,617431;-47,044561;Ativa;21/03/2026 20:28
72819618000199;GAMA GASES ESPECIAIS LTDA;15;Indústria Química;1;Produção de substâncias e fabricação de produtos químicos;01/11/1996;;Alto;SAO BERNARDO DO CAMPO;SAO PAULO;-23,721667;-46,604417;Ativa;21/03/2026 20:28
72819618000512;GAMA GASES ESPECIAIS LTDA.;15;Indústria Química;1;Produção de substâncias e fabricação de produtos químicos;19/09/2018;;Alto;RIBEIRAO PRETO;SAO PAULO;-21,167917;-47,81225;Ativa;21/03/2026 20:28
72974637000190;VENEZA HIGIENISTA COMERCIAL LTDA;15;Indústria Química;1;Produção de substâncias e fabricação de produtos químicos;13/10/2011;23/09/2025;Alto;DIADEMA;SAO PAULO;-23,673806;-46,585806;Ativa;21/03/2026 20:28
72977242000140;ELEMENTIS SPECIALTIES DO BRASIL LTDA;15;Indústria Química;1;Produção de substâncias e fabricação de produtos químicos;01/01/2001;;Alto;PALMITAL;SAO PAULO;-22,820528;-50,22025;Ativa;21/03/2026 20:28
73191579000190;JOCLE INDÚSTRIA E COMÉRCIO LTDA;15;Indústria Química;1;Produção de substâncias e fabricação de produtos químicos;24/09/2015;;Alto;SANTA BARBARA D'OESTE;SAO PAULO;-22,777667;-47,3755;Ativa;21/03/2026 20:28
74241019000166;HI TECH INDUSTRIA E COMERCIO LTDA;15;Indústria Química;1;Produção de substâncias e fabricação de produtos químicos;03/01/1994;;Alto;MOGI DAS CRUZES;SAO PAULO;-23,419167;-46,206667;Ativa;21/03/2026 20:28
74304254000130;SILICON QUIMICA LTDA ME;15;Indústria Química;1;Produção de substâncias e fabricação de produtos químicos;02/08/2012;;Alto;JARINU;SAO PAULO;-23,159444;-46,693056;Ativa;21/03/2026 20:28
74382920000158;PROCYTEK INDUSTRIA E COMERCIO LTDA;15;Indústria Química;1;Produção de substâncias e fabricação de produtos químicos;07/02/1994;;Alto;DIADEMA;SAO PAULO;-23,681389;-46,617222;Ativa;21/03/2026 20:28
74481011000177;IBG CRYO INDÚSTRIA DE GASES LTDA;15;Indústria Química;1;Produção de substâncias e fabricação de produtos químicos;01/03/2014;;Alto;DESCALVADO;SAO PAULO;-21,925;-47,588639;Ativa;21/03/2026 20:28
74512831000189;J.L.WOELKE BAURU - EPP;15;Indústria Química;1;Produção de substâncias e fabricação de produtos químicos;01/01/2001;;Alto;AREALVA;SAO PAULO;-22,039556;-48,92875;Ativa;21/03/2026 20:28
74520727000136;PRODUTOS DE LIMPEZA BE LTDA - EPP;15;Indústria Química;1;Produção de substâncias e fabricação de produtos químicos;01/01/2001;14/03/2019;Alto;AMPARO;SAO PAULO;-22,733333;-46,8601;Ativa;21/03/2026 20:28
74586124000137;CAP LAB INDUSTRIA E COMERCIO LTDA;15;Indústria Química;1;Produção de substâncias e fabricação de produtos químicos;02/05/2017;;Alto;MAUA;SAO PAULO;-23,667778;-46,461389;Ativa;21/03/2026 20:28
74616608000181;QUIMANIL CORANTES E AUXILIARES LTDA.;15;Indústria Química;1;Produção de substâncias e fabricação de produtos químicos;04/04/1994;;Alto;SAO PAULO;SAO PAULO;-23,541389;-46,601111;Ativa;21/03/2026 20:28
74640749000130;ADEXA INDÚSTRIA E COMÉRCIO LTDA;15;Indústria Química;1;Produção de substâncias e fabricação de produtos químicos;01/01/2001;;Alto;SAO CAETANO DO SUL;SAO PAULO;-23,623056;-46,551056;Ativa;21/03/2026 20:28
78391612002436;IBQ INDÚSTRIAS QUÍMICAS S/A;15;Indústria Química;1;Produção de substâncias e fabricação de produtos químicos;13/05/2019;;Alto;CAIEIRAS;SAO PAULO;-23,4;-46,782167;Ativa;21/03/2026 20:28
78539780000725;MANCHESTER QUIMICA DO BRASIL S.A;15;Indústria Química;1;Produção de substâncias e fabricação de produtos químicos;01/10/2012;;Alto;RIO CLARO;SAO PAULO;-22,330639;-47,545056;Ativa;21/03/2026 20:28
78668969000203;AVANEX INDUSTRIA E COMERCIO LTDA;15;Indústria Química;1;Produção de substâncias e fabricação de produtos químicos;29/06/2022;;Alto;PARIQUERA-ACU;SAO PAULO;-24,714139;-47,882444;Ativa;21/03/2026 20:28
80696479000262;PROJESAN SANEAMENTO AMBIENTAL LTDA - FILIAL;15;Indústria Química;1;Produção de substâncias e fabricação de produtos químicos;01/10/2020;;Alto;CAPIVARI;SAO PAULO;-22,969167;-47,468556;Ativa;21/03/2026 20:28
81632093001221;AGRICOPEL COMERCIO DE DERIVADOS DE PETROLEO LTDA.;15;Indústria Química;1;Produção de substâncias e fabricação de produtos químicos;26/01/2023;;Alto;ITATIBA;SAO PAULO;-23,061056;-46,843056;Ativa;21/03/2026 20:28
88305859000400;NUTRIEN SOLUÇÕES AGRÍCOLAS LTDA;15;Indústria Química;1;Produção de substâncias e fabricação de produtos químicos;20/07/1989;04/02/2026;Alto;ITAPETININGA;SAO PAULO;-23,625389;-48,042056;Ativa;21/03/2026 20:28
89832034000237;COLAU QUIMICA DO BRASIL LTDA;15;Indústria Química;1;Produção de substâncias e fabricação de produtos químicos;26/09/2011;;Alto;JUQUIA;SAO PAULO;-24,32125;-47,637306;Ativa;21/03/2026 20:28
90810706002821;FERTIPAR FERTILIZANTES DO PARANA LTDA;15;Indústria Química;1;Produção de substâncias e fabricação de produtos químicos;01/07/2010;22/01/2021;Alto;CANITAR;SAO PAULO;-23,007667;-49,777056;Ativa;21/03/2026 20:28
92265552000905;MULTILAB INDUSTRIA E COMERCIO DE PRODUTOS FARMAC LTDA;15;Indústria Química;1;Produção de substâncias e fabricação de produtos químicos;30/06/2021;;Alto;HORTOLANDIA;SAO PAULO;-22,896056;-47,19;Ativa;21/03/2026 20:28
94837598000383;FAXON QUÍMICA LTDA;15;Indústria Química;1;Produção de substâncias e fabricação de produtos químicos;29/12/2011;;Alto;AMERICANA;SAO PAULO;-22,752778;-47,308306;Ativa;21/03/2026 20:28
96206313000684;UMICORE BRASIL LTDA;15;Indústria Química;1;Produção de substâncias e fabricação de produtos químicos;27/08/2001;15/06/2022;Alto;GUARULHOS;SAO PAULO;-23,492306;-46,555667;Ativa;21/03/2026 20:28
96206313000765;UMICORE BRASIL LTDA;15;Indústria Química;1;Produção de substâncias e fabricação de produtos químicos;01/01/2001;;Alto;AMERICANA;SAO PAULO;-22,704167;-47,349639;Ativa;21/03/2026 20:28
96206313000927;UMICORE BRASIL LTDA;15;Indústria Química;1;Produção de substâncias e fabricação de produtos químicos;01/01/2001;;Alto;AMERICANA;SAO PAULO;-22,694667;-47,358306;Ativa;21/03/2026 20:28
96230537000117;VIMAPLAS INDÚSTRIA E COMÉRCIO LTDA;15;Indústria Química;1;Produção de substâncias e fabricação de produtos químicos;30/12/1992;23/11/2016;Alto;BIRIGUI;SAO PAULO;-21,284;-50,362611;Ativa;21/03/2026 20:28
96396288000134;MOGIANA INDUSTRIA DE PRODUTOS QUIMICOS EIRELI;15;Indústria Química;1;Produção de substâncias e fabricação de produtos químicos;30/10/2017;;Alto;RESTINGA;SAO PAULO;-20,592194;-47,469056;Ativa;21/03/2026 20:28
96591128000499;VEOLIA WATER TECHNOLOGIES BRASIL LTDA;15;Indústria Química;1;Produção de substâncias e fabricação de produtos químicos;21/10/2008;;Alto;COTIA;SAO PAULO;-23,603;-46,915306;Ativa;21/03/2026 20:28
97535489000138;POLYMER, INDÚSTRIA, COMÉRCIO, IMPORTAÇÃO E SERVIÇOS LTDA - EPP;15;Indústria Química;1;Produção de substâncias e fabricação de produtos químicos;05/07/2011;;Alto;SAO ROQUE;SAO PAULO;-23,560583;-47,09825;Ativa;21/03/2026 20:28
5919578000160;ITAFOS ARRAIAS MINERACAO E FERTILIZANTES S.A;15;Indústria Química;1;Produção de substâncias e fabricação de produtos químicos;01/07/2013;;Alto;ARRAIAS;TOCANTINS;-12,925278;-46,741667;Ativa;21/03/2026 20:29
27502901000138;E.T. CAMPOS EIRELI;15;Indústria Química;1;Produção de substâncias e fabricação de produtos químicos;02/01/2019;;Alto;ARAGUAINA;TOCANTINS;-7,274778;-48,263944;Ativa;21/03/2026 20:29
35377351000109;TOC CLEAN INDUSTRIA E COMERCIO DE PRODUTOS QUIMICOS LTDA;15;Indústria Química;1;Produção de substâncias e fabricação de produtos químicos;13/05/2021;;Alto;ARAGUAINA;TOCANTINS;-7,177839;-48,224147;Ativa;21/03/2026 20:29
39505049000131;AIR GAS INDÚSTRIA DE COMÉRCIO DE GASES LTDA.;15;Indústria Química;1;Produção de substâncias e fabricação de produtos químicos;21/10/2020;;Alto;ARAGUAINA;TOCANTINS;-7,172242;-48,225542;Ativa;21/03/2026 20:29
59128553004083;STRATURA ASFALTOS LTDA.;15;Indústria Química;1;Produção de substâncias e fabricação de produtos químicos;01/04/2024;;Alto;GURUPI;TOCANTINS;-11,726167;-49,06025;Ativa;21/03/2026 20:29
